Apr 01 22:02:23 fedora kernel: Linux version 6.18.13-100.fc42.x86_64 (mockbuild@f6ea277b1ff34b6a94fb2f1c1d57b668) (gcc (GCC) 15.2.1 20260123 (Red Hat 15.2.1-7), GNU ld version 2.44-12.fc42) #1 SMP PREEMPT_DYNAMIC Thu Feb 19 20:58:08 UTC 2026
Apr 01 22:02:23 fedora kernel: Command line: BOOT_IMAGE=(hd0,gpt2)/vmlinuz-6.18.13-100.fc42.x86_64 root=UUID=a6910cee-009e-4b56-bb0c-1ad780bdf0b6 ro rootflags=subvol=root rhgb quiet rd.driver.blacklist=nouveau,nova_core modprobe.blacklist=nouveau,nova_core
Apr 01 22:02:23 fedora kernel: BIOS-provided physical RAM map:
Apr 01 22:02:23 fedora kernel: BIOS-e820: [mem 0x0000000000000000-0x000000000009efff] usable
Apr 01 22:02:23 fedora kernel: BIOS-e820: [mem 0x000000000009f000-0x00000000000bffff] reserved
Apr 01 22:02:23 fedora kernel: BIOS-e820: [mem 0x0000000000100000-0x0000000009afffff] usable
Apr 01 22:02:23 fedora kernel: BIOS-e820: [mem 0x0000000009b00000-0x0000000009dfffff] reserved
Apr 01 22:02:23 fedora kernel: BIOS-e820: [mem 0x0000000009e00000-0x0000000009efffff] usable
Apr 01 22:02:23 fedora kernel: BIOS-e820: [mem 0x0000000009f00000-0x0000000009f13fff] ACPI NVS
Apr 01 22:02:23 fedora kernel: BIOS-e820: [mem 0x0000000009f14000-0x000000005fdfefff] usable
Apr 01 22:02:23 fedora kernel: BIOS-e820: [mem 0x000000005fdff000-0x000000005fdfffff] reserved
Apr 01 22:02:23 fedora kernel: BIOS-e820: [mem 0x000000005fe00000-0x0000000062313fff] usable
Apr 01 22:02:23 fedora kernel: BIOS-e820: [mem 0x0000000062314000-0x0000000064513fff] reserved
Apr 01 22:02:23 fedora kernel: BIOS-e820: [mem 0x0000000064514000-0x000000006451cfff] usable
Apr 01 22:02:23 fedora kernel: BIOS-e820: [mem 0x000000006451d000-0x000000006451ffff] reserved
Apr 01 22:02:23 fedora kernel: BIOS-e820: [mem 0x0000000064520000-0x000000007072efff] usable
Apr 01 22:02:23 fedora kernel: BIOS-e820: [mem 0x000000007072f000-0x0000000072f2efff] reserved
Apr 01 22:02:23 fedora kernel: BIOS-e820: [mem 0x0000000072f2f000-0x000000007af2efff] ACPI NVS
Apr 01 22:02:23 fedora kernel: BIOS-e820: [mem 0x000000007af2f000-0x000000007affefff] ACPI data
Apr 01 22:02:23 fedora kernel: BIOS-e820: [mem 0x000000007afff000-0x000000007affffff] usable
Apr 01 22:02:23 fedora kernel: BIOS-e820: [mem 0x000000007b000000-0x000000007bffffff] reserved
Apr 01 22:02:23 fedora kernel: BIOS-e820: [mem 0x000000007ce00000-0x000000007fffffff] reserved
Apr 01 22:02:23 fedora kernel: BIOS-e820: [mem 0x00000000a0200000-0x00000000a02fffff] reserved
Apr 01 22:02:23 fedora kernel: BIOS-e820: [mem 0x00000000fed80000-0x00000000fed80fff] reserved
Apr 01 22:02:23 fedora kernel: BIOS-e820: [mem 0x00000000ff000000-0x00000000ffffffff] reserved
Apr 01 22:02:23 fedora kernel: BIOS-e820: [mem 0x0000000100000000-0x000000067e2fffff] usable
Apr 01 22:02:23 fedora kernel: BIOS-e820: [mem 0x000000067f340000-0x00000006a01fffff] reserved
Apr 01 22:02:23 fedora kernel: NX (Execute Disable) protection: active
Apr 01 22:02:23 fedora kernel: APIC: Static calls initialized
Apr 01 22:02:23 fedora kernel: efi: EFI v2.8 by INSYDE Corp.
Apr 01 22:02:23 fedora kernel: efi: ACPI=0x7affe000 ACPI 2.0=0x7affe014 TPMFinalLog=0x7aeef000 SMBIOS=0x71629000 SMBIOS 3.0=0x71627000 MEMATTR=0x6b738018 ESRT=0x6b73de98 MOKvar=0x7182a000 RNG=0x7af78018 TPMEventLog=0x7af6d018 
Apr 01 22:02:23 fedora kernel: random: crng init done
Apr 01 22:02:23 fedora kernel: efi: Remove mem57: MMIO range=[0xa0200000-0xa02fffff] (1MB) from e820 map
Apr 01 22:02:23 fedora kernel: e820: remove [mem 0xa0200000-0xa02fffff] reserved
Apr 01 22:02:23 fedora kernel: efi: Not removing mem58: MMIO range=[0xfed80000-0xfed80fff] (4KB) from e820 map
Apr 01 22:02:23 fedora kernel: efi: Remove mem59: MMIO range=[0xff000000-0xffffffff] (16MB) from e820 map
Apr 01 22:02:23 fedora kernel: e820: remove [mem 0xff000000-0xffffffff] reserved
Apr 01 22:02:23 fedora kernel: efi: Remove mem61: MMIO range=[0x680000000-0x6a01fffff] (514MB) from e820 map
Apr 01 22:02:23 fedora kernel: e820: remove [mem 0x680000000-0x6a01fffff] reserved
Apr 01 22:02:23 fedora kernel: secureboot: Secure boot disabled
Apr 01 22:02:23 fedora kernel: SMBIOS 3.4.0 present.
Apr 01 22:02:23 fedora kernel: DMI: LENOVO 83JC/LNVNB161216, BIOS PQCN25WW 06/26/2025
Apr 01 22:02:23 fedora kernel: DMI: Memory slots populated: 2/2
Apr 01 22:02:23 fedora kernel: tsc: Fast TSC calibration using PIT
Apr 01 22:02:23 fedora kernel: tsc: Detected 3094.285 MHz processor
Apr 01 22:02:23 fedora kernel: e820: update [mem 0x00000000-0x00000fff] usable ==> reserved
Apr 01 22:02:23 fedora kernel: e820: remove [mem 0x000a0000-0x000fffff] usable
Apr 01 22:02:23 fedora kernel: last_pfn = 0x67e300 max_arch_pfn = 0x400000000
Apr 01 22:02:23 fedora kernel: MTRR map: 7 entries (3 fixed + 4 variable; max 20), built from 9 variable MTRRs
Apr 01 22:02:23 fedora kernel: x86/PAT: Configuration [0-7]: WB  WC  UC- UC  WB  WP  UC- WT  
Apr 01 22:02:23 fedora kernel: last_pfn = 0x7b000 max_arch_pfn = 0x400000000
Apr 01 22:02:23 fedora kernel: esrt: Reserving ESRT space from 0x000000006b73de98 to 0x000000006b73df48.
Apr 01 22:02:23 fedora kernel: e820: update [mem 0x6b73d000-0x6b73dfff] usable ==> reserved
Apr 01 22:02:23 fedora kernel: Using GB pages for direct mapping
Apr 01 22:02:23 fedora kernel: secureboot: Secure boot disabled
Apr 01 22:02:23 fedora kernel: RAMDISK: [mem 0x56607000-0x5f648fff]
Apr 01 22:02:23 fedora kernel: ACPI: Early table checksum verification disabled
Apr 01 22:02:23 fedora kernel: ACPI: RSDP 0x000000007AFFE014 000024 (v02 LENOVO)
Apr 01 22:02:23 fedora kernel: ACPI: XSDT 0x000000007AF83228 00018C (v01 LENOVO CB-01    00000001      01000013)
Apr 01 22:02:23 fedora kernel: ACPI: FACP 0x000000007AFE8000 00010C (v05 LENOVO CB-01    00000001 ACPI 00040000)
Apr 01 22:02:23 fedora kernel: ACPI: DSDT 0x000000007AFB9000 028D58 (v01 LENOVO CB-01    00000001 ACPI 00040000)
Apr 01 22:02:23 fedora kernel: ACPI: FACS 0x000000007AE63000 000040
Apr 01 22:02:23 fedora kernel: ACPI: UEFI 0x000000007AF2E000 000236 (v01 LENOVO CB-01    00000001 ACPI 00040000)
Apr 01 22:02:23 fedora kernel: ACPI: SSDT 0x000000007AFFC000 000106 (v02 LENOVO CB-01    00000001 ACPI 00040000)
Apr 01 22:02:23 fedora kernel: ACPI: SSDT 0x000000007AFFB000 000A50 (v02 LENOVO CB-01    00000001 ACPI 00040000)
Apr 01 22:02:23 fedora kernel: ACPI: SSDT 0x000000007AFFA000 000033 (v02 LENOVO CB-01    00000001 ACPI 00040000)
Apr 01 22:02:23 fedora kernel: ACPI: SSDT 0x000000007AFF8000 001003 (v02 LENOVO CB-01    00000001 ACPI 00040000)
Apr 01 22:02:23 fedora kernel: ACPI: SSDT 0x000000007AFEF000 00808B (v02 LENOVO CB-01    00000001 ACPI 00040000)
Apr 01 22:02:23 fedora kernel: ACPI: SSDT 0x000000007AFEE000 0001CC (v01 LENOVO CB-01    00000001 ACPI 00040000)
Apr 01 22:02:23 fedora kernel: ACPI: SSDT 0x000000007AFED000 0008DA (v01 LENOVO CB-01    00000001 ACPI 00040000)
Apr 01 22:02:23 fedora kernel: ACPI: TPM2 0x000000007AFEC000 000034 (v04 LENOVO CB-01    00000001 ACPI 00040000)
Apr 01 22:02:23 fedora kernel: ACPI: MSDM 0x000000007AFEB000 000055 (v03 LENOVO CB-01    00000001 ACPI 00040000)
Apr 01 22:02:23 fedora kernel: ACPI: ASF! 0x000000007AFEA000 0000A5 (v32 LENOVO CB-01    00000001 ACPI 00040000)
Apr 01 22:02:23 fedora kernel: ACPI: BOOT 0x000000007AFE9000 000028 (v01 LENOVO CB-01    00000001 ACPI 00040000)
Apr 01 22:02:23 fedora kernel: ACPI: HPET 0x000000007AFE7000 000038 (v01 LENOVO CB-01    00000001 ACPI 00040000)
Apr 01 22:02:23 fedora kernel: ACPI: APIC 0x000000007AFE6000 000142 (v03 LENOVO CB-01    00000001 ACPI 00040000)
Apr 01 22:02:23 fedora kernel: ACPI: MCFG 0x000000007AFE5000 00003C (v01 LENOVO CB-01    00000001 ACPI 00040000)
Apr 01 22:02:23 fedora kernel: ACPI: SLIC 0x000000007AFE4000 000176 (v01 LENOVO CB-01    00000001 ACPI 00040000)
Apr 01 22:02:23 fedora kernel: ACPI: SSDT 0x000000007AFB8000 000099 (v01 LENOVO CB-01    00000001 ACPI 00040000)
Apr 01 22:02:23 fedora kernel: ACPI: SSDT 0x000000007AFAF000 0075E0 (v01 LENOVO CB-01    00000001 ACPI 00040000)
Apr 01 22:02:23 fedora kernel: ACPI: SSDT 0x000000007AFFD000 0000F8 (v01 LENOVO CB-01    00000001 ACPI 00040000)
Apr 01 22:02:23 fedora kernel: ACPI: SSDT 0x000000007AFA9000 005354 (v02 LENOVO CB-01    00000001 ACPI 00040000)
Apr 01 22:02:23 fedora kernel: ACPI: CRAT 0x000000007AFA8000 000EE8 (v01 LENOVO CB-01    00000001 ACPI 00040000)
Apr 01 22:02:23 fedora kernel: ACPI: CDIT 0x000000007AFA7000 000029 (v01 LENOVO CB-01    00000001 ACPI 00040000)
Apr 01 22:02:23 fedora kernel: ACPI: SSDT 0x000000007AFA6000 0000D3 (v01 LENOVO CB-01    00000001 ACPI 00040000)
Apr 01 22:02:23 fedora kernel: ACPI: SSDT 0x000000007AFA5000 000765 (v01 LENOVO CB-01    00000001 ACPI 00040000)
Apr 01 22:02:23 fedora kernel: ACPI: SSDT 0x000000007AFA4000 0005D9 (v01 LENOVO CB-01    00000001 ACPI 00040000)
Apr 01 22:02:23 fedora kernel: ACPI: SSDT 0x000000007AFA3000 00063A (v01 LENOVO CB-01    00000001 ACPI 00040000)
Apr 01 22:02:23 fedora kernel: ACPI: SSDT 0x000000007AFA1000 001A6C (v01 LENOVO CB-01    00000001 ACPI 00040000)
Apr 01 22:02:23 fedora kernel: ACPI: SSDT 0x000000007AF99000 007EBA (v01 LENOVO CB-01    00000001 ACPI 00040000)
Apr 01 22:02:23 fedora kernel: ACPI: FPDT 0x000000007AF98000 000044 (v01 LENOVO CB-01    00000001 ACPI 00040000)
Apr 01 22:02:23 fedora kernel: ACPI: WSMT 0x000000007AF96000 000028 (v01 LENOVO CB-01    00000001 ACPI 00040000)
Apr 01 22:02:23 fedora kernel: ACPI: SSDT 0x000000007AF93000 0022AF (v01 LENOVO CB-01    00000001 ACPI 00040000)
Apr 01 22:02:23 fedora kernel: ACPI: IVRS 0x000000007AFE3000 000198 (v02 LENOVO CB-01    00000001 ACPI 00040000)
Apr 01 22:02:23 fedora kernel: ACPI: SSDT 0x000000007AFE2000 0007EA (v01 LENOVO CB-01    00000001 ACPI 00040000)
Apr 01 22:02:23 fedora kernel: ACPI: SSDT 0x000000007AF92000 0007EA (v01 LENOVO CB-01    00000001 ACPI 00040000)
Apr 01 22:02:23 fedora kernel: ACPI: SSDT 0x000000007AF91000 000618 (v01 LENOVO CB-01    00000001 ACPI 00040000)
Apr 01 22:02:23 fedora kernel: ACPI: SSDT 0x000000007AF8F000 00130F (v01 LENOVO CB-01    00000001 ACPI 00040000)
Apr 01 22:02:23 fedora kernel: ACPI: SSDT 0x000000007AF8E000 0006DB (v01 LENOVO CB-01    00000001 ACPI 00040000)
Apr 01 22:02:23 fedora kernel: ACPI: SSDT 0x000000007AF84000 00965F (v01 LENOVO CB-01    00000001 ACPI 00040000)
Apr 01 22:02:23 fedora kernel: ACPI: SSDT 0x000000007AF7D000 00502D (v01 LENOVO CB-01    00000001 ACPI 00040000)
Apr 01 22:02:23 fedora kernel: ACPI: SSDT 0x000000007AFB7000 00093F (v01 LENOVO CB-01    00000001 ACPI 00040000)
Apr 01 22:02:23 fedora kernel: ACPI: SSDT 0x000000007AF7C000 0007D7 (v01 LENOVO CB-01    00000001 ACPI 00040000)
Apr 01 22:02:23 fedora kernel: ACPI: SSDT 0x000000007AF7B000 00008D (v01 LENOVO CB-01    00000001 ACPI 00040000)
Apr 01 22:02:23 fedora kernel: ACPI: SSDT 0x000000007AF79000 0010A5 (v01 LENOVO CB-01    00000001 ACPI 00040000)
Apr 01 22:02:23 fedora kernel: ACPI: BGRT 0x000000007AF97000 000038 (v01 LENOVO CB-01    00000001 ACPI 00040000)
Apr 01 22:02:23 fedora kernel: ACPI: Reserving FACP table memory at [mem 0x7afe8000-0x7afe810b]
Apr 01 22:02:23 fedora kernel: ACPI: Reserving DSDT table memory at [mem 0x7afb9000-0x7afe1d57]
Apr 01 22:02:23 fedora kernel: ACPI: Reserving FACS table memory at [mem 0x7ae63000-0x7ae6303f]
Apr 01 22:02:23 fedora kernel: ACPI: Reserving UEFI table memory at [mem 0x7af2e000-0x7af2e235]
Apr 01 22:02:23 fedora kernel: ACPI: Reserving SSDT table memory at [mem 0x7affc000-0x7affc105]
Apr 01 22:02:23 fedora kernel: ACPI: Reserving SSDT table memory at [mem 0x7affb000-0x7affba4f]
Apr 01 22:02:23 fedora kernel: ACPI: Reserving SSDT table memory at [mem 0x7affa000-0x7affa032]
Apr 01 22:02:23 fedora kernel: ACPI: Reserving SSDT table memory at [mem 0x7aff8000-0x7aff9002]
Apr 01 22:02:23 fedora kernel: ACPI: Reserving SSDT table memory at [mem 0x7afef000-0x7aff708a]
Apr 01 22:02:23 fedora kernel: ACPI: Reserving SSDT table memory at [mem 0x7afee000-0x7afee1cb]
Apr 01 22:02:23 fedora kernel: ACPI: Reserving SSDT table memory at [mem 0x7afed000-0x7afed8d9]
Apr 01 22:02:23 fedora kernel: ACPI: Reserving TPM2 table memory at [mem 0x7afec000-0x7afec033]
Apr 01 22:02:23 fedora kernel: ACPI: Reserving MSDM table memory at [mem 0x7afeb000-0x7afeb054]
Apr 01 22:02:23 fedora kernel: ACPI: Reserving ASF! table memory at [mem 0x7afea000-0x7afea0a4]
Apr 01 22:02:23 fedora kernel: ACPI: Reserving BOOT table memory at [mem 0x7afe9000-0x7afe9027]
Apr 01 22:02:23 fedora kernel: ACPI: Reserving HPET table memory at [mem 0x7afe7000-0x7afe7037]
Apr 01 22:02:23 fedora kernel: ACPI: Reserving APIC table memory at [mem 0x7afe6000-0x7afe6141]
Apr 01 22:02:23 fedora kernel: ACPI: Reserving MCFG table memory at [mem 0x7afe5000-0x7afe503b]
Apr 01 22:02:23 fedora kernel: ACPI: Reserving SLIC table memory at [mem 0x7afe4000-0x7afe4175]
Apr 01 22:02:23 fedora kernel: ACPI: Reserving SSDT table memory at [mem 0x7afb8000-0x7afb8098]
Apr 01 22:02:23 fedora kernel: ACPI: Reserving SSDT table memory at [mem 0x7afaf000-0x7afb65df]
Apr 01 22:02:23 fedora kernel: ACPI: Reserving SSDT table memory at [mem 0x7affd000-0x7affd0f7]
Apr 01 22:02:23 fedora kernel: ACPI: Reserving SSDT table memory at [mem 0x7afa9000-0x7afae353]
Apr 01 22:02:23 fedora kernel: ACPI: Reserving CRAT table memory at [mem 0x7afa8000-0x7afa8ee7]
Apr 01 22:02:23 fedora kernel: ACPI: Reserving CDIT table memory at [mem 0x7afa7000-0x7afa7028]
Apr 01 22:02:23 fedora kernel: ACPI: Reserving SSDT table memory at [mem 0x7afa6000-0x7afa60d2]
Apr 01 22:02:23 fedora kernel: ACPI: Reserving SSDT table memory at [mem 0x7afa5000-0x7afa5764]
Apr 01 22:02:23 fedora kernel: ACPI: Reserving SSDT table memory at [mem 0x7afa4000-0x7afa45d8]
Apr 01 22:02:23 fedora kernel: ACPI: Reserving SSDT table memory at [mem 0x7afa3000-0x7afa3639]
Apr 01 22:02:23 fedora kernel: ACPI: Reserving SSDT table memory at [mem 0x7afa1000-0x7afa2a6b]
Apr 01 22:02:23 fedora kernel: ACPI: Reserving SSDT table memory at [mem 0x7af99000-0x7afa0eb9]
Apr 01 22:02:23 fedora kernel: ACPI: Reserving FPDT table memory at [mem 0x7af98000-0x7af98043]
Apr 01 22:02:23 fedora kernel: ACPI: Reserving WSMT table memory at [mem 0x7af96000-0x7af96027]
Apr 01 22:02:23 fedora kernel: ACPI: Reserving SSDT table memory at [mem 0x7af93000-0x7af952ae]
Apr 01 22:02:23 fedora kernel: ACPI: Reserving IVRS table memory at [mem 0x7afe3000-0x7afe3197]
Apr 01 22:02:23 fedora kernel: ACPI: Reserving SSDT table memory at [mem 0x7afe2000-0x7afe27e9]
Apr 01 22:02:23 fedora kernel: ACPI: Reserving SSDT table memory at [mem 0x7af92000-0x7af927e9]
Apr 01 22:02:23 fedora kernel: ACPI: Reserving SSDT table memory at [mem 0x7af91000-0x7af91617]
Apr 01 22:02:23 fedora kernel: ACPI: Reserving SSDT table memory at [mem 0x7af8f000-0x7af9030e]
Apr 01 22:02:23 fedora kernel: ACPI: Reserving SSDT table memory at [mem 0x7af8e000-0x7af8e6da]
Apr 01 22:02:23 fedora kernel: ACPI: Reserving SSDT table memory at [mem 0x7af84000-0x7af8d65e]
Apr 01 22:02:23 fedora kernel: ACPI: Reserving SSDT table memory at [mem 0x7af7d000-0x7af8202c]
Apr 01 22:02:23 fedora kernel: ACPI: Reserving SSDT table memory at [mem 0x7afb7000-0x7afb793e]
Apr 01 22:02:23 fedora kernel: ACPI: Reserving SSDT table memory at [mem 0x7af7c000-0x7af7c7d6]
Apr 01 22:02:23 fedora kernel: ACPI: Reserving SSDT table memory at [mem 0x7af7b000-0x7af7b08c]
Apr 01 22:02:23 fedora kernel: ACPI: Reserving SSDT table memory at [mem 0x7af79000-0x7af7a0a4]
Apr 01 22:02:23 fedora kernel: ACPI: Reserving BGRT table memory at [mem 0x7af97000-0x7af97037]
Apr 01 22:02:23 fedora kernel: No NUMA configuration found
Apr 01 22:02:23 fedora kernel: Faking a node at [mem 0x0000000000000000-0x000000067e2fffff]
Apr 01 22:02:23 fedora kernel: NODE_DATA(0) allocated [mem 0x67e2d5280-0x67e2fffff]
Apr 01 22:02:23 fedora kernel: Zone ranges:
Apr 01 22:02:23 fedora kernel:   DMA      [mem 0x0000000000001000-0x0000000000ffffff]
Apr 01 22:02:23 fedora kernel:   DMA32    [mem 0x0000000001000000-0x00000000ffffffff]
Apr 01 22:02:23 fedora kernel:   Normal   [mem 0x0000000100000000-0x000000067e2fffff]
Apr 01 22:02:23 fedora kernel:   Device   empty
Apr 01 22:02:23 fedora kernel: Movable zone start for each node
Apr 01 22:02:23 fedora kernel: Early memory node ranges
Apr 01 22:02:23 fedora kernel:   node   0: [mem 0x0000000000001000-0x000000000009efff]
Apr 01 22:02:23 fedora kernel:   node   0: [mem 0x0000000000100000-0x0000000009afffff]
Apr 01 22:02:23 fedora kernel:   node   0: [mem 0x0000000009e00000-0x0000000009efffff]
Apr 01 22:02:23 fedora kernel:   node   0: [mem 0x0000000009f14000-0x000000005fdfefff]
Apr 01 22:02:23 fedora kernel:   node   0: [mem 0x000000005fe00000-0x0000000062313fff]
Apr 01 22:02:23 fedora kernel:   node   0: [mem 0x0000000064514000-0x000000006451cfff]
Apr 01 22:02:23 fedora kernel:   node   0: [mem 0x0000000064520000-0x000000007072efff]
Apr 01 22:02:23 fedora kernel:   node   0: [mem 0x000000007afff000-0x000000007affffff]
Apr 01 22:02:23 fedora kernel:   node   0: [mem 0x0000000100000000-0x000000067e2fffff]
Apr 01 22:02:23 fedora kernel: Initmem setup node 0 [mem 0x0000000000001000-0x000000067e2fffff]
Apr 01 22:02:23 fedora kernel: On node 0, zone DMA: 1 pages in unavailable ranges
Apr 01 22:02:23 fedora kernel: On node 0, zone DMA: 97 pages in unavailable ranges
Apr 01 22:02:23 fedora kernel: On node 0, zone DMA32: 768 pages in unavailable ranges
Apr 01 22:02:23 fedora kernel: On node 0, zone DMA32: 20 pages in unavailable ranges
Apr 01 22:02:23 fedora kernel: On node 0, zone DMA32: 1 pages in unavailable ranges
Apr 01 22:02:23 fedora kernel: On node 0, zone DMA32: 8704 pages in unavailable ranges
Apr 01 22:02:23 fedora kernel: On node 0, zone DMA32: 3 pages in unavailable ranges
Apr 01 22:02:23 fedora kernel: On node 0, zone DMA32: 43216 pages in unavailable ranges
Apr 01 22:02:23 fedora kernel: On node 0, zone Normal: 20480 pages in unavailable ranges
Apr 01 22:02:23 fedora kernel: On node 0, zone Normal: 7424 pages in unavailable ranges
Apr 01 22:02:23 fedora kernel: ACPI: PM-Timer IO Port: 0x408
Apr 01 22:02:23 fedora kernel: ACPI: LAPIC_NMI (acpi_id[0x00] high edge lint[0x1])
Apr 01 22:02:23 fedora kernel: ACPI: LAPIC_NMI (acpi_id[0x01] high edge lint[0x1])
Apr 01 22:02:23 fedora kernel: ACPI: LAPIC_NMI (acpi_id[0x02] high edge lint[0x1])
Apr 01 22:02:23 fedora kernel: ACPI: LAPIC_NMI (acpi_id[0x03] high edge lint[0x1])
Apr 01 22:02:23 fedora kernel: ACPI: LAPIC_NMI (acpi_id[0x04] high edge lint[0x1])
Apr 01 22:02:23 fedora kernel: ACPI: LAPIC_NMI (acpi_id[0x05] high edge lint[0x1])
Apr 01 22:02:23 fedora kernel: ACPI: LAPIC_NMI (acpi_id[0x06] high edge lint[0x1])
Apr 01 22:02:23 fedora kernel: ACPI: LAPIC_NMI (acpi_id[0x07] high edge lint[0x1])
Apr 01 22:02:23 fedora kernel: ACPI: LAPIC_NMI (acpi_id[0x08] high edge lint[0x1])
Apr 01 22:02:23 fedora kernel: ACPI: LAPIC_NMI (acpi_id[0x09] high edge lint[0x1])
Apr 01 22:02:23 fedora kernel: ACPI: LAPIC_NMI (acpi_id[0x0a] high edge lint[0x1])
Apr 01 22:02:23 fedora kernel: ACPI: LAPIC_NMI (acpi_id[0x0b] high edge lint[0x1])
Apr 01 22:02:23 fedora kernel: ACPI: LAPIC_NMI (acpi_id[0x0c] high edge lint[0x1])
Apr 01 22:02:23 fedora kernel: ACPI: LAPIC_NMI (acpi_id[0x0d] high edge lint[0x1])
Apr 01 22:02:23 fedora kernel: ACPI: LAPIC_NMI (acpi_id[0x0e] high edge lint[0x1])
Apr 01 22:02:23 fedora kernel: ACPI: LAPIC_NMI (acpi_id[0x0f] high edge lint[0x1])
Apr 01 22:02:23 fedora kernel: IOAPIC[0]: apic_id 33, version 33, address 0xfec00000, GSI 0-23
Apr 01 22:02:23 fedora kernel: IOAPIC[1]: apic_id 34, version 33, address 0xfec01000, GSI 24-55
Apr 01 22:02:23 fedora kernel: ACPI: INT_SRC_OVR (bus 0 bus_irq 1 global_irq 1 low edge)
Apr 01 22:02:23 fedora kernel: ACPI: INT_SRC_OVR (bus 0 bus_irq 0 global_irq 2 dfl dfl)
Apr 01 22:02:23 fedora kernel: ACPI: INT_SRC_OVR (bus 0 bus_irq 9 global_irq 9 low level)
Apr 01 22:02:23 fedora kernel: ACPI: Using ACPI (MADT) for SMP configuration information
Apr 01 22:02:23 fedora kernel: ACPI: HPET id: 0x10228210 base: 0xfed00000
Apr 01 22:02:23 fedora kernel: e820: update [mem 0x6ba0b000-0x6bb19fff] usable ==> reserved
Apr 01 22:02:23 fedora kernel: CPU topo: Max. logical packages:   1
Apr 01 22:02:23 fedora kernel: CPU topo: Max. logical dies:       1
Apr 01 22:02:23 fedora kernel: CPU topo: Max. dies per package:   1
Apr 01 22:02:23 fedora kernel: CPU topo: Max. threads per core:   2
Apr 01 22:02:23 fedora kernel: CPU topo: Num. cores per package:     8
Apr 01 22:02:23 fedora kernel: CPU topo: Num. threads per package:  16
Apr 01 22:02:23 fedora kernel: CPU topo: Allowing 16 present CPUs plus 0 hotplug CPUs
Apr 01 22:02:23 fedora kernel: PM: hibernation: Registered nosave memory: [mem 0x00000000-0x00000fff]
Apr 01 22:02:23 fedora kernel: PM: hibernation: Registered nosave memory: [mem 0x0009f000-0x000fffff]
Apr 01 22:02:23 fedora kernel: PM: hibernation: Registered nosave memory: [mem 0x09b00000-0x09dfffff]
Apr 01 22:02:23 fedora kernel: PM: hibernation: Registered nosave memory: [mem 0x09f00000-0x09f13fff]
Apr 01 22:02:23 fedora kernel: PM: hibernation: Registered nosave memory: [mem 0x5fdff000-0x5fdfffff]
Apr 01 22:02:23 fedora kernel: PM: hibernation: Registered nosave memory: [mem 0x62314000-0x64513fff]
Apr 01 22:02:23 fedora kernel: PM: hibernation: Registered nosave memory: [mem 0x6451d000-0x6451ffff]
Apr 01 22:02:23 fedora kernel: PM: hibernation: Registered nosave memory: [mem 0x6b73d000-0x6b73dfff]
Apr 01 22:02:23 fedora kernel: PM: hibernation: Registered nosave memory: [mem 0x6ba0b000-0x6bb19fff]
Apr 01 22:02:23 fedora kernel: PM: hibernation: Registered nosave memory: [mem 0x7072f000-0x7affefff]
Apr 01 22:02:23 fedora kernel: PM: hibernation: Registered nosave memory: [mem 0x7b000000-0xffffffff]
Apr 01 22:02:23 fedora kernel: [mem 0x80000000-0xfed7ffff] available for PCI devices
Apr 01 22:02:23 fedora kernel: Booting paravirtualized kernel on bare hardware
Apr 01 22:02:23 fedora kernel: clocksource: refined-jiffies: mask: 0xffffffff max_cycles: 0xffffffff, max_idle_ns: 1910969940391419 ns
Apr 01 22:02:23 fedora kernel: setup_percpu: NR_CPUS:8192 nr_cpumask_bits:16 nr_cpu_ids:16 nr_node_ids:1
Apr 01 22:02:23 fedora kernel: percpu: Embedded 84 pages/cpu s221184 r8192 d114688 u524288
Apr 01 22:02:23 fedora kernel: pcpu-alloc: s221184 r8192 d114688 u524288 alloc=1*2097152
Apr 01 22:02:23 fedora kernel: pcpu-alloc: [0] 00 01 02 03 [0] 04 05 06 07 
Apr 01 22:02:23 fedora kernel: pcpu-alloc: [0] 08 09 10 11 [0] 12 13 14 15 
Apr 01 22:02:23 fedora kernel: Kernel command line: BOOT_IMAGE=(hd0,gpt2)/vmlinuz-6.18.13-100.fc42.x86_64 root=UUID=a6910cee-009e-4b56-bb0c-1ad780bdf0b6 ro rootflags=subvol=root rhgb quiet rd.driver.blacklist=nouveau,nova_core modprobe.blacklist=nouveau,nova_core
Apr 01 22:02:23 fedora kernel: Unknown kernel command line parameters "rhgb", will be passed to user space.
Apr 01 22:02:23 fedora kernel: printk: log buffer data + meta data: 262144 + 917504 = 1179648 bytes
Apr 01 22:02:23 fedora kernel: Dentry cache hash table entries: 4194304 (order: 13, 33554432 bytes, linear)
Apr 01 22:02:23 fedora kernel: Inode-cache hash table entries: 2097152 (order: 12, 16777216 bytes, linear)
Apr 01 22:02:23 fedora kernel: software IO TLB: area num 16.
Apr 01 22:02:23 fedora kernel: Fallback order for Node 0: 0 
Apr 01 22:02:23 fedora kernel: Built 1 zonelists, mobility grouping on.  Total pages: 6210742
Apr 01 22:02:23 fedora kernel: Policy zone: Normal
Apr 01 22:02:23 fedora kernel: mem auto-init: stack:all(zero), heap alloc:on, heap free:off
Apr 01 22:02:23 fedora kernel: SLUB: HWalign=64, Order=0-3, MinObjects=0, CPUs=16, Nodes=1
Apr 01 22:02:23 fedora kernel: ftrace: allocating 62632 entries in 248 pages
Apr 01 22:02:23 fedora kernel: ftrace: allocated 248 pages with 5 groups
Apr 01 22:02:23 fedora kernel: Dynamic Preempt: lazy
Apr 01 22:02:23 fedora kernel: rcu: Preemptible hierarchical RCU implementation.
Apr 01 22:02:23 fedora kernel: rcu:         RCU event tracing is enabled.
Apr 01 22:02:23 fedora kernel: rcu:         RCU restricting CPUs from NR_CPUS=8192 to nr_cpu_ids=16.
Apr 01 22:02:23 fedora kernel:         Trampoline variant of Tasks RCU enabled.
Apr 01 22:02:23 fedora kernel:         Rude variant of Tasks RCU enabled.
Apr 01 22:02:23 fedora kernel:         Tracing variant of Tasks RCU enabled.
Apr 01 22:02:23 fedora kernel: rcu: RCU calculated value of scheduler-enlistment delay is 100 jiffies.
Apr 01 22:02:23 fedora kernel: rcu: Adjusting geometry for rcu_fanout_leaf=16, nr_cpu_ids=16
Apr 01 22:02:23 fedora kernel: RCU Tasks: Setting shift to 4 and lim to 1 rcu_task_cb_adjust=1 rcu_task_cpu_ids=16.
Apr 01 22:02:23 fedora kernel: RCU Tasks Rude: Setting shift to 4 and lim to 1 rcu_task_cb_adjust=1 rcu_task_cpu_ids=16.
Apr 01 22:02:23 fedora kernel: RCU Tasks Trace: Setting shift to 4 and lim to 1 rcu_task_cb_adjust=1 rcu_task_cpu_ids=16.
Apr 01 22:02:23 fedora kernel: NR_IRQS: 524544, nr_irqs: 1096, preallocated irqs: 16
Apr 01 22:02:23 fedora kernel: rcu: srcu_init: Setting srcu_struct sizes based on contention.
Apr 01 22:02:23 fedora kernel: kfence: initialized - using 2097152 bytes for 255 objects at 0x(____ptrval____)-0x(____ptrval____)
Apr 01 22:02:23 fedora kernel: Console: colour dummy device 80x25
Apr 01 22:02:23 fedora kernel: printk: legacy console [tty0] enabled
Apr 01 22:02:23 fedora kernel: ACPI: Core revision 20250807
Apr 01 22:02:23 fedora kernel: clocksource: hpet: mask: 0xffffffff max_cycles: 0xffffffff, max_idle_ns: 133484873504 ns
Apr 01 22:02:23 fedora kernel: APIC: Switch to symmetric I/O mode setup
Apr 01 22:02:23 fedora kernel: AMD-Vi: ivrs, add hid:AMDI0020, uid:\_SB.FUR0, rdevid:0xa0
Apr 01 22:02:23 fedora kernel: AMD-Vi: ivrs, add hid:AMDI0020, uid:\_SB.FUR1, rdevid:0xa0
Apr 01 22:02:23 fedora kernel: AMD-Vi: ivrs, add hid:AMDI0020, uid:\_SB.FUR2, rdevid:0xa0
Apr 01 22:02:23 fedora kernel: AMD-Vi: ivrs, add hid:AMDI0020, uid:\_SB.FUR3, rdevid:0xa0
Apr 01 22:02:23 fedora kernel: AMD-Vi: Using global IVHD EFR:0x246577efa2254afa, EFR2:0x0
Apr 01 22:02:23 fedora kernel: x2apic: IRQ remapping doesn't support X2APIC mode
Apr 01 22:02:23 fedora kernel: ..TIMER: vector=0x30 apic1=0 pin1=2 apic2=-1 pin2=-1
Apr 01 22:02:23 fedora kernel: clocksource: tsc-early: mask: 0xffffffffffffffff max_cycles: 0x2c9a30bc6d9, max_idle_ns: 440795220230 ns
Apr 01 22:02:23 fedora kernel: Calibrating delay loop (skipped), value calculated using timer frequency.. 6188.57 BogoMIPS (lpj=3094285)
Apr 01 22:02:23 fedora kernel: x86/cpu: User Mode Instruction Prevention (UMIP) activated
Apr 01 22:02:23 fedora kernel: LVT offset 1 assigned for vector 0xf9
Apr 01 22:02:23 fedora kernel: LVT offset 2 assigned for vector 0xf4
Apr 01 22:02:23 fedora kernel: Last level iTLB entries: 4KB 512, 2MB 512, 4MB 256
Apr 01 22:02:23 fedora kernel: Last level dTLB entries: 4KB 2048, 2MB 2048, 4MB 1024, 1GB 0
Apr 01 22:02:23 fedora kernel: process: using mwait in idle threads
Apr 01 22:02:23 fedora kernel: mitigations: Enabled attack vectors: user_kernel, user_user, guest_host, guest_guest, SMT mitigations: auto
Apr 01 22:02:23 fedora kernel: Speculative Store Bypass: Mitigation: Speculative Store Bypass disabled via prctl
Apr 01 22:02:23 fedora kernel: Transient Scheduler Attacks: Mitigation: Clear CPU buffers
Apr 01 22:02:23 fedora kernel: Spectre V2 : Mitigation: Retpolines
Apr 01 22:02:23 fedora kernel: Spectre V2 : User space: Mitigation: STIBP always-on protection
Apr 01 22:02:23 fedora kernel: Speculative Return Stack Overflow: Mitigation: Safe RET
Apr 01 22:02:23 fedora kernel: VMSCAPE: Mitigation: IBPB before exit to userspace
Apr 01 22:02:23 fedora kernel: Spectre V1 : Mitigation: usercopy/swapgs barriers and __user pointer sanitization
Apr 01 22:02:23 fedora kernel: Spectre V2 : Spectre v2 / SpectreRSB: Filling RSB on context switch and VMEXIT
Apr 01 22:02:23 fedora kernel: Spectre V2 : Enabling Restricted Speculation for firmware calls
Apr 01 22:02:23 fedora kernel: Spectre V2 : mitigation: Enabling conditional Indirect Branch Prediction Barrier
Apr 01 22:02:23 fedora kernel: active return thunk: srso_alias_return_thunk
Apr 01 22:02:23 fedora kernel: x86/fpu: Supporting XSAVE feature 0x001: 'x87 floating point registers'
Apr 01 22:02:23 fedora kernel: x86/fpu: Supporting XSAVE feature 0x002: 'SSE registers'
Apr 01 22:02:23 fedora kernel: x86/fpu: Supporting XSAVE feature 0x004: 'AVX registers'
Apr 01 22:02:23 fedora kernel: x86/fpu: Supporting XSAVE feature 0x200: 'Protection Keys User registers'
Apr 01 22:02:23 fedora kernel: x86/fpu: Supporting XSAVE feature 0x800: 'Control-flow User registers'
Apr 01 22:02:23 fedora kernel: x86/fpu: Supporting XSAVE feature 0x1000: 'Control-flow Kernel registers (KVM only)'
Apr 01 22:02:23 fedora kernel: x86/fpu: xstate_offset[2]:  576, xstate_sizes[2]:  256
Apr 01 22:02:23 fedora kernel: x86/fpu: xstate_offset[9]:  832, xstate_sizes[9]:    8
Apr 01 22:02:23 fedora kernel: x86/fpu: xstate_offset[11]:  840, xstate_sizes[11]:   16
Apr 01 22:02:23 fedora kernel: x86/fpu: xstate_offset[12]:  856, xstate_sizes[12]:   24
Apr 01 22:02:23 fedora kernel: x86/fpu: Enabled xstate features 0x1a07, context size is 880 bytes, using 'compacted' format.
Apr 01 22:02:23 fedora kernel: Freeing SMP alternatives memory: 56K
Apr 01 22:02:23 fedora kernel: pid_max: default: 32768 minimum: 301
Apr 01 22:02:23 fedora kernel: LSM: initializing lsm=lockdown,capability,yama,selinux,bpf,landlock,ipe,ima,evm
Apr 01 22:02:23 fedora kernel: Yama: becoming mindful.
Apr 01 22:02:23 fedora kernel: SELinux:  Initializing.
Apr 01 22:02:23 fedora kernel: LSM support for eBPF active
Apr 01 22:02:23 fedora kernel: landlock: Up and running.
Apr 01 22:02:23 fedora kernel: Mount-cache hash table entries: 65536 (order: 7, 524288 bytes, linear)
Apr 01 22:02:23 fedora kernel: Mountpoint-cache hash table entries: 65536 (order: 7, 524288 bytes, linear)
Apr 01 22:02:23 fedora kernel: smpboot: CPU0: AMD Ryzen 7 7435HS (family: 0x19, model: 0x44, stepping: 0x1)
Apr 01 22:02:23 fedora kernel: Performance Events: Fam17h+ core perfctr, AMD PMU driver.
Apr 01 22:02:23 fedora kernel: ... version:                   0
Apr 01 22:02:23 fedora kernel: ... bit width:                 48
Apr 01 22:02:23 fedora kernel: ... generic counters:          6
Apr 01 22:02:23 fedora kernel: ... generic bitmap:            000000000000003f
Apr 01 22:02:23 fedora kernel: ... fixed-purpose counters:    0
Apr 01 22:02:23 fedora kernel: ... fixed-purpose bitmap:      0000000000000000
Apr 01 22:02:23 fedora kernel: ... value mask:                0000ffffffffffff
Apr 01 22:02:23 fedora kernel: ... max period:                00007fffffffffff
Apr 01 22:02:23 fedora kernel: ... global_ctrl mask:          000000000000003f
Apr 01 22:02:23 fedora kernel: signal: max sigframe size: 3376
Apr 01 22:02:23 fedora kernel: rcu: Hierarchical SRCU implementation.
Apr 01 22:02:23 fedora kernel: rcu:         Max phase no-delay instances is 400.
Apr 01 22:02:23 fedora kernel: Timer migration: 2 hierarchy levels; 8 children per group; 2 crossnode level
Apr 01 22:02:23 fedora kernel: NMI watchdog: Enabled. Permanently consumes one hw-PMU counter.
Apr 01 22:02:23 fedora kernel: smp: Bringing up secondary CPUs ...
Apr 01 22:02:23 fedora kernel: smpboot: x86: Booting SMP configuration:
Apr 01 22:02:23 fedora kernel: .... node  #0, CPUs:        #2  #4  #6  #8 #10 #12 #14  #1  #3  #5  #7  #9 #11 #13 #15
Apr 01 22:02:23 fedora kernel: Spectre V2 : Update user space SMT mitigation: STIBP always-on
Apr 01 22:02:23 fedora kernel: smp: Brought up 1 node, 16 CPUs
Apr 01 22:02:23 fedora kernel: smpboot: Total of 16 processors activated (99017.12 BogoMIPS)
Apr 01 22:02:23 fedora kernel: Memory: 24088168K/24842968K available (22264K kernel code, 4563K rwdata, 17548K rodata, 5156K init, 6016K bss, 729960K reserved, 0K cma-reserved)
Apr 01 22:02:23 fedora kernel: devtmpfs: initialized
Apr 01 22:02:23 fedora kernel: x86/mm: Memory block size: 128MB
Apr 01 22:02:23 fedora kernel: ACPI: PM: Registering ACPI NVS region [mem 0x09f00000-0x09f13fff] (81920 bytes)
Apr 01 22:02:23 fedora kernel: ACPI: PM: Registering ACPI NVS region [mem 0x72f2f000-0x7af2efff] (134217728 bytes)
Apr 01 22:02:23 fedora kernel: clocksource: jiffies: mask: 0xffffffff max_cycles: 0xffffffff, max_idle_ns: 1911260446275000 ns
Apr 01 22:02:23 fedora kernel: posixtimers hash table entries: 8192 (order: 5, 131072 bytes, linear)
Apr 01 22:02:23 fedora kernel: futex hash table entries: 4096 (262144 bytes on 1 NUMA nodes, total 256 KiB, linear).
Apr 01 22:02:23 fedora kernel: pinctrl core: initialized pinctrl subsystem
Apr 01 22:02:23 fedora kernel: PM: RTC time: 16:32:23, date: 2026-04-01
Apr 01 22:02:23 fedora kernel: NET: Registered PF_NETLINK/PF_ROUTE protocol family
Apr 01 22:02:23 fedora kernel: DMA: preallocated 4096 KiB GFP_KERNEL pool for atomic allocations
Apr 01 22:02:23 fedora kernel: DMA: preallocated 4096 KiB GFP_KERNEL|GFP_DMA pool for atomic allocations
Apr 01 22:02:23 fedora kernel: DMA: preallocated 4096 KiB GFP_KERNEL|GFP_DMA32 pool for atomic allocations
Apr 01 22:02:23 fedora kernel: audit: initializing netlink subsys (disabled)
Apr 01 22:02:23 fedora kernel: audit: type=2000 audit(1775061143.174:1): state=initialized audit_enabled=0 res=1
Apr 01 22:02:23 fedora kernel: thermal_sys: Registered thermal governor 'fair_share'
Apr 01 22:02:23 fedora kernel: thermal_sys: Registered thermal governor 'bang_bang'
Apr 01 22:02:23 fedora kernel: thermal_sys: Registered thermal governor 'step_wise'
Apr 01 22:02:23 fedora kernel: thermal_sys: Registered thermal governor 'user_space'
Apr 01 22:02:23 fedora kernel: cpuidle: using governor menu
Apr 01 22:02:23 fedora kernel: Simple Boot Flag at 0x44 set to 0x1
Apr 01 22:02:23 fedora kernel: acpiphp: ACPI Hot Plug PCI Controller Driver version: 0.5
Apr 01 22:02:23 fedora kernel: PCI: ECAM [mem 0xe0000000-0xefffffff] (base 0xe0000000) for domain 0000 [bus 00-ff]
Apr 01 22:02:23 fedora kernel: PCI: Using configuration type 1 for base access
Apr 01 22:02:23 fedora kernel: kprobes: kprobe jump-optimization is enabled. All kprobes are optimized if possible.
Apr 01 22:02:23 fedora kernel: HugeTLB: registered 1.00 GiB page size, pre-allocated 0 pages
Apr 01 22:02:23 fedora kernel: HugeTLB: 16380 KiB vmemmap can be freed for a 1.00 GiB page
Apr 01 22:02:23 fedora kernel: HugeTLB: registered 2.00 MiB page size, pre-allocated 0 pages
Apr 01 22:02:23 fedora kernel: HugeTLB: 28 KiB vmemmap can be freed for a 2.00 MiB page
Apr 01 22:02:23 fedora kernel: raid6: skipped pq benchmark and selected avx2x4
Apr 01 22:02:23 fedora kernel: raid6: using avx2x2 recovery algorithm
Apr 01 22:02:23 fedora kernel: ACPI: Added _OSI(Module Device)
Apr 01 22:02:23 fedora kernel: ACPI: Added _OSI(Processor Device)
Apr 01 22:02:23 fedora kernel: ACPI: Added _OSI(Processor Aggregator Device)
Apr 01 22:02:23 fedora kernel: ACPI: 30 ACPI AML tables successfully acquired and loaded
Apr 01 22:02:23 fedora kernel: ACPI: USB4 _OSC: OS supports USB3+ DisplayPort+ PCIe+ XDomain+
Apr 01 22:02:23 fedora kernel: ACPI: USB4 _OSC: OS controls USB3+ DisplayPort+ PCIe+ XDomain+
Apr 01 22:02:23 fedora kernel: ACPI: EC: EC started
Apr 01 22:02:23 fedora kernel: ACPI: EC: interrupt blocked
Apr 01 22:02:23 fedora kernel: ACPI: EC: EC_CMD/EC_SC=0x66, EC_DATA=0x62
Apr 01 22:02:23 fedora kernel: ACPI: \_SB_.PCI0.LPC0.EC0_: Boot DSDT EC used to handle transactions
Apr 01 22:02:23 fedora kernel: ACPI: Interpreter enabled
Apr 01 22:02:23 fedora kernel: ACPI: PM: (supports S0 S4 S5)
Apr 01 22:02:23 fedora kernel: ACPI: Using IOAPIC for interrupt routing
Apr 01 22:02:23 fedora kernel: PCI: Using host bridge windows from ACPI; if necessary, use "pci=nocrs" and report a bug
Apr 01 22:02:23 fedora kernel: PCI: Ignoring E820 reservations for host bridge windows
Apr 01 22:02:23 fedora kernel: ACPI: Enabled 4 GPEs in block 00 to 1F
Apr 01 22:02:23 fedora kernel: ACPI: \_SB_.PCI0.GPP0.PG00: New power resource
Apr 01 22:02:23 fedora kernel: ACPI: \_SB_.PCI0.GPP6.WLAN.PRWL: New power resource
Apr 01 22:02:23 fedora kernel: ACPI: \_SB_.PCI0.GPP7.P0NV: New power resource
Apr 01 22:02:23 fedora kernel: ACPI: \_SB_.PCI0.GPP8.P0NV: New power resource
Apr 01 22:02:23 fedora kernel: ACPI: \_SB_.PCI0.GP11.PWRS: New power resource
Apr 01 22:02:23 fedora kernel: ACPI: \_SB_.PCI0.GP11.SWUS.PWRS: New power resource
Apr 01 22:02:23 fedora kernel: ACPI: \_SB_.PCI0.GP12.PWRS: New power resource
Apr 01 22:02:23 fedora kernel: ACPI: \_SB_.PCI0.GP12.SWUS.PWRS: New power resource
Apr 01 22:02:23 fedora kernel: ACPI: \_SB_.PCI0.GP17.PWRS: New power resource
Apr 01 22:02:23 fedora kernel: ACPI: \_SB_.PCI0.GP17.VGA_.PWRS: New power resource
Apr 01 22:02:23 fedora kernel: ACPI: \_SB_.PCI0.GP17.ACP_.PWRS: New power resource
Apr 01 22:02:23 fedora kernel: ACPI: \_SB_.PCI0.GP17.AZAL.PWRS: New power resource
Apr 01 22:02:23 fedora kernel: ACPI: \_SB_.PCI0.GP17.HDAU.PWRS: New power resource
Apr 01 22:02:23 fedora kernel: ACPI: \_SB_.PCI0.GP17.XHC0.PWRS: New power resource
Apr 01 22:02:23 fedora kernel: ACPI: \_SB_.PCI0.GP17.XHC0.RHUB.PRT4.BRWL: New power resource
Apr 01 22:02:23 fedora kernel: ACPI: \_SB_.PCI0.GP17.XHC1.PWRS: New power resource
Apr 01 22:02:23 fedora kernel: ACPI: \_SB_.PCI0.GP18.SATA.P0S0: New power resource
Apr 01 22:02:23 fedora kernel: ACPI: \_SB_.PCI0.GP18.SATA.P3S0: New power resource
Apr 01 22:02:23 fedora kernel: ACPI: \_SB_.PCI0.GP19.XHC2.PWRS: New power resource
Apr 01 22:02:23 fedora kernel: ACPI: \_SB_.PCI0.GP19.NHI0.PWRS: New power resource
Apr 01 22:02:23 fedora kernel: ACPI: \_SB_.PCI0.GP19.NHI0: Overriding _PRW sleep state (S4) by S0 from power resources
Apr 01 22:02:23 fedora kernel: ACPI: \_SB_.PCI0.GP19.XHC3.PWRS: New power resource
Apr 01 22:02:23 fedora kernel: ACPI: \_SB_.PCI0.GP19.NHI1.PWRS: New power resource
Apr 01 22:02:23 fedora kernel: ACPI: \_SB_.PCI0.GP19.NHI1: Overriding _PRW sleep state (S4) by S0 from power resources
Apr 01 22:02:23 fedora kernel: ACPI: \_SB_.PCI0.GP19.XHC4.PWRS: New power resource
Apr 01 22:02:23 fedora kernel: ACPI: PCI Root Bridge [PCI0] (domain 0000 [bus 00-ff])
Apr 01 22:02:23 fedora kernel: acpi PNP0A08:00: _OSC: OS supports [ExtendedConfig ASPM ClockPM Segments MSI EDR HPX-Type3]
Apr 01 22:02:23 fedora kernel: acpi PNP0A08:00: _OSC: platform does not support [SHPCHotplug AER]
Apr 01 22:02:23 fedora kernel: acpi PNP0A08:00: _OSC: OS now controls [PCIeHotplug PME PCIeCapability LTR DPC]
Apr 01 22:02:23 fedora kernel: PCI host bridge to bus 0000:00
Apr 01 22:02:23 fedora kernel: pci_bus 0000:00: root bus resource [io  0x0000-0x0cf7 window]
Apr 01 22:02:23 fedora kernel: pci_bus 0000:00: root bus resource [io  0x0d00-0xffff window]
Apr 01 22:02:23 fedora kernel: pci_bus 0000:00: root bus resource [mem 0x000a0000-0x000bffff window]
Apr 01 22:02:23 fedora kernel: pci_bus 0000:00: root bus resource [mem 0x000c0000-0x000cffff window]
Apr 01 22:02:23 fedora kernel: pci_bus 0000:00: root bus resource [mem 0x000d0000-0x000effff window]
Apr 01 22:02:23 fedora kernel: pci_bus 0000:00: root bus resource [mem 0x80000000-0xdfffffff window]
Apr 01 22:02:23 fedora kernel: pci_bus 0000:00: root bus resource [mem 0xf0000000-0xfec00000 window]
Apr 01 22:02:23 fedora kernel: pci_bus 0000:00: root bus resource [mem 0xfed45000-0xfed814ff window]
Apr 01 22:02:23 fedora kernel: pci_bus 0000:00: root bus resource [mem 0xfed81900-0xfed81fff window]
Apr 01 22:02:23 fedora kernel: pci_bus 0000:00: root bus resource [mem 0xfedc0000-0xfedc0fff window]
Apr 01 22:02:23 fedora kernel: pci_bus 0000:00: root bus resource [mem 0xfedc6000-0xfedc6fff window]
Apr 01 22:02:23 fedora kernel: pci_bus 0000:00: root bus resource [mem 0x6a0200000-0x7f3fffffff window]
Apr 01 22:02:23 fedora kernel: pci_bus 0000:00: root bus resource [bus 00-ff]
Apr 01 22:02:23 fedora kernel: pci 0000:00:00.0: [1022:14b5] type 00 class 0x060000 conventional PCI endpoint
Apr 01 22:02:23 fedora kernel: pci 0000:00:00.2: [1022:14b6] type 00 class 0x080600 conventional PCI endpoint
Apr 01 22:02:23 fedora kernel: pci 0000:00:01.0: [1022:14b7] type 00 class 0x060000 conventional PCI endpoint
Apr 01 22:02:23 fedora kernel: pci 0000:00:01.1: [1022:14b8] type 01 class 0x060400 PCIe Root Port
Apr 01 22:02:23 fedora kernel: pci 0000:00:01.1: PCI bridge to [bus 01]
Apr 01 22:02:23 fedora kernel: pci 0000:00:01.1:   bridge window [io  0x2000-0x2fff]
Apr 01 22:02:23 fedora kernel: pci 0000:00:01.1:   bridge window [mem 0x80000000-0x810fffff]
Apr 01 22:02:23 fedora kernel: pci 0000:00:01.1:   bridge window [mem 0x7c00000000-0x7e01ffffff 64bit pref]
Apr 01 22:02:23 fedora kernel: pci 0000:00:01.1: PME# supported from D0 D3hot D3cold
Apr 01 22:02:23 fedora kernel: pci 0000:00:02.0: [1022:14b7] type 00 class 0x060000 conventional PCI endpoint
Apr 01 22:02:23 fedora kernel: pci 0000:00:02.1: [1022:14ba] type 01 class 0x060400 PCIe Root Port
Apr 01 22:02:23 fedora kernel: pci 0000:00:02.1: PCI bridge to [bus 02]
Apr 01 22:02:23 fedora kernel: pci 0000:00:02.1:   bridge window [io  0x1000-0x1fff]
Apr 01 22:02:23 fedora kernel: pci 0000:00:02.1:   bridge window [mem 0x81a00000-0x81afffff]
Apr 01 22:02:23 fedora kernel: pci 0000:00:02.1: PME# supported from D0 D3hot D3cold
Apr 01 22:02:23 fedora kernel: pci 0000:00:02.2: [1022:14ba] type 01 class 0x060400 PCIe Root Port
Apr 01 22:02:23 fedora kernel: pci 0000:00:02.2: PCI bridge to [bus 03]
Apr 01 22:02:23 fedora kernel: pci 0000:00:02.2:   bridge window [mem 0x7e02000000-0x7e021fffff 64bit pref]
Apr 01 22:02:23 fedora kernel: pci 0000:00:02.2: PME# supported from D0 D3hot D3cold
Apr 01 22:02:23 fedora kernel: pci 0000:00:02.3: [1022:14b8] type 01 class 0x060400 PCIe Root Port
Apr 01 22:02:23 fedora kernel: pci 0000:00:02.3: PCI bridge to [bus 04]
Apr 01 22:02:23 fedora kernel: pci 0000:00:02.3:   bridge window [mem 0x81900000-0x819fffff]
Apr 01 22:02:23 fedora kernel: pci 0000:00:02.3: PME# supported from D0 D3hot D3cold
Apr 01 22:02:23 fedora kernel: pci 0000:00:02.4: [1022:14ba] type 01 class 0x060400 PCIe Root Port
Apr 01 22:02:23 fedora kernel: pci 0000:00:02.4: PCI bridge to [bus 05]
Apr 01 22:02:23 fedora kernel: pci 0000:00:02.4:   bridge window [mem 0x81800000-0x818fffff]
Apr 01 22:02:23 fedora kernel: pci 0000:00:02.4: PME# supported from D0 D3hot D3cold
Apr 01 22:02:23 fedora kernel: pci 0000:00:03.0: [1022:14b7] type 00 class 0x060000 conventional PCI endpoint
Apr 01 22:02:23 fedora kernel: pci 0000:00:04.0: [1022:14b7] type 00 class 0x060000 conventional PCI endpoint
Apr 01 22:02:23 fedora kernel: pci 0000:00:08.0: [1022:14b7] type 00 class 0x060000 conventional PCI endpoint
Apr 01 22:02:23 fedora kernel: pci 0000:00:08.1: [1022:14b9] type 01 class 0x060400 PCIe Root Port
Apr 01 22:02:23 fedora kernel: pci 0000:00:08.1: PCI bridge to [bus 06]
Apr 01 22:02:23 fedora kernel: pci 0000:00:08.1:   bridge window [mem 0x81400000-0x817fffff]
Apr 01 22:02:23 fedora kernel: pci 0000:00:08.1: enabling Extended Tags
Apr 01 22:02:23 fedora kernel: pci 0000:00:08.1: PME# supported from D0 D3hot D3cold
Apr 01 22:02:23 fedora kernel: pci 0000:00:08.3: [1022:14b9] type 01 class 0x060400 PCIe Root Port
Apr 01 22:02:23 fedora kernel: pci 0000:00:08.3: PCI bridge to [bus 07]
Apr 01 22:02:23 fedora kernel: pci 0000:00:08.3:   bridge window [mem 0x81100000-0x813fffff]
Apr 01 22:02:23 fedora kernel: pci 0000:00:08.3: enabling Extended Tags
Apr 01 22:02:23 fedora kernel: pci 0000:00:08.3: PME# supported from D0 D3hot D3cold
Apr 01 22:02:23 fedora kernel: pci 0000:00:14.0: [1022:790b] type 00 class 0x0c0500 conventional PCI endpoint
Apr 01 22:02:23 fedora kernel: pci 0000:00:14.3: [1022:790e] type 00 class 0x060100 conventional PCI endpoint
Apr 01 22:02:23 fedora kernel: pci 0000:00:18.0: [1022:1679] type 00 class 0x060000 conventional PCI endpoint
Apr 01 22:02:23 fedora kernel: pci 0000:00:18.1: [1022:167a] type 00 class 0x060000 conventional PCI endpoint
Apr 01 22:02:23 fedora kernel: pci 0000:00:18.2: [1022:167b] type 00 class 0x060000 conventional PCI endpoint
Apr 01 22:02:23 fedora kernel: pci 0000:00:18.3: [1022:167c] type 00 class 0x060000 conventional PCI endpoint
Apr 01 22:02:23 fedora kernel: pci 0000:00:18.4: [1022:167d] type 00 class 0x060000 conventional PCI endpoint
Apr 01 22:02:23 fedora kernel: pci 0000:00:18.5: [1022:167e] type 00 class 0x060000 conventional PCI endpoint
Apr 01 22:02:23 fedora kernel: pci 0000:00:18.6: [1022:167f] type 00 class 0x060000 conventional PCI endpoint
Apr 01 22:02:23 fedora kernel: pci 0000:00:18.7: [1022:1680] type 00 class 0x060000 conventional PCI endpoint
Apr 01 22:02:23 fedora kernel: pci 0000:01:00.0: [10de:28e1] type 00 class 0x030000 PCIe Legacy Endpoint
Apr 01 22:02:23 fedora kernel: pci 0000:01:00.0: BAR 0 [mem 0x80000000-0x80ffffff]
Apr 01 22:02:23 fedora kernel: pci 0000:01:00.0: BAR 1 [mem 0x7c00000000-0x7dffffffff 64bit pref]
Apr 01 22:02:23 fedora kernel: pci 0000:01:00.0: BAR 3 [mem 0x7e00000000-0x7e01ffffff 64bit pref]
Apr 01 22:02:23 fedora kernel: pci 0000:01:00.0: BAR 5 [io  0x2000-0x207f]
Apr 01 22:02:23 fedora kernel: pci 0000:01:00.0: ROM [mem 0x81000000-0x8107ffff pref]
Apr 01 22:02:23 fedora kernel: pci 0000:01:00.0: PME# supported from D0 D3hot
Apr 01 22:02:23 fedora kernel: pci 0000:01:00.0: 16.000 Gb/s available PCIe bandwidth, limited by 2.5 GT/s PCIe x8 link at 0000:00:01.1 (capable of 126.024 Gb/s with 16.0 GT/s PCIe x8 link)
Apr 01 22:02:23 fedora kernel: pci 0000:01:00.1: [10de:22be] type 00 class 0x040300 PCIe Endpoint
Apr 01 22:02:23 fedora kernel: pci 0000:01:00.1: BAR 0 [mem 0x81080000-0x81083fff]
Apr 01 22:02:23 fedora kernel: pci 0000:00:01.1: PCI bridge to [bus 01]
Apr 01 22:02:23 fedora kernel: pci 0000:02:00.0: [10ec:8168] type 00 class 0x020000 PCIe Endpoint
Apr 01 22:02:23 fedora kernel: pci 0000:02:00.0: BAR 0 [io  0x1000-0x10ff]
Apr 01 22:02:23 fedora kernel: pci 0000:02:00.0: BAR 2 [mem 0x81a04000-0x81a04fff 64bit]
Apr 01 22:02:23 fedora kernel: pci 0000:02:00.0: BAR 4 [mem 0x81a00000-0x81a03fff 64bit]
Apr 01 22:02:23 fedora kernel: pci 0000:02:00.0: supports D1 D2
Apr 01 22:02:23 fedora kernel: pci 0000:02:00.0: PME# supported from D0 D1 D2 D3hot D3cold
Apr 01 22:02:23 fedora kernel: pci 0000:00:02.1: PCI bridge to [bus 02]
Apr 01 22:02:23 fedora kernel: pci 0000:03:00.0: [14c3:7961] type 00 class 0x028000 PCIe Endpoint
Apr 01 22:02:23 fedora kernel: pci 0000:03:00.0: BAR 0 [mem 0x7e02000000-0x7e020fffff 64bit pref]
Apr 01 22:02:23 fedora kernel: pci 0000:03:00.0: BAR 2 [mem 0x7e02100000-0x7e02103fff 64bit pref]
Apr 01 22:02:23 fedora kernel: pci 0000:03:00.0: BAR 4 [mem 0x7e02104000-0x7e02104fff 64bit pref]
Apr 01 22:02:23 fedora kernel: pci 0000:03:00.0: supports D1 D2
Apr 01 22:02:23 fedora kernel: pci 0000:03:00.0: PME# supported from D0 D1 D2 D3hot D3cold
Apr 01 22:02:23 fedora kernel: pci 0000:00:02.2: PCI bridge to [bus 03]
Apr 01 22:02:23 fedora kernel: pci 0000:04:00.0: [1344:5413] type 00 class 0x010802 PCIe Endpoint
Apr 01 22:02:23 fedora kernel: pci 0000:04:00.0: BAR 0 [mem 0x81900000-0x81903fff 64bit]
Apr 01 22:02:23 fedora kernel: pci 0000:00:02.3: PCI bridge to [bus 04]
Apr 01 22:02:23 fedora kernel: pci 0000:05:00.0: [15b7:5063] type 00 class 0x010802 PCIe Endpoint
Apr 01 22:02:23 fedora kernel: pci 0000:05:00.0: BAR 0 [mem 0x81800000-0x81803fff 64bit]
Apr 01 22:02:23 fedora kernel: pci 0000:00:02.4: PCI bridge to [bus 05]
Apr 01 22:02:23 fedora kernel: pci 0000:06:00.0: [1002:145a] type 00 class 0x130000 PCIe Legacy Endpoint
Apr 01 22:02:23 fedora kernel: pci 0000:06:00.0: enabling Extended Tags
Apr 01 22:02:23 fedora kernel: pci 0000:06:00.2: [1022:1649] type 00 class 0x108000 PCIe Endpoint
Apr 01 22:02:23 fedora kernel: pci 0000:06:00.2: BAR 2 [mem 0x81600000-0x816fffff]
Apr 01 22:02:23 fedora kernel: pci 0000:06:00.2: BAR 5 [mem 0x81748000-0x81749fff]
Apr 01 22:02:23 fedora kernel: pci 0000:06:00.2: enabling Extended Tags
Apr 01 22:02:23 fedora kernel: pci 0000:06:00.3: [1022:161d] type 00 class 0x0c0330 PCIe Endpoint
Apr 01 22:02:23 fedora kernel: pci 0000:06:00.3: BAR 0 [mem 0x81400000-0x814fffff 64bit]
Apr 01 22:02:23 fedora kernel: pci 0000:06:00.3: enabling Extended Tags
Apr 01 22:02:23 fedora kernel: pci 0000:06:00.3: PME# supported from D0 D3hot D3cold
Apr 01 22:02:23 fedora kernel: pci 0000:06:00.4: [1022:161e] type 00 class 0x0c0330 PCIe Endpoint
Apr 01 22:02:23 fedora kernel: pci 0000:06:00.4: BAR 0 [mem 0x81500000-0x815fffff 64bit]
Apr 01 22:02:23 fedora kernel: pci 0000:06:00.4: enabling Extended Tags
Apr 01 22:02:23 fedora kernel: pci 0000:06:00.4: PME# supported from D0 D3hot D3cold
Apr 01 22:02:23 fedora kernel: pci 0000:06:00.5: [1022:15e2] type 00 class 0x048000 PCIe Endpoint
Apr 01 22:02:23 fedora kernel: pci 0000:06:00.5: BAR 0 [mem 0x81700000-0x8173ffff]
Apr 01 22:02:23 fedora kernel: pci 0000:06:00.5: enabling Extended Tags
Apr 01 22:02:23 fedora kernel: pci 0000:06:00.5: PME# supported from D0 D3hot D3cold
Apr 01 22:02:23 fedora kernel: pci 0000:06:00.6: [1022:15e3] type 00 class 0x040300 PCIe Endpoint
Apr 01 22:02:23 fedora kernel: pci 0000:06:00.6: BAR 0 [mem 0x81740000-0x81747fff]
Apr 01 22:02:23 fedora kernel: pci 0000:06:00.6: enabling Extended Tags
Apr 01 22:02:23 fedora kernel: pci 0000:06:00.6: PME# supported from D0 D3hot D3cold
Apr 01 22:02:23 fedora kernel: pci 0000:00:08.1: PCI bridge to [bus 06]
Apr 01 22:02:23 fedora kernel: pci 0000:07:00.0: [1022:161f] type 00 class 0x0c0330 PCIe Endpoint
Apr 01 22:02:23 fedora kernel: pci 0000:07:00.0: BAR 0 [mem 0x81100000-0x811fffff 64bit]
Apr 01 22:02:23 fedora kernel: pci 0000:07:00.0: enabling Extended Tags
Apr 01 22:02:23 fedora kernel: pci 0000:07:00.0: PME# supported from D0 D3hot D3cold
Apr 01 22:02:23 fedora kernel: pci 0000:07:00.3: [1022:15d6] type 00 class 0x0c0330 PCIe Endpoint
Apr 01 22:02:23 fedora kernel: pci 0000:07:00.3: BAR 0 [mem 0x81200000-0x812fffff 64bit]
Apr 01 22:02:23 fedora kernel: pci 0000:07:00.3: enabling Extended Tags
Apr 01 22:02:23 fedora kernel: pci 0000:07:00.3: PME# supported from D0 D3hot D3cold
Apr 01 22:02:23 fedora kernel: pci 0000:07:00.4: [1022:15d7] type 00 class 0x0c0330 PCIe Endpoint
Apr 01 22:02:23 fedora kernel: pci 0000:07:00.4: BAR 0 [mem 0x81300000-0x813fffff 64bit]
Apr 01 22:02:23 fedora kernel: pci 0000:07:00.4: enabling Extended Tags
Apr 01 22:02:23 fedora kernel: pci 0000:07:00.4: PME# supported from D0 D3hot D3cold
Apr 01 22:02:23 fedora kernel: pci 0000:00:08.3: PCI bridge to [bus 07]
Apr 01 22:02:23 fedora kernel: ACPI: PCI: Interrupt link LNKA configured for IRQ 0
Apr 01 22:02:23 fedora kernel: ACPI: PCI: Interrupt link LNKA disabled
Apr 01 22:02:23 fedora kernel: ACPI: PCI: Interrupt link LNKB configured for IRQ 0
Apr 01 22:02:23 fedora kernel: ACPI: PCI: Interrupt link LNKB disabled
Apr 01 22:02:23 fedora kernel: ACPI: PCI: Interrupt link LNKC configured for IRQ 0
Apr 01 22:02:23 fedora kernel: ACPI: PCI: Interrupt link LNKC disabled
Apr 01 22:02:23 fedora kernel: ACPI: PCI: Interrupt link LNKD configured for IRQ 0
Apr 01 22:02:23 fedora kernel: ACPI: PCI: Interrupt link LNKD disabled
Apr 01 22:02:23 fedora kernel: ACPI: PCI: Interrupt link LNKE configured for IRQ 0
Apr 01 22:02:23 fedora kernel: ACPI: PCI: Interrupt link LNKE disabled
Apr 01 22:02:23 fedora kernel: ACPI: PCI: Interrupt link LNKF configured for IRQ 0
Apr 01 22:02:23 fedora kernel: ACPI: PCI: Interrupt link LNKF disabled
Apr 01 22:02:23 fedora kernel: ACPI: PCI: Interrupt link LNKG configured for IRQ 0
Apr 01 22:02:23 fedora kernel: ACPI: PCI: Interrupt link LNKG disabled
Apr 01 22:02:23 fedora kernel: ACPI: PCI: Interrupt link LNKH configured for IRQ 0
Apr 01 22:02:23 fedora kernel: ACPI: PCI: Interrupt link LNKH disabled
Apr 01 22:02:23 fedora kernel: Low-power S0 idle used by default for system suspend
Apr 01 22:02:23 fedora kernel: ACPI: EC: interrupt unblocked
Apr 01 22:02:23 fedora kernel: ACPI: EC: event unblocked
Apr 01 22:02:23 fedora kernel: ACPI: EC: EC_CMD/EC_SC=0x66, EC_DATA=0x62
Apr 01 22:02:23 fedora kernel: ACPI: EC: GPE=0x7
Apr 01 22:02:23 fedora kernel: ACPI: \_SB_.PCI0.LPC0.EC0_: Boot DSDT EC initialization complete
Apr 01 22:02:23 fedora kernel: ACPI: \_SB_.PCI0.LPC0.EC0_: EC: Used to handle transactions and events
Apr 01 22:02:23 fedora kernel: iommu: Default domain type: Translated
Apr 01 22:02:23 fedora kernel: iommu: DMA domain TLB invalidation policy: lazy mode
Apr 01 22:02:23 fedora kernel: SCSI subsystem initialized
Apr 01 22:02:23 fedora kernel: libata version 3.00 loaded.
Apr 01 22:02:23 fedora kernel: ACPI: bus type USB registered
Apr 01 22:02:23 fedora kernel: usbcore: registered new interface driver usbfs
Apr 01 22:02:23 fedora kernel: usbcore: registered new interface driver hub
Apr 01 22:02:23 fedora kernel: usbcore: registered new device driver usb
Apr 01 22:02:23 fedora kernel: i2c_designware AMDI0010:00: [Firmware Bug]: DSDT uses known not-working I2C bus speed 400000, forcing it to 100000
Apr 01 22:02:23 fedora kernel: pps_core: LinuxPPS API ver. 1 registered
Apr 01 22:02:23 fedora kernel: pps_core: Software ver. 5.3.6 - Copyright 2005-2007 Rodolfo Giometti <giometti@linux.it>
Apr 01 22:02:23 fedora kernel: PTP clock support registered
Apr 01 22:02:23 fedora kernel: EDAC MC: Ver: 3.0.0
Apr 01 22:02:23 fedora kernel: efivars: Registered efivars operations
Apr 01 22:02:23 fedora kernel: NetLabel: Initializing
Apr 01 22:02:23 fedora kernel: NetLabel:  domain hash size = 128
Apr 01 22:02:23 fedora kernel: NetLabel:  protocols = UNLABELED CIPSOv4 CALIPSO
Apr 01 22:02:23 fedora kernel: NetLabel:  unlabeled traffic allowed by default
Apr 01 22:02:23 fedora kernel: mctp: management component transport protocol core
Apr 01 22:02:23 fedora kernel: NET: Registered PF_MCTP protocol family
Apr 01 22:02:23 fedora kernel: PCI: Using ACPI for IRQ routing
Apr 01 22:02:23 fedora kernel: PCI: pci_cache_line_size set to 64 bytes
Apr 01 22:02:23 fedora kernel: e820: reserve RAM buffer [mem 0x0009f000-0x0009ffff]
Apr 01 22:02:23 fedora kernel: e820: reserve RAM buffer [mem 0x09b00000-0x0bffffff]
Apr 01 22:02:23 fedora kernel: e820: reserve RAM buffer [mem 0x09f00000-0x0bffffff]
Apr 01 22:02:23 fedora kernel: e820: reserve RAM buffer [mem 0x5fdff000-0x5fffffff]
Apr 01 22:02:23 fedora kernel: e820: reserve RAM buffer [mem 0x62314000-0x63ffffff]
Apr 01 22:02:23 fedora kernel: e820: reserve RAM buffer [mem 0x6451d000-0x67ffffff]
Apr 01 22:02:23 fedora kernel: e820: reserve RAM buffer [mem 0x6b73d000-0x6bffffff]
Apr 01 22:02:23 fedora kernel: e820: reserve RAM buffer [mem 0x6ba0b000-0x6bffffff]
Apr 01 22:02:23 fedora kernel: e820: reserve RAM buffer [mem 0x7072f000-0x73ffffff]
Apr 01 22:02:23 fedora kernel: e820: reserve RAM buffer [mem 0x7b000000-0x7bffffff]
Apr 01 22:02:23 fedora kernel: e820: reserve RAM buffer [mem 0x67e300000-0x67fffffff]
Apr 01 22:02:23 fedora kernel: pci 0000:01:00.0: vgaarb: setting as boot VGA device
Apr 01 22:02:23 fedora kernel: pci 0000:01:00.0: vgaarb: bridge control possible
Apr 01 22:02:23 fedora kernel: pci 0000:01:00.0: vgaarb: VGA device added: decodes=io+mem,owns=none,locks=none
Apr 01 22:02:23 fedora kernel: vgaarb: loaded
Apr 01 22:02:23 fedora kernel: hpet0: at MMIO 0xfed00000, IRQs 2, 8, 0
Apr 01 22:02:23 fedora kernel: hpet0: 3 comparators, 32-bit 14.318180 MHz counter
Apr 01 22:02:23 fedora kernel: clocksource: Switched to clocksource tsc-early
Apr 01 22:02:23 fedora kernel: VFS: Disk quotas dquot_6.6.0
Apr 01 22:02:23 fedora kernel: VFS: Dquot-cache hash table entries: 512 (order 0, 4096 bytes)
Apr 01 22:02:23 fedora kernel: pnp: PnP ACPI init
Apr 01 22:02:23 fedora kernel: system 00:00: [mem 0xfec00000-0xfec01fff] could not be reserved
Apr 01 22:02:23 fedora kernel: system 00:00: [mem 0xfee00000-0xfee00fff] has been reserved
Apr 01 22:02:23 fedora kernel: system 00:00: [mem 0xa0200000-0xa02fffff] has been reserved
Apr 01 22:02:23 fedora kernel: system 00:03: [io  0x0400-0x04cf] has been reserved
Apr 01 22:02:23 fedora kernel: system 00:03: [io  0x04d0-0x04d1] has been reserved
Apr 01 22:02:23 fedora kernel: system 00:03: [io  0x04d6] has been reserved
Apr 01 22:02:23 fedora kernel: system 00:03: [io  0x0700-0x0707] has been reserved
Apr 01 22:02:23 fedora kernel: system 00:03: [io  0x0c00-0x0c01] has been reserved
Apr 01 22:02:23 fedora kernel: system 00:03: [io  0x0c14] has been reserved
Apr 01 22:02:23 fedora kernel: system 00:03: [io  0x0c50-0x0c52] has been reserved
Apr 01 22:02:23 fedora kernel: system 00:03: [io  0x0c6c] has been reserved
Apr 01 22:02:23 fedora kernel: system 00:03: [io  0x0c6f] has been reserved
Apr 01 22:02:23 fedora kernel: system 00:03: [io  0x0cd0-0x0cdb] has been reserved
Apr 01 22:02:23 fedora kernel: system 00:03: [io  0x0d00-0x0d07] has been reserved
Apr 01 22:02:23 fedora kernel: system 00:04: [mem 0x000e0000-0x000fffff] could not be reserved
Apr 01 22:02:23 fedora kernel: system 00:04: [mem 0xfe000000-0xffffffff] could not be reserved
Apr 01 22:02:23 fedora kernel: pnp: PnP ACPI: found 5 devices
Apr 01 22:02:23 fedora kernel: clocksource: acpi_pm: mask: 0xffffff max_cycles: 0xffffff, max_idle_ns: 2085701024 ns
Apr 01 22:02:23 fedora kernel: NET: Registered PF_INET protocol family
Apr 01 22:02:23 fedora kernel: IP idents hash table entries: 262144 (order: 9, 2097152 bytes, linear)
Apr 01 22:02:23 fedora kernel: tcp_listen_portaddr_hash hash table entries: 16384 (order: 6, 262144 bytes, linear)
Apr 01 22:02:23 fedora kernel: Table-perturb hash table entries: 65536 (order: 6, 262144 bytes, linear)
Apr 01 22:02:23 fedora kernel: TCP established hash table entries: 262144 (order: 9, 2097152 bytes, linear)
Apr 01 22:02:23 fedora kernel: TCP bind hash table entries: 65536 (order: 9, 2097152 bytes, linear)
Apr 01 22:02:23 fedora kernel: TCP: Hash tables configured (established 262144 bind 65536)
Apr 01 22:02:23 fedora kernel: MPTCP token hash table entries: 32768 (order: 8, 786432 bytes, linear)
Apr 01 22:02:23 fedora kernel: UDP hash table entries: 16384 (order: 8, 1048576 bytes, linear)
Apr 01 22:02:23 fedora kernel: UDP-Lite hash table entries: 16384 (order: 8, 1048576 bytes, linear)
Apr 01 22:02:23 fedora kernel: NET: Registered PF_UNIX/PF_LOCAL protocol family
Apr 01 22:02:23 fedora kernel: NET: Registered PF_XDP protocol family
Apr 01 22:02:23 fedora kernel: pci 0000:00:01.1: PCI bridge to [bus 01]
Apr 01 22:02:23 fedora kernel: pci 0000:00:01.1:   bridge window [io  0x2000-0x2fff]
Apr 01 22:02:23 fedora kernel: pci 0000:00:01.1:   bridge window [mem 0x80000000-0x810fffff]
Apr 01 22:02:23 fedora kernel: pci 0000:00:01.1:   bridge window [mem 0x7c00000000-0x7e01ffffff 64bit pref]
Apr 01 22:02:23 fedora kernel: pci 0000:00:02.1: PCI bridge to [bus 02]
Apr 01 22:02:23 fedora kernel: pci 0000:00:02.1:   bridge window [io  0x1000-0x1fff]
Apr 01 22:02:23 fedora kernel: pci 0000:00:02.1:   bridge window [mem 0x81a00000-0x81afffff]
Apr 01 22:02:23 fedora kernel: pci 0000:00:02.2: PCI bridge to [bus 03]
Apr 01 22:02:23 fedora kernel: pci 0000:00:02.2:   bridge window [mem 0x7e02000000-0x7e021fffff 64bit pref]
Apr 01 22:02:23 fedora kernel: pci 0000:00:02.3: PCI bridge to [bus 04]
Apr 01 22:02:23 fedora kernel: pci 0000:00:02.3:   bridge window [mem 0x81900000-0x819fffff]
Apr 01 22:02:23 fedora kernel: pci 0000:00:02.4: PCI bridge to [bus 05]
Apr 01 22:02:23 fedora kernel: pci 0000:00:02.4:   bridge window [mem 0x81800000-0x818fffff]
Apr 01 22:02:23 fedora kernel: pci 0000:00:08.1: PCI bridge to [bus 06]
Apr 01 22:02:23 fedora kernel: pci 0000:00:08.1:   bridge window [mem 0x81400000-0x817fffff]
Apr 01 22:02:23 fedora kernel: pci 0000:00:08.3: PCI bridge to [bus 07]
Apr 01 22:02:23 fedora kernel: pci 0000:00:08.3:   bridge window [mem 0x81100000-0x813fffff]
Apr 01 22:02:23 fedora kernel: pci_bus 0000:00: resource 4 [io  0x0000-0x0cf7 window]
Apr 01 22:02:23 fedora kernel: pci_bus 0000:00: resource 5 [io  0x0d00-0xffff window]
Apr 01 22:02:23 fedora kernel: pci_bus 0000:00: resource 6 [mem 0x000a0000-0x000bffff window]
Apr 01 22:02:23 fedora kernel: pci_bus 0000:00: resource 7 [mem 0x000c0000-0x000cffff window]
Apr 01 22:02:23 fedora kernel: pci_bus 0000:00: resource 8 [mem 0x000d0000-0x000effff window]
Apr 01 22:02:23 fedora kernel: pci_bus 0000:00: resource 9 [mem 0x80000000-0xdfffffff window]
Apr 01 22:02:23 fedora kernel: pci_bus 0000:00: resource 10 [mem 0xf0000000-0xfec00000 window]
Apr 01 22:02:23 fedora kernel: pci_bus 0000:00: resource 11 [mem 0xfed45000-0xfed814ff window]
Apr 01 22:02:23 fedora kernel: pci_bus 0000:00: resource 12 [mem 0xfed81900-0xfed81fff window]
Apr 01 22:02:23 fedora kernel: pci_bus 0000:00: resource 13 [mem 0xfedc0000-0xfedc0fff window]
Apr 01 22:02:23 fedora kernel: pci_bus 0000:00: resource 14 [mem 0xfedc6000-0xfedc6fff window]
Apr 01 22:02:23 fedora kernel: pci_bus 0000:00: resource 15 [mem 0x6a0200000-0x7f3fffffff window]
Apr 01 22:02:23 fedora kernel: pci_bus 0000:01: resource 0 [io  0x2000-0x2fff]
Apr 01 22:02:23 fedora kernel: pci_bus 0000:01: resource 1 [mem 0x80000000-0x810fffff]
Apr 01 22:02:23 fedora kernel: pci_bus 0000:01: resource 2 [mem 0x7c00000000-0x7e01ffffff 64bit pref]
Apr 01 22:02:23 fedora kernel: pci_bus 0000:02: resource 0 [io  0x1000-0x1fff]
Apr 01 22:02:23 fedora kernel: pci_bus 0000:02: resource 1 [mem 0x81a00000-0x81afffff]
Apr 01 22:02:23 fedora kernel: pci_bus 0000:03: resource 2 [mem 0x7e02000000-0x7e021fffff 64bit pref]
Apr 01 22:02:23 fedora kernel: pci_bus 0000:04: resource 1 [mem 0x81900000-0x819fffff]
Apr 01 22:02:23 fedora kernel: pci_bus 0000:05: resource 1 [mem 0x81800000-0x818fffff]
Apr 01 22:02:23 fedora kernel: pci_bus 0000:06: resource 1 [mem 0x81400000-0x817fffff]
Apr 01 22:02:23 fedora kernel: pci_bus 0000:07: resource 1 [mem 0x81100000-0x813fffff]
Apr 01 22:02:23 fedora kernel: pci 0000:01:00.1: extending delay after power-on from D3hot to 20 msec
Apr 01 22:02:23 fedora kernel: pci 0000:01:00.1: D0 power state depends on 0000:01:00.0
Apr 01 22:02:23 fedora kernel: PCI: CLS 64 bytes, default 64
Apr 01 22:02:23 fedora kernel: pci 0000:00:00.2: AMD-Vi: IOMMU performance counters supported
Apr 01 22:02:23 fedora kernel: Trying to unpack rootfs image as initramfs...
Apr 01 22:02:23 fedora kernel: pci 0000:00:01.0: Adding to iommu group 0
Apr 01 22:02:23 fedora kernel: pci 0000:00:01.1: Adding to iommu group 1
Apr 01 22:02:23 fedora kernel: pci 0000:00:02.0: Adding to iommu group 2
Apr 01 22:02:23 fedora kernel: pci 0000:00:02.1: Adding to iommu group 3
Apr 01 22:02:23 fedora kernel: pci 0000:00:02.2: Adding to iommu group 4
Apr 01 22:02:23 fedora kernel: pci 0000:00:02.3: Adding to iommu group 5
Apr 01 22:02:23 fedora kernel: pci 0000:00:02.4: Adding to iommu group 6
Apr 01 22:02:23 fedora kernel: pci 0000:00:03.0: Adding to iommu group 7
Apr 01 22:02:23 fedora kernel: pci 0000:00:04.0: Adding to iommu group 8
Apr 01 22:02:23 fedora kernel: pci 0000:00:08.0: Adding to iommu group 9
Apr 01 22:02:23 fedora kernel: pci 0000:00:08.1: Adding to iommu group 10
Apr 01 22:02:23 fedora kernel: pci 0000:00:08.3: Adding to iommu group 11
Apr 01 22:02:23 fedora kernel: pci 0000:00:14.0: Adding to iommu group 12
Apr 01 22:02:23 fedora kernel: pci 0000:00:14.3: Adding to iommu group 12
Apr 01 22:02:23 fedora kernel: pci 0000:00:18.0: Adding to iommu group 13
Apr 01 22:02:23 fedora kernel: pci 0000:00:18.1: Adding to iommu group 13
Apr 01 22:02:23 fedora kernel: pci 0000:00:18.2: Adding to iommu group 13
Apr 01 22:02:23 fedora kernel: pci 0000:00:18.3: Adding to iommu group 13
Apr 01 22:02:23 fedora kernel: pci 0000:00:18.4: Adding to iommu group 13
Apr 01 22:02:23 fedora kernel: pci 0000:00:18.5: Adding to iommu group 13
Apr 01 22:02:23 fedora kernel: pci 0000:00:18.6: Adding to iommu group 13
Apr 01 22:02:23 fedora kernel: pci 0000:00:18.7: Adding to iommu group 13
Apr 01 22:02:23 fedora kernel: pci 0000:01:00.0: Adding to iommu group 14
Apr 01 22:02:23 fedora kernel: pci 0000:01:00.1: Adding to iommu group 14
Apr 01 22:02:23 fedora kernel: pci 0000:02:00.0: Adding to iommu group 15
Apr 01 22:02:23 fedora kernel: pci 0000:03:00.0: Adding to iommu group 16
Apr 01 22:02:23 fedora kernel: pci 0000:04:00.0: Adding to iommu group 17
Apr 01 22:02:23 fedora kernel: pci 0000:05:00.0: Adding to iommu group 18
Apr 01 22:02:23 fedora kernel: pci 0000:06:00.0: Adding to iommu group 19
Apr 01 22:02:23 fedora kernel: pci 0000:06:00.2: Adding to iommu group 20
Apr 01 22:02:23 fedora kernel: pci 0000:06:00.3: Adding to iommu group 21
Apr 01 22:02:23 fedora kernel: pci 0000:06:00.4: Adding to iommu group 22
Apr 01 22:02:23 fedora kernel: pci 0000:06:00.5: Adding to iommu group 23
Apr 01 22:02:23 fedora kernel: pci 0000:06:00.6: Adding to iommu group 24
Apr 01 22:02:23 fedora kernel: pci 0000:07:00.0: Adding to iommu group 25
Apr 01 22:02:23 fedora kernel: pci 0000:07:00.3: Adding to iommu group 26
Apr 01 22:02:23 fedora kernel: pci 0000:07:00.4: Adding to iommu group 27
Apr 01 22:02:23 fedora kernel: AMD-Vi: Extended features (0x246577efa2254afa, 0x0): PPR NX GT [5] IA GA PC GA_vAPIC
Apr 01 22:02:23 fedora kernel: AMD-Vi: Interrupt remapping enabled
Apr 01 22:02:23 fedora kernel: AMD-Vi: Virtual APIC enabled
Apr 01 22:02:23 fedora kernel: PCI-DMA: Using software bounce buffering for IO (SWIOTLB)
Apr 01 22:02:23 fedora kernel: software IO TLB: mapped [mem 0x000000006616f000-0x000000006a16f000] (64MB)
Apr 01 22:02:23 fedora kernel: LVT offset 0 assigned for vector 0x400
Apr 01 22:02:23 fedora kernel: perf: AMD IBS detected (0x000003fd)
Apr 01 22:02:23 fedora kernel: amd_uncore: 4 amd_df counters detected
Apr 01 22:02:23 fedora kernel: amd_uncore: 6 amd_l3 counters detected
Apr 01 22:02:23 fedora kernel: perf/amd_iommu: Detected AMD IOMMU #0 (2 banks, 4 counters/bank).
Apr 01 22:02:23 fedora kernel: Initialise system trusted keyrings
Apr 01 22:02:23 fedora kernel: Key type blacklist registered
Apr 01 22:02:23 fedora kernel: workingset: timestamp_bits=36 max_order=23 bucket_order=0
Apr 01 22:02:23 fedora kernel: integrity: Platform Keyring initialized
Apr 01 22:02:23 fedora kernel: integrity: Machine keyring initialized
Apr 01 22:02:23 fedora kernel: cryptd: max_cpu_qlen set to 1000
Apr 01 22:02:23 fedora kernel: NET: Registered PF_ALG protocol family
Apr 01 22:02:23 fedora kernel: xor: automatically using best checksumming function   avx       
Apr 01 22:02:23 fedora kernel: Key type asymmetric registered
Apr 01 22:02:23 fedora kernel: Asymmetric key parser 'x509' registered
Apr 01 22:02:23 fedora kernel: Block layer SCSI generic (bsg) driver version 0.4 loaded (major 244)
Apr 01 22:02:23 fedora kernel: io scheduler mq-deadline registered
Apr 01 22:02:23 fedora kernel: io scheduler kyber registered
Apr 01 22:02:23 fedora kernel: io scheduler bfq registered
Apr 01 22:02:23 fedora kernel: atomic64_test: passed for x86-64 platform with CX8 and with SSE
Apr 01 22:02:23 fedora kernel: pcieport 0000:00:01.1: PME: Signaling with IRQ 32
Apr 01 22:02:23 fedora kernel: pcieport 0000:00:01.1: pciehp: Slot #0 AttnBtn- PwrCtrl- MRL- AttnInd- PwrInd- HotPlug+ Surprise+ Interlock- NoCompl+ IbPresDis- LLActRep+
Apr 01 22:02:23 fedora kernel: pcieport 0000:00:02.1: PME: Signaling with IRQ 33
Apr 01 22:02:23 fedora kernel: pcieport 0000:00:02.2: PME: Signaling with IRQ 34
Apr 01 22:02:23 fedora kernel: pcieport 0000:00:02.3: PME: Signaling with IRQ 35
Apr 01 22:02:23 fedora kernel: pcieport 0000:00:02.4: PME: Signaling with IRQ 36
Apr 01 22:02:23 fedora kernel: pcieport 0000:00:08.1: PME: Signaling with IRQ 37
Apr 01 22:02:23 fedora kernel: pcieport 0000:00:08.3: PME: Signaling with IRQ 38
Apr 01 22:02:23 fedora kernel: ACPI: AC: AC Adapter [ACAD] (on-line)
Apr 01 22:02:23 fedora kernel: input: Power Button as /devices/LNXSYSTM:00/LNXSYBUS:00/PNP0C0C:00/input/input0
Apr 01 22:02:23 fedora kernel: ACPI: button: Power Button [PWRB]
Apr 01 22:02:23 fedora kernel: input: Lid Switch as /devices/LNXSYSTM:00/LNXSYBUS:00/PNP0C0D:00/input/input1
Apr 01 22:02:23 fedora kernel: ACPI: button: Lid Switch [LID]
Apr 01 22:02:23 fedora kernel: Monitor-Mwait will be used to enter C-1 state
Apr 01 22:02:23 fedora kernel: Estimated ratio of average max frequency by base frequency (times 1024): 1264
Apr 01 22:02:23 fedora kernel: thermal LNXTHERM:00: registered as thermal_zone0
Apr 01 22:02:23 fedora kernel: ACPI: thermal: Thermal Zone [TZ01] (69 C)
Apr 01 22:02:23 fedora kernel: Serial: 8250/16550 driver, 32 ports, IRQ sharing enabled
Apr 01 22:02:23 fedora kernel: Non-volatile memory driver v1.3
Apr 01 22:02:23 fedora kernel: Linux agpgart interface v0.103
Apr 01 22:02:23 fedora kernel: tpm_crb MSFT0101:00: Disabling hwrng
Apr 01 22:02:23 fedora kernel: ACPI: bus type drm_connector registered
Apr 01 22:02:23 fedora kernel: xhci_hcd 0000:06:00.3: xHCI Host Controller
Apr 01 22:02:23 fedora kernel: xhci_hcd 0000:06:00.3: new USB bus registered, assigned bus number 1
Apr 01 22:02:23 fedora kernel: xhci_hcd 0000:06:00.3: hcc params 0x0120ffc5 hci version 0x120 quirks 0x0000000200000010
Apr 01 22:02:23 fedora kernel: xhci_hcd 0000:06:00.3: xHCI Host Controller
Apr 01 22:02:23 fedora kernel: xhci_hcd 0000:06:00.3: new USB bus registered, assigned bus number 2
Apr 01 22:02:23 fedora kernel: xhci_hcd 0000:06:00.3: Host supports USB 3.1 Enhanced SuperSpeed
Apr 01 22:02:23 fedora kernel: usb usb1: New USB device found, idVendor=1d6b, idProduct=0002, bcdDevice= 6.18
Apr 01 22:02:23 fedora kernel: usb usb1: New USB device strings: Mfr=3, Product=2, SerialNumber=1
Apr 01 22:02:23 fedora kernel: usb usb1: Product: xHCI Host Controller
Apr 01 22:02:23 fedora kernel: usb usb1: Manufacturer: Linux 6.18.13-100.fc42.x86_64 xhci-hcd
Apr 01 22:02:23 fedora kernel: usb usb1: SerialNumber: 0000:06:00.3
Apr 01 22:02:23 fedora kernel: hub 1-0:1.0: USB hub found
Apr 01 22:02:23 fedora kernel: hub 1-0:1.0: 4 ports detected
Apr 01 22:02:23 fedora kernel: usb usb2: We don't know the algorithms for LPM for this host, disabling LPM.
Apr 01 22:02:23 fedora kernel: usb usb2: New USB device found, idVendor=1d6b, idProduct=0003, bcdDevice= 6.18
Apr 01 22:02:23 fedora kernel: usb usb2: New USB device strings: Mfr=3, Product=2, SerialNumber=1
Apr 01 22:02:23 fedora kernel: usb usb2: Product: xHCI Host Controller
Apr 01 22:02:23 fedora kernel: usb usb2: Manufacturer: Linux 6.18.13-100.fc42.x86_64 xhci-hcd
Apr 01 22:02:23 fedora kernel: usb usb2: SerialNumber: 0000:06:00.3
Apr 01 22:02:23 fedora kernel: hub 2-0:1.0: USB hub found
Apr 01 22:02:23 fedora kernel: hub 2-0:1.0: 2 ports detected
Apr 01 22:02:23 fedora kernel: xhci_hcd 0000:06:00.4: xHCI Host Controller
Apr 01 22:02:23 fedora kernel: xhci_hcd 0000:06:00.4: new USB bus registered, assigned bus number 3
Apr 01 22:02:23 fedora kernel: xhci_hcd 0000:06:00.4: hcc params 0x0120ffc5 hci version 0x120 quirks 0x0000000200000010
Apr 01 22:02:23 fedora kernel: xhci_hcd 0000:06:00.4: xHCI Host Controller
Apr 01 22:02:23 fedora kernel: xhci_hcd 0000:06:00.4: new USB bus registered, assigned bus number 4
Apr 01 22:02:23 fedora kernel: xhci_hcd 0000:06:00.4: Host supports USB 3.1 Enhanced SuperSpeed
Apr 01 22:02:23 fedora kernel: usb usb3: New USB device found, idVendor=1d6b, idProduct=0002, bcdDevice= 6.18
Apr 01 22:02:23 fedora kernel: usb usb3: New USB device strings: Mfr=3, Product=2, SerialNumber=1
Apr 01 22:02:23 fedora kernel: usb usb3: Product: xHCI Host Controller
Apr 01 22:02:23 fedora kernel: usb usb3: Manufacturer: Linux 6.18.13-100.fc42.x86_64 xhci-hcd
Apr 01 22:02:23 fedora kernel: usb usb3: SerialNumber: 0000:06:00.4
Apr 01 22:02:23 fedora kernel: hub 3-0:1.0: USB hub found
Apr 01 22:02:23 fedora kernel: hub 3-0:1.0: 3 ports detected
Apr 01 22:02:23 fedora kernel: usb usb4: We don't know the algorithms for LPM for this host, disabling LPM.
Apr 01 22:02:23 fedora kernel: usb usb4: New USB device found, idVendor=1d6b, idProduct=0003, bcdDevice= 6.18
Apr 01 22:02:23 fedora kernel: usb usb4: New USB device strings: Mfr=3, Product=2, SerialNumber=1
Apr 01 22:02:23 fedora kernel: usb usb4: Product: xHCI Host Controller
Apr 01 22:02:23 fedora kernel: usb usb4: Manufacturer: Linux 6.18.13-100.fc42.x86_64 xhci-hcd
Apr 01 22:02:23 fedora kernel: usb usb4: SerialNumber: 0000:06:00.4
Apr 01 22:02:23 fedora kernel: hub 4-0:1.0: USB hub found
Apr 01 22:02:23 fedora kernel: hub 4-0:1.0: 2 ports detected
Apr 01 22:02:23 fedora kernel: xhci_hcd 0000:07:00.0: xHCI Host Controller
Apr 01 22:02:23 fedora kernel: xhci_hcd 0000:07:00.0: new USB bus registered, assigned bus number 5
Apr 01 22:02:23 fedora kernel: xhci_hcd 0000:07:00.0: USB3 root hub has no ports
Apr 01 22:02:23 fedora kernel: xhci_hcd 0000:07:00.0: hcc params 0x0110ffc5 hci version 0x120 quirks 0x0000000200000010
Apr 01 22:02:23 fedora kernel: usb usb5: New USB device found, idVendor=1d6b, idProduct=0002, bcdDevice= 6.18
Apr 01 22:02:23 fedora kernel: usb usb5: New USB device strings: Mfr=3, Product=2, SerialNumber=1
Apr 01 22:02:23 fedora kernel: usb usb5: Product: xHCI Host Controller
Apr 01 22:02:23 fedora kernel: usb usb5: Manufacturer: Linux 6.18.13-100.fc42.x86_64 xhci-hcd
Apr 01 22:02:23 fedora kernel: usb usb5: SerialNumber: 0000:07:00.0
Apr 01 22:02:23 fedora kernel: hub 5-0:1.0: USB hub found
Apr 01 22:02:23 fedora kernel: hub 5-0:1.0: 1 port detected
Apr 01 22:02:23 fedora kernel: xhci_hcd 0000:07:00.3: xHCI Host Controller
Apr 01 22:02:23 fedora kernel: xhci_hcd 0000:07:00.3: new USB bus registered, assigned bus number 6
Apr 01 22:02:23 fedora kernel: xhci_hcd 0000:07:00.3: hcc params 0x0110ffc5 hci version 0x120 quirks 0x0000000200000010
Apr 01 22:02:23 fedora kernel: xhci_hcd 0000:07:00.3: xHCI Host Controller
Apr 01 22:02:23 fedora kernel: xhci_hcd 0000:07:00.3: new USB bus registered, assigned bus number 7
Apr 01 22:02:23 fedora kernel: xhci_hcd 0000:07:00.3: Host supports USB 3.1 Enhanced SuperSpeed
Apr 01 22:02:23 fedora kernel: usb usb6: New USB device found, idVendor=1d6b, idProduct=0002, bcdDevice= 6.18
Apr 01 22:02:23 fedora kernel: usb usb6: New USB device strings: Mfr=3, Product=2, SerialNumber=1
Apr 01 22:02:23 fedora kernel: usb usb6: Product: xHCI Host Controller
Apr 01 22:02:23 fedora kernel: usb usb6: Manufacturer: Linux 6.18.13-100.fc42.x86_64 xhci-hcd
Apr 01 22:02:23 fedora kernel: usb usb6: SerialNumber: 0000:07:00.3
Apr 01 22:02:23 fedora kernel: hub 6-0:1.0: USB hub found
Apr 01 22:02:23 fedora kernel: hub 6-0:1.0: 1 port detected
Apr 01 22:02:23 fedora kernel: usb usb7: We don't know the algorithms for LPM for this host, disabling LPM.
Apr 01 22:02:23 fedora kernel: usb usb7: New USB device found, idVendor=1d6b, idProduct=0003, bcdDevice= 6.18
Apr 01 22:02:23 fedora kernel: usb usb7: New USB device strings: Mfr=3, Product=2, SerialNumber=1
Apr 01 22:02:23 fedora kernel: usb usb7: Product: xHCI Host Controller
Apr 01 22:02:23 fedora kernel: usb usb7: Manufacturer: Linux 6.18.13-100.fc42.x86_64 xhci-hcd
Apr 01 22:02:23 fedora kernel: usb usb7: SerialNumber: 0000:07:00.3
Apr 01 22:02:23 fedora kernel: hub 7-0:1.0: USB hub found
Apr 01 22:02:23 fedora kernel: hub 7-0:1.0: 1 port detected
Apr 01 22:02:23 fedora kernel: xhci_hcd 0000:07:00.4: xHCI Host Controller
Apr 01 22:02:23 fedora kernel: xhci_hcd 0000:07:00.4: new USB bus registered, assigned bus number 8
Apr 01 22:02:23 fedora kernel: xhci_hcd 0000:07:00.4: hcc params 0x0110ffc5 hci version 0x120 quirks 0x0000000200000010
Apr 01 22:02:23 fedora kernel: xhci_hcd 0000:07:00.4: xHCI Host Controller
Apr 01 22:02:23 fedora kernel: xhci_hcd 0000:07:00.4: new USB bus registered, assigned bus number 9
Apr 01 22:02:23 fedora kernel: xhci_hcd 0000:07:00.4: Host supports USB 3.1 Enhanced SuperSpeed
Apr 01 22:02:23 fedora kernel: usb usb8: New USB device found, idVendor=1d6b, idProduct=0002, bcdDevice= 6.18
Apr 01 22:02:23 fedora kernel: usb usb8: New USB device strings: Mfr=3, Product=2, SerialNumber=1
Apr 01 22:02:23 fedora kernel: usb usb8: Product: xHCI Host Controller
Apr 01 22:02:23 fedora kernel: usb usb8: Manufacturer: Linux 6.18.13-100.fc42.x86_64 xhci-hcd
Apr 01 22:02:23 fedora kernel: usb usb8: SerialNumber: 0000:07:00.4
Apr 01 22:02:23 fedora kernel: hub 8-0:1.0: USB hub found
Apr 01 22:02:23 fedora kernel: hub 8-0:1.0: 1 port detected
Apr 01 22:02:23 fedora kernel: usb usb9: We don't know the algorithms for LPM for this host, disabling LPM.
Apr 01 22:02:23 fedora kernel: usb usb9: New USB device found, idVendor=1d6b, idProduct=0003, bcdDevice= 6.18
Apr 01 22:02:23 fedora kernel: usb usb9: New USB device strings: Mfr=3, Product=2, SerialNumber=1
Apr 01 22:02:23 fedora kernel: usb usb9: Product: xHCI Host Controller
Apr 01 22:02:23 fedora kernel: usb usb9: Manufacturer: Linux 6.18.13-100.fc42.x86_64 xhci-hcd
Apr 01 22:02:23 fedora kernel: usb usb9: SerialNumber: 0000:07:00.4
Apr 01 22:02:23 fedora kernel: hub 9-0:1.0: USB hub found
Apr 01 22:02:23 fedora kernel: hub 9-0:1.0: 1 port detected
Apr 01 22:02:23 fedora kernel: usbcore: registered new interface driver usbserial_generic
Apr 01 22:02:23 fedora kernel: usbserial: USB Serial support registered for generic
Apr 01 22:02:23 fedora kernel: i8042: PNP: PS/2 Controller [PNP0303:KBC0] at 0x60,0x64 irq 1
Apr 01 22:02:23 fedora kernel: i8042: PNP: PS/2 appears to have AUX port disabled, if this is incorrect please boot with i8042.nopnp
Apr 01 22:02:23 fedora kernel: serio: i8042 KBD port at 0x60,0x64 irq 1
Apr 01 22:02:23 fedora kernel: mousedev: PS/2 mouse device common for all mice
Apr 01 22:02:23 fedora kernel: rtc_cmos 00:01: RTC can wake from S4
Apr 01 22:02:23 fedora kernel: rtc_cmos 00:01: registered as rtc0
Apr 01 22:02:23 fedora kernel: rtc_cmos 00:01: setting system clock to 2026-04-01T16:32:23 UTC (1775061143)
Apr 01 22:02:23 fedora kernel: rtc_cmos 00:01: alarms up to one month, 114 bytes nvram
Apr 01 22:02:23 fedora kernel: device-mapper: core: CONFIG_IMA_DISABLE_HTABLE is disabled. Duplicate IMA measurements will not be recorded in the IMA log.
Apr 01 22:02:23 fedora kernel: device-mapper: uevent: version 1.0.3
Apr 01 22:02:23 fedora kernel: device-mapper: ioctl: 4.50.0-ioctl (2025-04-28) initialised: dm-devel@lists.linux.dev
Apr 01 22:02:23 fedora kernel: input: AT Translated Set 2 keyboard as /devices/platform/i8042/serio0/input/input2
Apr 01 22:02:23 fedora kernel: simple-framebuffer simple-framebuffer.0: [drm] Registered 1 planes with drm panic
Apr 01 22:02:23 fedora kernel: [drm] Initialized simpledrm 1.0.0 for simple-framebuffer.0 on minor 0
Apr 01 22:02:23 fedora kernel: fbcon: Deferring console take-over
Apr 01 22:02:23 fedora kernel: simple-framebuffer simple-framebuffer.0: [drm] fb0: simpledrmdrmfb frame buffer device
Apr 01 22:02:23 fedora kernel: ccp 0000:06:00.2: enabling device (0000 -> 0002)
Apr 01 22:02:23 fedora kernel: ccp 0000:06:00.2: tee enabled
Apr 01 22:02:23 fedora kernel: ccp 0000:06:00.2: psp enabled
Apr 01 22:02:23 fedora kernel: hid: raw HID events driver (C) Jiri Kosina
Apr 01 22:02:23 fedora kernel: usbcore: registered new interface driver usbhid
Apr 01 22:02:23 fedora kernel: usbhid: USB HID core driver
Apr 01 22:02:23 fedora kernel: drop_monitor: Initializing network drop monitor service
Apr 01 22:02:23 fedora kernel: Initializing XFRM netlink socket
Apr 01 22:02:23 fedora kernel: NET: Registered PF_INET6 protocol family
Apr 01 22:02:23 fedora kernel: Segment Routing with IPv6
Apr 01 22:02:23 fedora kernel: RPL Segment Routing with IPv6
Apr 01 22:02:23 fedora kernel: In-situ OAM (IOAM) with IPv6
Apr 01 22:02:23 fedora kernel: mip6: Mobile IPv6
Apr 01 22:02:23 fedora kernel: NET: Registered PF_PACKET protocol family
Apr 01 22:02:23 fedora kernel: x86/amd: Previous system reset reason [0x00080800]: software wrote 0x6 to reset control register 0xCF9
Apr 01 22:02:23 fedora kernel: microcode: Current revision: 0x0a40410a
Apr 01 22:02:23 fedora kernel: resctrl: L3 allocation detected
Apr 01 22:02:23 fedora kernel: resctrl: MB allocation detected
Apr 01 22:02:23 fedora kernel: resctrl: L3 monitoring detected
Apr 01 22:02:23 fedora kernel: IPI shorthand broadcast: enabled
Apr 01 22:02:23 fedora kernel: sched_clock: Marking stable (704204317, 1507236)->(743462369, -37750816)
Apr 01 22:02:23 fedora kernel: registered taskstats version 1
Apr 01 22:02:23 fedora kernel: ACPI: battery: Slot [BAT1] (battery present)
Apr 01 22:02:23 fedora kernel: Loading compiled-in X.509 certificates
Apr 01 22:02:23 fedora kernel: Loaded X.509 cert 'Fedora kernel signing key: 42c3a6071f6c54afa96a6ed86367048b2142015d'
Apr 01 22:02:23 fedora kernel: Freeing initrd memory: 147720K
Apr 01 22:02:23 fedora kernel: Loaded X.509 cert 'Fedora IMA CA: a8a00c31663f853f9c6ff2564872e378af026b28'
Apr 01 22:02:23 fedora kernel: Demotion targets for Node 0: null
Apr 01 22:02:23 fedora kernel: page_owner is disabled
Apr 01 22:02:23 fedora kernel: Key type .fscrypt registered
Apr 01 22:02:23 fedora kernel: Key type fscrypt-provisioning registered
Apr 01 22:02:23 fedora kernel: Btrfs loaded, zoned=yes, fsverity=yes
Apr 01 22:02:23 fedora kernel: Key type big_key registered
Apr 01 22:02:23 fedora kernel: Key type trusted registered
Apr 01 22:02:23 fedora kernel: Key type encrypted registered
Apr 01 22:02:23 fedora kernel: integrity: Loading X.509 certificate: UEFI:db
Apr 01 22:02:23 fedora kernel: integrity: Loaded X.509 cert 'Microsoft Corporation: Windows UEFI CA 2023: aefc5fbbbe055d8f8daa585473499417ab5a5272'
Apr 01 22:02:23 fedora kernel: integrity: Loading X.509 certificate: UEFI:db
Apr 01 22:02:23 fedora kernel: integrity: Loaded X.509 cert 'Microsoft Windows Production PCA 2011: a92902398e16c49778cd90f99e4f9ae17c55af53'
Apr 01 22:02:23 fedora kernel: integrity: Loading X.509 certificate: UEFI:db
Apr 01 22:02:23 fedora kernel: integrity: Loaded X.509 cert 'Microsoft Corporation UEFI CA 2011: 13adbf4309bd82709c8cd54f316ed522988a1bd4'
Apr 01 22:02:23 fedora kernel: integrity: Loading X.509 certificate: UEFI:db
Apr 01 22:02:23 fedora kernel: integrity: Loaded X.509 cert 'OK Certificate: c8c73a37546046ab495c33f4d0856052'
Apr 01 22:02:23 fedora kernel: Loading compiled-in module X.509 certificates
Apr 01 22:02:23 fedora kernel: Loaded X.509 cert 'Fedora kernel signing key: 42c3a6071f6c54afa96a6ed86367048b2142015d'
Apr 01 22:02:23 fedora kernel: ima: Allocated hash algorithm: sha256
Apr 01 22:02:23 fedora kernel: ima: No architecture policies found
Apr 01 22:02:23 fedora kernel: evm: Initialising EVM extended attributes:
Apr 01 22:02:23 fedora kernel: evm: security.selinux
Apr 01 22:02:23 fedora kernel: evm: security.SMACK64 (disabled)
Apr 01 22:02:23 fedora kernel: evm: security.SMACK64EXEC (disabled)
Apr 01 22:02:23 fedora kernel: evm: security.SMACK64TRANSMUTE (disabled)
Apr 01 22:02:23 fedora kernel: evm: security.SMACK64MMAP (disabled)
Apr 01 22:02:23 fedora kernel: evm: security.apparmor (disabled)
Apr 01 22:02:23 fedora kernel: evm: security.ima
Apr 01 22:02:23 fedora kernel: evm: security.capability
Apr 01 22:02:23 fedora kernel: evm: HMAC attrs: 0x1
Apr 01 22:02:23 fedora kernel: alg: No test for 842 (842-scomp)
Apr 01 22:02:23 fedora kernel: PM:   Magic number: 6:237:539
Apr 01 22:02:23 fedora kernel: tty ttyS19: hash matches
Apr 01 22:02:23 fedora kernel: port serial8250:0.18: hash matches
Apr 01 22:02:23 fedora kernel: RAS: Correctable Errors collector initialized.
Apr 01 22:02:23 fedora kernel: clk: Disabling unused clocks
Apr 01 22:02:23 fedora kernel: PM: genpd: Disabling unused power domains
Apr 01 22:02:23 fedora kernel: Freeing unused decrypted memory: 2028K
Apr 01 22:02:23 fedora kernel: Freeing unused kernel image (initmem) memory: 5156K
Apr 01 22:02:23 fedora kernel: Write protecting the kernel read-only data: 40960k
Apr 01 22:02:23 fedora kernel: Freeing unused kernel image (text/rodata gap) memory: 260K
Apr 01 22:02:23 fedora kernel: Freeing unused kernel image (rodata/data gap) memory: 884K
Apr 01 22:02:23 fedora kernel: x86/mm: Checked W+X mappings: passed, no W+X pages found.
Apr 01 22:02:23 fedora kernel: Run /init as init process
Apr 01 22:02:23 fedora kernel:   with arguments:
Apr 01 22:02:23 fedora kernel:     /init
Apr 01 22:02:23 fedora kernel:     rhgb
Apr 01 22:02:23 fedora kernel:   with environment:
Apr 01 22:02:23 fedora kernel:     HOME=/
Apr 01 22:02:23 fedora kernel:     TERM=linux
Apr 01 22:02:23 fedora kernel: usb 3-1: new low-speed USB device number 2 using xhci_hcd
Apr 01 22:02:23 fedora kernel: usb 1-3: new high-speed USB device number 2 using xhci_hcd
Apr 01 22:02:23 fedora systemd[1]: Successfully made /usr/ read-only.
Apr 01 22:02:23 fedora systemd[1]: systemd 257.10-1.fc42 running in system mode (+PAM +AUDIT +SELINUX -APPARMOR +IMA +IPE +SMACK +SECCOMP -GCRYPT +GNUTLS +OPENSSL +ACL +BLKID +CURL +ELFUTILS +FIDO2 +IDN2 -IDN -IPTC +KMOD +LIBCRYPTSETUP +LIBCRYPTSETUP_PLUGINS +LIBFDISK +PCRE2 +PWQUALITY +P11KIT +QRENCODE +TPM2 +BZIP2 +LZ4 +XZ +ZLIB +ZSTD +BPF_FRAMEWORK +BTF +XKBCOMMON +UTMP +SYSVINIT +LIBARCHIVE)
Apr 01 22:02:23 fedora systemd[1]: Detected architecture x86-64.
Apr 01 22:02:23 fedora systemd[1]: Running in initrd.
Apr 01 22:02:23 fedora systemd[1]: No hostname configured, using default hostname.
Apr 01 22:02:23 fedora systemd[1]: Hostname set to <fedora>.
Apr 01 22:02:23 fedora systemd[1]: bpf-restrict-fs: LSM BPF program attached
Apr 01 22:02:23 fedora kernel: usb 1-3: New USB device found, idVendor=174f, idProduct=246d, bcdDevice= 0.11
Apr 01 22:02:23 fedora kernel: usb 1-3: New USB device strings: Mfr=3, Product=1, SerialNumber=2
Apr 01 22:02:23 fedora kernel: usb 1-3: Product: Integrated Camera
Apr 01 22:02:23 fedora kernel: usb 1-3: Manufacturer:  
Apr 01 22:02:23 fedora kernel: usb 1-3: SerialNumber: 0001
Apr 01 22:02:23 fedora kernel: usb 3-1: New USB device found, idVendor=1bcf, idProduct=08a0, bcdDevice= 1.04
Apr 01 22:02:23 fedora kernel: usb 3-1: New USB device strings: Mfr=0, Product=0, SerialNumber=0
Apr 01 22:02:23 fedora kernel: input: HID 1bcf:08a0 Mouse as /devices/pci0000:00/0000:00:08.1/0000:06:00.4/usb3/3-1/3-1:1.0/0003:1BCF:08A0.0001/input/input3
Apr 01 22:02:23 fedora kernel: input: HID 1bcf:08a0 Keyboard as /devices/pci0000:00/0000:00:08.1/0000:06:00.4/usb3/3-1/3-1:1.0/0003:1BCF:08A0.0001/input/input4
Apr 01 22:02:23 fedora systemd[1]: Queued start job for default target initrd.target.
Apr 01 22:02:23 fedora systemd[1]: Expecting device dev-disk-by\x2duuid-a6910cee\x2d009e\x2d4b56\x2dbb0c\x2d1ad780bdf0b6.device - /dev/disk/by-uuid/a6910cee-009e-4b56-bb0c-1ad780bdf0b6...
Apr 01 22:02:23 fedora systemd[1]: Reached target initrd-usr-fs.target - Initrd /usr File System.
Apr 01 22:02:23 fedora systemd[1]: Reached target slices.target - Slice Units.
Apr 01 22:02:23 fedora systemd[1]: Reached target swap.target - Swaps.
Apr 01 22:02:23 fedora systemd[1]: Reached target timers.target - Timer Units.
Apr 01 22:02:23 fedora systemd[1]: Listening on systemd-journald-dev-log.socket - Journal Socket (/dev/log).
Apr 01 22:02:23 fedora systemd[1]: Listening on systemd-journald.socket - Journal Sockets.
Apr 01 22:02:23 fedora systemd[1]: Listening on systemd-udevd-control.socket - udev Control Socket.
Apr 01 22:02:23 fedora systemd[1]: Listening on systemd-udevd-kernel.socket - udev Kernel Socket.
Apr 01 22:02:23 fedora systemd[1]: Reached target sockets.target - Socket Units.
Apr 01 22:02:23 fedora systemd[1]: Starting kmod-static-nodes.service - Create List of Static Device Nodes...
Apr 01 22:02:23 fedora systemd[1]: memstrack.service - Memstrack Anylazing Service was skipped because no trigger condition checks were met.
Apr 01 22:02:23 fedora systemd[1]: Starting systemd-journald.service - Journal Service...
Apr 01 22:02:23 fedora systemd[1]: Starting systemd-modules-load.service - Load Kernel Modules...
Apr 01 22:02:23 fedora systemd[1]: systemd-pcrphase-initrd.service - TPM PCR Barrier (initrd) was skipped because of an unmet condition check (ConditionSecurity=measured-uki).
Apr 01 22:02:23 fedora systemd[1]: Starting systemd-vconsole-setup.service - Virtual Console Setup...
Apr 01 22:02:23 fedora systemd[1]: Finished kmod-static-nodes.service - Create List of Static Device Nodes.
Apr 01 22:02:23 fedora systemd[1]: Starting systemd-tmpfiles-setup-dev-early.service - Create Static Device Nodes in /dev gracefully...
Apr 01 22:02:23 fedora systemd-journald[302]: Collecting audit messages is disabled.
Apr 01 22:02:23 fedora systemd[1]: Finished systemd-tmpfiles-setup-dev-early.service - Create Static Device Nodes in /dev gracefully.
Apr 01 22:02:23 fedora systemd[1]: Starting systemd-sysusers.service - Create System Users...
Apr 01 22:02:23 fedora kernel: fuse: init (API version 7.45)
Apr 01 22:02:23 fedora kernel: i2c_dev: i2c /dev entries driver
Apr 01 22:02:23 fedora systemd[1]: Finished systemd-modules-load.service - Load Kernel Modules.
Apr 01 22:02:23 fedora systemd[1]: Starting systemd-sysctl.service - Apply Kernel Variables...
Apr 01 22:02:23 fedora systemd[1]: Finished systemd-sysusers.service - Create System Users.
Apr 01 22:02:23 fedora systemd[1]: Starting systemd-tmpfiles-setup-dev.service - Create Static Device Nodes in /dev...
Apr 01 22:02:23 fedora systemd[1]: Finished systemd-vconsole-setup.service - Virtual Console Setup.
Apr 01 22:02:23 fedora systemd[1]: Starting dracut-cmdline-ask.service - dracut ask for additional cmdline parameters...
Apr 01 22:02:23 fedora systemd[1]: Finished systemd-tmpfiles-setup-dev.service - Create Static Device Nodes in /dev.
Apr 01 22:02:23 fedora systemd[1]: Reached target local-fs-pre.target - Preparation for Local File Systems.
Apr 01 22:02:23 fedora systemd[1]: Reached target local-fs.target - Local File Systems.
Apr 01 22:02:23 fedora systemd[1]: Finished dracut-cmdline-ask.service - dracut ask for additional cmdline parameters.
Apr 01 22:02:23 fedora systemd[1]: Starting dracut-cmdline.service - dracut cmdline hook...
Apr 01 22:02:23 fedora systemd-journald[302]: Journal started
Apr 01 22:02:23 fedora systemd-journald[302]: Runtime Journal (/run/log/journal/3092e47ce2fc41378fb626141642a2f0) is 8M, max 474M, 466M free.
Apr 01 22:02:23 fedora systemd-vconsole-setup[305]: /usr/bin/setfont failed with a "system error" (EX_OSERR), ignoring.
Apr 01 22:02:23 fedora systemd-modules-load[304]: Inserted module 'fuse'
Apr 01 22:02:23 fedora systemd-modules-load[304]: Inserted module 'i2c_dev'
Apr 01 22:02:23 fedora systemd-modules-load[304]: Module 'msr' is built in
Apr 01 22:02:23 fedora systemd-sysusers[318]: Creating group 'systemd-journal' with GID 190.
Apr 01 22:02:23 fedora systemd-vconsole-setup[312]: setfont: ERROR kdfontop.c:212 put_font_kdfontop: Unable to load such font with such kernel version
Apr 01 22:02:23 fedora systemd-sysusers[318]: Creating group 'tss' with GID 59.
Apr 01 22:02:23 fedora systemd-sysusers[318]: Creating user 'tss' (Account used for TPM access) with UID 59 and GID 59.
Apr 01 22:02:23 fedora systemd-vconsole-setup[305]: Setting source virtual console failed, ignoring remaining ones.
Apr 01 22:02:23 fedora systemd[1]: Started systemd-journald.service - Journal Service.
Apr 01 22:02:23 fedora dracut-cmdline[336]: dracut-107-4.fc42
Apr 01 22:02:23 fedora systemd[1]: Starting systemd-tmpfiles-setup.service - Create System Files and Directories...
Apr 01 22:02:23 fedora dracut-cmdline[336]: Using kernel command line parameters:  rd.driver.pre=btrfs   BOOT_IMAGE=(hd0,gpt2)/vmlinuz-6.18.13-100.fc42.x86_64 root=UUID=a6910cee-009e-4b56-bb0c-1ad780bdf0b6 ro rootflags=subvol=root rhgb quiet rd.driver.blacklist=nouveau,nova_core modprobe.blacklist=nouveau,nova_core
Apr 01 22:02:23 fedora kernel: usb 1-4: new high-speed USB device number 3 using xhci_hcd
Apr 01 22:02:23 fedora systemd-tmpfiles[352]: /usr/lib/tmpfiles.d/var.conf:14: Duplicate line for path "/var/log", ignoring.
Apr 01 22:02:23 fedora systemd[1]: Finished systemd-tmpfiles-setup.service - Create System Files and Directories.
Apr 01 22:02:23 fedora kernel: input: HID 1bcf:08a0 as /devices/pci0000:00/0000:00:08.1/0000:06:00.4/usb3/3-1/3-1:1.0/0003:1BCF:08A0.0001/input/input5
Apr 01 22:02:23 fedora kernel: hid-generic 0003:1BCF:08A0.0001: input,hiddev96,hidraw0: USB HID v1.10 Mouse [HID 1bcf:08a0] on usb-0000:06:00.4-1/input0
Apr 01 22:02:23 fedora systemd[1]: Finished systemd-sysctl.service - Apply Kernel Variables.
Apr 01 22:02:23 fedora systemd[1]: Finished dracut-cmdline.service - dracut cmdline hook.
Apr 01 22:02:24 fedora systemd[1]: Starting dracut-pre-udev.service - dracut pre-udev hook...
Apr 01 22:02:24 fedora systemd[1]: Finished dracut-pre-udev.service - dracut pre-udev hook.
Apr 01 22:02:24 fedora systemd[1]: Starting systemd-udevd.service - Rule-based Manager for Device Events and Files...
Apr 01 22:02:24 fedora systemd-udevd[420]: Using default interface naming scheme 'v257'.
Apr 01 22:02:24 fedora systemd[1]: Started systemd-udevd.service - Rule-based Manager for Device Events and Files.
Apr 01 22:02:24 fedora systemd[1]: dracut-pre-trigger.service - dracut pre-trigger hook was skipped because no trigger condition checks were met.
Apr 01 22:02:24 fedora systemd[1]: Starting systemd-udev-trigger.service - Coldplug All udev Devices...
Apr 01 22:02:24 fedora kernel: usb 1-4: New USB device found, idVendor=0489, idProduct=e0cd, bcdDevice= 1.00
Apr 01 22:02:24 fedora kernel: usb 1-4: New USB device strings: Mfr=5, Product=6, SerialNumber=7
Apr 01 22:02:24 fedora kernel: usb 1-4: Product: Wireless_Device
Apr 01 22:02:24 fedora kernel: usb 1-4: Manufacturer: MediaTek Inc.
Apr 01 22:02:24 fedora kernel: usb 1-4: SerialNumber: 000000000
Apr 01 22:02:24 fedora kernel: usb 3-2: new full-speed USB device number 3 using xhci_hcd
Apr 01 22:02:24 fedora systemd[1]: Created slice system-modprobe.slice - Slice /system/modprobe.
Apr 01 22:02:24 fedora systemd[1]: Starting modprobe@configfs.service - Load Kernel Module configfs...
Apr 01 22:02:24 fedora systemd[1]: Condition check resulted in dev-tpmrm0.device - /dev/tpmrm0 being skipped.
Apr 01 22:02:24 fedora systemd[1]: Reached target tpm2.target - Trusted Platform Module.
Apr 01 22:02:24 fedora systemd[1]: Finished systemd-udev-trigger.service - Coldplug All udev Devices.
Apr 01 22:02:24 fedora systemd[1]: modprobe@configfs.service: Deactivated successfully.
Apr 01 22:02:24 fedora systemd[1]: Finished modprobe@configfs.service - Load Kernel Module configfs.
Apr 01 22:02:24 fedora systemd[1]: dracut-initqueue.service - dracut initqueue hook was skipped because no trigger condition checks were met.
Apr 01 22:02:24 fedora systemd[1]: Reached target remote-fs-pre.target - Preparation for Remote File Systems.
Apr 01 22:02:24 fedora systemd[1]: Reached target remote-fs.target - Remote File Systems.
Apr 01 22:02:24 fedora systemd[1]: dracut-pre-mount.service - dracut pre-mount hook was skipped because no trigger condition checks were met.
Apr 01 22:02:24 fedora systemd[1]: Starting plymouth-start.service - Show Plymouth Boot Screen...
Apr 01 22:02:24 fedora systemd[1]: Received SIGRTMIN+20 from PID 475 (plymouthd).
Apr 01 22:02:24 fedora kernel: sp5100_tco: SP5100/SB800 TCO WatchDog Timer Driver
Apr 01 22:02:24 fedora kernel: sp5100-tco sp5100-tco: Using 0xfeb00000 for watchdog MMIO address
Apr 01 22:02:24 fedora kernel: sp5100-tco sp5100-tco: initialized. heartbeat=60 sec (nowayout=0)
Apr 01 22:02:24 fedora systemd[1]: systemd-vconsole-setup.service: Deactivated successfully.
Apr 01 22:02:24 fedora systemd[1]: Stopped systemd-vconsole-setup.service - Virtual Console Setup.
Apr 01 22:02:24 fedora systemd[1]: Stopping systemd-vconsole-setup.service - Virtual Console Setup...
Apr 01 22:02:24 fedora systemd[1]: Starting systemd-vconsole-setup.service - Virtual Console Setup...
Apr 01 22:02:24 fedora kernel: ACPI: bus type thunderbolt registered
Apr 01 22:02:24 fedora kernel: usb 3-2: New USB device found, idVendor=258a, idProduct=002a, bcdDevice=90.36
Apr 01 22:02:24 fedora kernel: usb 3-2: New USB device strings: Mfr=1, Product=2, SerialNumber=0
Apr 01 22:02:24 fedora kernel: usb 3-2: Product: Gaming KB 
Apr 01 22:02:24 fedora kernel: usb 3-2: Manufacturer: SINO WEALTH
Apr 01 22:02:24 fedora systemd-vconsole-setup[491]: setfont: ERROR kdfontop.c:212 put_font_kdfontop: Unable to load such font with such kernel version
Apr 01 22:02:24 fedora systemd-vconsole-setup[488]: /usr/bin/setfont failed with a "system error" (EX_OSERR), ignoring.
Apr 01 22:02:24 fedora kernel: input: SINO WEALTH Gaming KB  as /devices/pci0000:00/0000:00:08.1/0000:06:00.4/usb3/3-2/3-2:1.0/0003:258A:002A.0002/input/input6
Apr 01 22:02:24 fedora systemd-vconsole-setup[488]: Setting source virtual console failed, ignoring remaining ones.
Apr 01 22:02:24 fedora systemd[1]: Finished systemd-vconsole-setup.service - Virtual Console Setup.
Apr 01 22:02:24 fedora kernel: input: ELAN06FA:00 04F3:327E Mouse as /devices/platform/AMDI0010:00/i2c-0/i2c-ELAN06FA:00/0018:04F3:327E.0003/input/input7
Apr 01 22:02:24 fedora kernel: tsc: Refined TSC clocksource calibration: 3094.172 MHz
Apr 01 22:02:24 fedora kernel: clocksource: tsc: mask: 0xffffffffffffffff max_cycles: 0x2c99c65ff9b, max_idle_ns: 440795348602 ns
Apr 01 22:02:24 fedora kernel: clocksource: Switched to clocksource tsc
Apr 01 22:02:24 fedora systemd[1]: Started plymouth-start.service - Show Plymouth Boot Screen.
Apr 01 22:02:24 fedora systemd[1]: systemd-ask-password-console.path - Dispatch Password Requests to Console Directory Watch was skipped because of an unmet condition check (ConditionPathExists=!/run/plymouth/pid).
Apr 01 22:02:24 fedora systemd[1]: Started systemd-ask-password-plymouth.path - Forward Password Requests to Plymouth Directory Watch.
Apr 01 22:02:24 fedora systemd[1]: Reached target paths.target - Path Units.
Apr 01 22:02:24 fedora kernel: hid-generic 0003:258A:002A.0002: input,hidraw1: USB HID v1.11 Keyboard [SINO WEALTH Gaming KB ] on usb-0000:06:00.4-2/input0
Apr 01 22:02:24 fedora kernel: input: ELAN06FA:00 04F3:327E Touchpad as /devices/platform/AMDI0010:00/i2c-0/i2c-ELAN06FA:00/0018:04F3:327E.0003/input/input9
Apr 01 22:02:24 fedora kernel: hid-generic 0018:04F3:327E.0003: input,hidraw2: I2C HID v1.00 Mouse [ELAN06FA:00 04F3:327E] on i2c-ELAN06FA:00
Apr 01 22:02:24 fedora systemd[1]: Starting systemd-battery-check.service - Check battery level during early boot...
Apr 01 22:02:24 fedora kernel: ACPI: video: [Firmware Bug]: ACPI(PEGP) defines _DOD but not _DOS
Apr 01 22:02:24 fedora kernel: ACPI: video: Video Device [PEGP] (multi-head: yes  rom: no  post: no)
Apr 01 22:02:24 fedora kernel: input: SINO WEALTH Gaming KB  System Control as /devices/pci0000:00/0000:00:08.1/0000:06:00.4/usb3/3-2/3-2:1.1/0003:258A:002A.0004/input/input10
Apr 01 22:02:24 fedora kernel: input: Video Bus as /devices/LNXSYSTM:00/LNXSYBUS:00/PNP0A08:00/device:00/LNXVIDEO:00/input/input13
Apr 01 22:02:24 fedora kernel: Key type psk registered
Apr 01 22:02:24 fedora systemd[1]: Finished systemd-battery-check.service - Check battery level during early boot.
Apr 01 22:02:24 fedora kernel: nvme 0000:04:00.0: platform quirk: setting simple suspend
Apr 01 22:02:24 fedora kernel: nvme 0000:05:00.0: platform quirk: setting simple suspend
Apr 01 22:02:24 fedora kernel: nvme nvme1: pci function 0000:05:00.0
Apr 01 22:02:24 fedora kernel: nvme nvme0: pci function 0000:04:00.0
Apr 01 22:02:24 fedora kernel: nvme nvme1: allocated 64 MiB host memory buffer (1 segment).
Apr 01 22:02:24 fedora kernel: nvme nvme1: 16/0/0 default/read/poll queues
Apr 01 22:02:24 fedora kernel:  nvme1n1: p1 p2 p3
Apr 01 22:02:24 fedora kernel: nvme nvme0: allocated 64 MiB host memory buffer (1 segment).
Apr 01 22:02:24 fedora kernel: input: ELAN06FA:00 04F3:327E Mouse as /devices/platform/AMDI0010:00/i2c-0/i2c-ELAN06FA:00/0018:04F3:327E.0003/input/input14
Apr 01 22:02:24 fedora kernel: nvme nvme0: 16/0/0 default/read/poll queues
Apr 01 22:02:24 fedora kernel:  nvme0n1: p1 p2 p3 p4 p5
Apr 01 22:02:24 fedora kernel: input: SINO WEALTH Gaming KB  Consumer Control as /devices/pci0000:00/0000:00:08.1/0000:06:00.4/usb3/3-2/3-2:1.1/0003:258A:002A.0004/input/input11
Apr 01 22:02:24 fedora kernel: ACPI: video: Video Device [VGA] (multi-head: yes  rom: no  post: no)
Apr 01 22:02:24 fedora kernel: input: ELAN06FA:00 04F3:327E Touchpad as /devices/platform/AMDI0010:00/i2c-0/i2c-ELAN06FA:00/0018:04F3:327E.0003/input/input16
Apr 01 22:02:24 fedora kernel: input: SINO WEALTH Gaming KB  Keyboard as /devices/pci0000:00/0000:00:08.1/0000:06:00.4/usb3/3-2/3-2:1.1/0003:258A:002A.0004/input/input12
Apr 01 22:02:24 fedora kernel: hid-multitouch 0018:04F3:327E.0003: input,hidraw2: I2C HID v1.00 Mouse [ELAN06FA:00 04F3:327E] on i2c-ELAN06FA:00
Apr 01 22:02:24 fedora kernel: input: Video Bus as /devices/LNXSYSTM:00/LNXSYBUS:00/PNP0A08:00/device:18/LNXVIDEO:01/input/input17
Apr 01 22:02:24 fedora kernel: hid-generic 0003:258A:002A.0004: input,hiddev97,hidraw3: USB HID v1.11 Keyboard [SINO WEALTH Gaming KB ] on usb-0000:06:00.4-2/input1
Apr 01 22:02:24 fedora systemd[1]: Found device dev-disk-by\x2duuid-a6910cee\x2d009e\x2d4b56\x2dbb0c\x2d1ad780bdf0b6.device - WD Blue SN5100 500GB fedora.
Apr 01 22:02:24 fedora systemd[1]: Reached target initrd-root-device.target - Initrd Root Device.
Apr 01 22:02:24 fedora systemd[1]: Starting systemd-fsck-root.service - File System Check on /dev/disk/by-uuid/a6910cee-009e-4b56-bb0c-1ad780bdf0b6...
Apr 01 22:02:24 fedora systemd[1]: Finished systemd-fsck-root.service - File System Check on /dev/disk/by-uuid/a6910cee-009e-4b56-bb0c-1ad780bdf0b6.
Apr 01 22:02:24 fedora kernel: usb 3-3: new full-speed USB device number 4 using xhci_hcd
Apr 01 22:02:24 fedora systemd[1]: Mounting sys-kernel-config.mount - Kernel Configuration File System...
Apr 01 22:02:24 fedora systemd[1]: Mounting sysroot.mount - /sysroot...
Apr 01 22:02:24 fedora systemd[1]: Mounted sys-kernel-config.mount - Kernel Configuration File System.
Apr 01 22:02:24 fedora systemd[1]: Reached target sysinit.target - System Initialization.
Apr 01 22:02:24 fedora systemd[1]: Reached target basic.target - Basic System.
Apr 01 22:02:24 fedora kernel: BTRFS: device label fedora devid 1 transid 224093 /dev/nvme1n1p3 (259:3) scanned by mount (521)
Apr 01 22:02:24 fedora kernel: BTRFS info (device nvme1n1p3): first mount of filesystem a6910cee-009e-4b56-bb0c-1ad780bdf0b6
Apr 01 22:02:24 fedora kernel: BTRFS info (device nvme1n1p3): using crc32c (crc32c-lib) checksum algorithm
Apr 01 22:02:24 fedora kernel: BTRFS info (device nvme1n1p3): enabling ssd optimizations
Apr 01 22:02:24 fedora kernel: BTRFS info (device nvme1n1p3): turning on async discard
Apr 01 22:02:24 fedora kernel: BTRFS info (device nvme1n1p3): enabling free space tree
Apr 01 22:02:24 fedora systemd[1]: Mounted sysroot.mount - /sysroot.
Apr 01 22:02:24 fedora systemd[1]: Reached target initrd-root-fs.target - Initrd Root File System.
Apr 01 22:02:24 fedora systemd[1]: Starting initrd-parse-etc.service - Mountpoints Configured in the Real Root...
Apr 01 22:02:24 fedora systemd[1]: initrd-parse-etc.service: Deactivated successfully.
Apr 01 22:02:24 fedora systemd[1]: Finished initrd-parse-etc.service - Mountpoints Configured in the Real Root.
Apr 01 22:02:24 fedora systemd[1]: Reached target initrd-fs.target - Initrd File Systems.
Apr 01 22:02:24 fedora systemd[1]: Reached target initrd.target - Initrd Default Target.
Apr 01 22:02:24 fedora systemd[1]: dracut-mount.service - dracut mount hook was skipped because no trigger condition checks were met.
Apr 01 22:02:24 fedora systemd[1]: Starting dracut-pre-pivot.service - dracut pre-pivot and cleanup hook...
Apr 01 22:02:25 fedora systemd[1]: Finished dracut-pre-pivot.service - dracut pre-pivot and cleanup hook.
Apr 01 22:02:25 fedora systemd[1]: Starting initrd-cleanup.service - Cleaning Up and Shutting Down Daemons...
Apr 01 22:02:25 fedora systemd[1]: Stopped target timers.target - Timer Units.
Apr 01 22:02:25 fedora systemd[1]: Stopped target tpm2.target - Trusted Platform Module.
Apr 01 22:02:25 fedora systemd[1]: dracut-pre-pivot.service: Deactivated successfully.
Apr 01 22:02:25 fedora systemd[1]: Stopped dracut-pre-pivot.service - dracut pre-pivot and cleanup hook.
Apr 01 22:02:25 fedora systemd[1]: Stopped target initrd.target - Initrd Default Target.
Apr 01 22:02:25 fedora systemd[1]: Stopped target basic.target - Basic System.
Apr 01 22:02:25 fedora systemd[1]: Stopped target initrd-root-device.target - Initrd Root Device.
Apr 01 22:02:25 fedora systemd[1]: Stopped target initrd-usr-fs.target - Initrd /usr File System.
Apr 01 22:02:25 fedora systemd[1]: Stopped target paths.target - Path Units.
Apr 01 22:02:25 fedora systemd[1]: Stopped target remote-fs.target - Remote File Systems.
Apr 01 22:02:25 fedora systemd[1]: Stopped target remote-fs-pre.target - Preparation for Remote File Systems.
Apr 01 22:02:25 fedora systemd[1]: Stopped target slices.target - Slice Units.
Apr 01 22:02:25 fedora systemd[1]: Stopped target sockets.target - Socket Units.
Apr 01 22:02:25 fedora systemd[1]: Stopped target sysinit.target - System Initialization.
Apr 01 22:02:25 fedora systemd[1]: Stopped target swap.target - Swaps.
Apr 01 22:02:25 fedora systemd[1]: Starting plymouth-switch-root.service - Plymouth switch root service...
Apr 01 22:02:25 fedora systemd[1]: systemd-battery-check.service: Deactivated successfully.
Apr 01 22:02:25 fedora systemd[1]: Stopped systemd-battery-check.service - Check battery level during early boot.
Apr 01 22:02:25 fedora systemd[1]: systemd-sysctl.service: Deactivated successfully.
Apr 01 22:02:25 fedora systemd[1]: Stopped systemd-sysctl.service - Apply Kernel Variables.
Apr 01 22:02:25 fedora systemd[1]: systemd-modules-load.service: Deactivated successfully.
Apr 01 22:02:25 fedora systemd[1]: Stopped systemd-modules-load.service - Load Kernel Modules.
Apr 01 22:02:25 fedora systemd[1]: systemd-tmpfiles-setup.service: Deactivated successfully.
Apr 01 22:02:25 fedora systemd[1]: Stopped systemd-tmpfiles-setup.service - Create System Files and Directories.
Apr 01 22:02:25 fedora systemd[1]: Stopped target local-fs.target - Local File Systems.
Apr 01 22:02:25 fedora systemd[1]: Stopped target local-fs-pre.target - Preparation for Local File Systems.
Apr 01 22:02:25 fedora systemd[1]: systemd-udev-trigger.service: Deactivated successfully.
Apr 01 22:02:25 fedora systemd[1]: Stopped systemd-udev-trigger.service - Coldplug All udev Devices.
Apr 01 22:02:25 fedora systemd[1]: Stopping systemd-udevd.service - Rule-based Manager for Device Events and Files...
Apr 01 22:02:25 fedora systemd[1]: initrd-cleanup.service: Deactivated successfully.
Apr 01 22:02:25 fedora systemd[1]: Finished initrd-cleanup.service - Cleaning Up and Shutting Down Daemons.
Apr 01 22:02:25 fedora systemd[1]: Finished plymouth-switch-root.service - Plymouth switch root service.
Apr 01 22:02:30 fedora kernel: usb 3-3: New USB device found, idVendor=048d, idProduct=c999, bcdDevice= 2.00
Apr 01 22:02:30 fedora kernel: usb 3-3: New USB device strings: Mfr=1, Product=2, SerialNumber=0
Apr 01 22:02:30 fedora kernel: usb 3-3: Product: ITE Device(8176)
Apr 01 22:02:30 fedora kernel: usb 3-3: Manufacturer: ITE Tech. Inc.
Apr 01 22:02:30 fedora kernel: input: ITE Tech. Inc. ITE Device(8176) Keyboard as /devices/pci0000:00/0000:00:08.1/0000:06:00.4/usb3/3-3/3-3:1.0/0003:048D:C999.0005/input/input18
Apr 01 22:02:30 fedora kernel: input: ITE Tech. Inc. ITE Device(8176) Wireless Radio Control as /devices/pci0000:00/0000:00:08.1/0000:06:00.4/usb3/3-3/3-3:1.0/0003:048D:C999.0005/input/input19
Apr 01 22:02:30 fedora kernel: hid-generic 0003:048D:C999.0005: input,hiddev98,hidraw4: USB HID v1.10 Keyboard [ITE Tech. Inc. ITE Device(8176)] on usb-0000:06:00.4-3/input0
Apr 01 22:02:30 fedora systemd[1]: systemd-udevd.service: Deactivated successfully.
Apr 01 22:02:30 fedora systemd[1]: Stopped systemd-udevd.service - Rule-based Manager for Device Events and Files.
Apr 01 22:02:30 fedora systemd[1]: systemd-udevd-control.socket: Deactivated successfully.
Apr 01 22:02:30 fedora systemd[1]: Closed systemd-udevd-control.socket - udev Control Socket.
Apr 01 22:02:30 fedora systemd[1]: systemd-udevd-kernel.socket: Deactivated successfully.
Apr 01 22:02:30 fedora systemd[1]: Closed systemd-udevd-kernel.socket - udev Kernel Socket.
Apr 01 22:02:30 fedora systemd[1]: dracut-pre-udev.service: Deactivated successfully.
Apr 01 22:02:30 fedora systemd[1]: Stopped dracut-pre-udev.service - dracut pre-udev hook.
Apr 01 22:02:30 fedora systemd[1]: dracut-cmdline.service: Deactivated successfully.
Apr 01 22:02:30 fedora systemd[1]: Stopped dracut-cmdline.service - dracut cmdline hook.
Apr 01 22:02:30 fedora systemd[1]: dracut-cmdline-ask.service: Deactivated successfully.
Apr 01 22:02:30 fedora systemd[1]: Stopped dracut-cmdline-ask.service - dracut ask for additional cmdline parameters.
Apr 01 22:02:30 fedora systemd[1]: Starting initrd-udevadm-cleanup-db.service - Cleanup udev Database...
Apr 01 22:02:30 fedora systemd[1]: systemd-tmpfiles-setup-dev.service: Deactivated successfully.
Apr 01 22:02:30 fedora systemd[1]: Stopped systemd-tmpfiles-setup-dev.service - Create Static Device Nodes in /dev.
Apr 01 22:02:30 fedora systemd[1]: systemd-sysusers.service: Deactivated successfully.
Apr 01 22:02:30 fedora systemd[1]: Stopped systemd-sysusers.service - Create System Users.
Apr 01 22:02:30 fedora systemd[1]: systemd-tmpfiles-setup-dev-early.service: Deactivated successfully.
Apr 01 22:02:30 fedora systemd[1]: Stopped systemd-tmpfiles-setup-dev-early.service - Create Static Device Nodes in /dev gracefully.
Apr 01 22:02:30 fedora systemd[1]: kmod-static-nodes.service: Deactivated successfully.
Apr 01 22:02:30 fedora systemd[1]: Stopped kmod-static-nodes.service - Create List of Static Device Nodes.
Apr 01 22:02:30 fedora systemd[1]: initrd-udevadm-cleanup-db.service: Deactivated successfully.
Apr 01 22:02:30 fedora systemd[1]: Finished initrd-udevadm-cleanup-db.service - Cleanup udev Database.
Apr 01 22:02:30 fedora systemd[1]: Reached target initrd-switch-root.target - Switch Root.
Apr 01 22:02:30 fedora systemd[1]: Starting initrd-switch-root.service - Switch Root...
Apr 01 22:02:30 fedora systemd[1]: Switching root.
Apr 01 22:02:30 fedora systemd-journald[302]: Journal stopped
-- Boot 3712ceedaafe49fc82d1d51024a5abcd --
Apr 01 22:02:49 fedora kernel: Linux version 6.18.13-100.fc42.x86_64 (mockbuild@f6ea277b1ff34b6a94fb2f1c1d57b668) (gcc (GCC) 15.2.1 20260123 (Red Hat 15.2.1-7), GNU ld version 2.44-12.fc42) #1 SMP PREEMPT_DYNAMIC Thu Feb 19 20:58:08 UTC 2026
Apr 01 22:02:49 fedora kernel: Command line: BOOT_IMAGE=(hd0,gpt2)/vmlinuz-6.18.13-100.fc42.x86_64 root=UUID=a6910cee-009e-4b56-bb0c-1ad780bdf0b6 ro rootflags=subvol=root rhgb quiet rd.driver.blacklist=nouveau,nova_core modprobe.blacklist=nouveau,nova_core
Apr 01 22:02:49 fedora kernel: BIOS-provided physical RAM map:
Apr 01 22:02:49 fedora kernel: BIOS-e820: [mem 0x0000000000000000-0x000000000009efff] usable
Apr 01 22:02:49 fedora kernel: BIOS-e820: [mem 0x000000000009f000-0x00000000000bffff] reserved
Apr 01 22:02:49 fedora kernel: BIOS-e820: [mem 0x0000000000100000-0x0000000009afffff] usable
Apr 01 22:02:49 fedora kernel: BIOS-e820: [mem 0x0000000009b00000-0x0000000009dfffff] reserved
Apr 01 22:02:49 fedora kernel: BIOS-e820: [mem 0x0000000009e00000-0x0000000009efffff] usable
Apr 01 22:02:49 fedora kernel: BIOS-e820: [mem 0x0000000009f00000-0x0000000009f13fff] ACPI NVS
Apr 01 22:02:49 fedora kernel: BIOS-e820: [mem 0x0000000009f14000-0x000000005fdfefff] usable
Apr 01 22:02:49 fedora kernel: BIOS-e820: [mem 0x000000005fdff000-0x000000005fdfffff] reserved
Apr 01 22:02:49 fedora kernel: BIOS-e820: [mem 0x000000005fe00000-0x0000000062313fff] usable
Apr 01 22:02:49 fedora kernel: BIOS-e820: [mem 0x0000000062314000-0x0000000064513fff] reserved
Apr 01 22:02:49 fedora kernel: BIOS-e820: [mem 0x0000000064514000-0x000000006451cfff] usable
Apr 01 22:02:49 fedora kernel: BIOS-e820: [mem 0x000000006451d000-0x000000006451ffff] reserved
Apr 01 22:02:49 fedora kernel: BIOS-e820: [mem 0x0000000064520000-0x000000007072efff] usable
Apr 01 22:02:49 fedora kernel: BIOS-e820: [mem 0x000000007072f000-0x0000000072f2efff] reserved
Apr 01 22:02:49 fedora kernel: BIOS-e820: [mem 0x0000000072f2f000-0x000000007af2efff] ACPI NVS
Apr 01 22:02:49 fedora kernel: BIOS-e820: [mem 0x000000007af2f000-0x000000007affefff] ACPI data
Apr 01 22:02:49 fedora kernel: BIOS-e820: [mem 0x000000007afff000-0x000000007affffff] usable
Apr 01 22:02:49 fedora kernel: BIOS-e820: [mem 0x000000007b000000-0x000000007bffffff] reserved
Apr 01 22:02:49 fedora kernel: BIOS-e820: [mem 0x000000007ce00000-0x000000007fffffff] reserved
Apr 01 22:02:49 fedora kernel: BIOS-e820: [mem 0x00000000a0200000-0x00000000a02fffff] reserved
Apr 01 22:02:49 fedora kernel: BIOS-e820: [mem 0x00000000fed80000-0x00000000fed80fff] reserved
Apr 01 22:02:49 fedora kernel: BIOS-e820: [mem 0x00000000ff000000-0x00000000ffffffff] reserved
Apr 01 22:02:49 fedora kernel: BIOS-e820: [mem 0x0000000100000000-0x000000067e2fffff] usable
Apr 01 22:02:49 fedora kernel: BIOS-e820: [mem 0x000000067f340000-0x00000006a01fffff] reserved
Apr 01 22:02:49 fedora kernel: NX (Execute Disable) protection: active
Apr 01 22:02:49 fedora kernel: APIC: Static calls initialized
Apr 01 22:02:49 fedora kernel: efi: EFI v2.8 by INSYDE Corp.
Apr 01 22:02:49 fedora kernel: efi: ACPI=0x7affe000 ACPI 2.0=0x7affe014 TPMFinalLog=0x7aeef000 SMBIOS=0x71629000 SMBIOS 3.0=0x71627000 MEMATTR=0x6b738018 ESRT=0x6b73de98 MOKvar=0x7182a000 RNG=0x7af78018 TPMEventLog=0x7af6d018 
Apr 01 22:02:49 fedora kernel: random: crng init done
Apr 01 22:02:49 fedora kernel: efi: Remove mem57: MMIO range=[0xa0200000-0xa02fffff] (1MB) from e820 map
Apr 01 22:02:49 fedora kernel: e820: remove [mem 0xa0200000-0xa02fffff] reserved
Apr 01 22:02:49 fedora kernel: efi: Not removing mem58: MMIO range=[0xfed80000-0xfed80fff] (4KB) from e820 map
Apr 01 22:02:49 fedora kernel: efi: Remove mem59: MMIO range=[0xff000000-0xffffffff] (16MB) from e820 map
Apr 01 22:02:49 fedora kernel: e820: remove [mem 0xff000000-0xffffffff] reserved
Apr 01 22:02:49 fedora kernel: efi: Remove mem61: MMIO range=[0x680000000-0x6a01fffff] (514MB) from e820 map
Apr 01 22:02:49 fedora kernel: e820: remove [mem 0x680000000-0x6a01fffff] reserved
Apr 01 22:02:49 fedora kernel: secureboot: Secure boot disabled
Apr 01 22:02:49 fedora kernel: SMBIOS 3.4.0 present.
Apr 01 22:02:49 fedora kernel: DMI: LENOVO 83JC/LNVNB161216, BIOS PQCN25WW 06/26/2025
Apr 01 22:02:49 fedora kernel: DMI: Memory slots populated: 2/2
Apr 01 22:02:49 fedora kernel: tsc: Fast TSC calibration using PIT
Apr 01 22:02:49 fedora kernel: tsc: Detected 3094.199 MHz processor
Apr 01 22:02:49 fedora kernel: e820: update [mem 0x00000000-0x00000fff] usable ==> reserved
Apr 01 22:02:49 fedora kernel: e820: remove [mem 0x000a0000-0x000fffff] usable
Apr 01 22:02:49 fedora kernel: last_pfn = 0x67e300 max_arch_pfn = 0x400000000
Apr 01 22:02:49 fedora kernel: MTRR map: 7 entries (3 fixed + 4 variable; max 20), built from 9 variable MTRRs
Apr 01 22:02:49 fedora kernel: x86/PAT: Configuration [0-7]: WB  WC  UC- UC  WB  WP  UC- WT  
Apr 01 22:02:49 fedora kernel: last_pfn = 0x7b000 max_arch_pfn = 0x400000000
Apr 01 22:02:49 fedora kernel: esrt: Reserving ESRT space from 0x000000006b73de98 to 0x000000006b73df48.
Apr 01 22:02:49 fedora kernel: e820: update [mem 0x6b73d000-0x6b73dfff] usable ==> reserved
Apr 01 22:02:49 fedora kernel: Using GB pages for direct mapping
Apr 01 22:02:49 fedora kernel: secureboot: Secure boot disabled
Apr 01 22:02:49 fedora kernel: RAMDISK: [mem 0x56607000-0x5f648fff]
Apr 01 22:02:49 fedora kernel: ACPI: Early table checksum verification disabled
Apr 01 22:02:49 fedora kernel: ACPI: RSDP 0x000000007AFFE014 000024 (v02 LENOVO)
Apr 01 22:02:49 fedora kernel: ACPI: XSDT 0x000000007AF83228 00018C (v01 LENOVO CB-01    00000001      01000013)
Apr 01 22:02:49 fedora kernel: ACPI: FACP 0x000000007AFE8000 00010C (v05 LENOVO CB-01    00000001 ACPI 00040000)
Apr 01 22:02:49 fedora kernel: ACPI: DSDT 0x000000007AFB9000 028D58 (v01 LENOVO CB-01    00000001 ACPI 00040000)
Apr 01 22:02:49 fedora kernel: ACPI: FACS 0x000000007AE63000 000040
Apr 01 22:02:49 fedora kernel: ACPI: UEFI 0x000000007AF2E000 000236 (v01 LENOVO CB-01    00000001 ACPI 00040000)
Apr 01 22:02:49 fedora kernel: ACPI: SSDT 0x000000007AFFC000 000106 (v02 LENOVO CB-01    00000001 ACPI 00040000)
Apr 01 22:02:49 fedora kernel: ACPI: SSDT 0x000000007AFFB000 000A50 (v02 LENOVO CB-01    00000001 ACPI 00040000)
Apr 01 22:02:49 fedora kernel: ACPI: SSDT 0x000000007AFFA000 000033 (v02 LENOVO CB-01    00000001 ACPI 00040000)
Apr 01 22:02:49 fedora kernel: ACPI: SSDT 0x000000007AFF8000 001003 (v02 LENOVO CB-01    00000001 ACPI 00040000)
Apr 01 22:02:49 fedora kernel: ACPI: SSDT 0x000000007AFEF000 00808B (v02 LENOVO CB-01    00000001 ACPI 00040000)
Apr 01 22:02:49 fedora kernel: ACPI: SSDT 0x000000007AFEE000 0001CC (v01 LENOVO CB-01    00000001 ACPI 00040000)
Apr 01 22:02:49 fedora kernel: ACPI: SSDT 0x000000007AFED000 0008DA (v01 LENOVO CB-01    00000001 ACPI 00040000)
Apr 01 22:02:49 fedora kernel: ACPI: TPM2 0x000000007AFEC000 000034 (v04 LENOVO CB-01    00000001 ACPI 00040000)
Apr 01 22:02:49 fedora kernel: ACPI: MSDM 0x000000007AFEB000 000055 (v03 LENOVO CB-01    00000001 ACPI 00040000)
Apr 01 22:02:49 fedora kernel: ACPI: ASF! 0x000000007AFEA000 0000A5 (v32 LENOVO CB-01    00000001 ACPI 00040000)
Apr 01 22:02:49 fedora kernel: ACPI: BOOT 0x000000007AFE9000 000028 (v01 LENOVO CB-01    00000001 ACPI 00040000)
Apr 01 22:02:49 fedora kernel: ACPI: HPET 0x000000007AFE7000 000038 (v01 LENOVO CB-01    00000001 ACPI 00040000)
Apr 01 22:02:49 fedora kernel: ACPI: APIC 0x000000007AFE6000 000142 (v03 LENOVO CB-01    00000001 ACPI 00040000)
Apr 01 22:02:49 fedora kernel: ACPI: MCFG 0x000000007AFE5000 00003C (v01 LENOVO CB-01    00000001 ACPI 00040000)
Apr 01 22:02:49 fedora kernel: ACPI: SLIC 0x000000007AFE4000 000176 (v01 LENOVO CB-01    00000001 ACPI 00040000)
Apr 01 22:02:49 fedora kernel: ACPI: SSDT 0x000000007AFB8000 000099 (v01 LENOVO CB-01    00000001 ACPI 00040000)
Apr 01 22:02:49 fedora kernel: ACPI: SSDT 0x000000007AFAF000 0075E0 (v01 LENOVO CB-01    00000001 ACPI 00040000)
Apr 01 22:02:49 fedora kernel: ACPI: SSDT 0x000000007AFFD000 0000F8 (v01 LENOVO CB-01    00000001 ACPI 00040000)
Apr 01 22:02:49 fedora kernel: ACPI: SSDT 0x000000007AFA9000 005354 (v02 LENOVO CB-01    00000001 ACPI 00040000)
Apr 01 22:02:49 fedora kernel: ACPI: CRAT 0x000000007AFA8000 000EE8 (v01 LENOVO CB-01    00000001 ACPI 00040000)
Apr 01 22:02:49 fedora kernel: ACPI: CDIT 0x000000007AFA7000 000029 (v01 LENOVO CB-01    00000001 ACPI 00040000)
Apr 01 22:02:49 fedora kernel: ACPI: SSDT 0x000000007AFA6000 0000D3 (v01 LENOVO CB-01    00000001 ACPI 00040000)
Apr 01 22:02:49 fedora kernel: ACPI: SSDT 0x000000007AFA5000 000765 (v01 LENOVO CB-01    00000001 ACPI 00040000)
Apr 01 22:02:49 fedora kernel: ACPI: SSDT 0x000000007AFA4000 0005D9 (v01 LENOVO CB-01    00000001 ACPI 00040000)
Apr 01 22:02:49 fedora kernel: ACPI: SSDT 0x000000007AFA3000 00063A (v01 LENOVO CB-01    00000001 ACPI 00040000)
Apr 01 22:02:49 fedora kernel: ACPI: SSDT 0x000000007AFA1000 001A6C (v01 LENOVO CB-01    00000001 ACPI 00040000)
Apr 01 22:02:49 fedora kernel: ACPI: SSDT 0x000000007AF99000 007EBA (v01 LENOVO CB-01    00000001 ACPI 00040000)
Apr 01 22:02:49 fedora kernel: ACPI: FPDT 0x000000007AF98000 000044 (v01 LENOVO CB-01    00000001 ACPI 00040000)
Apr 01 22:02:49 fedora kernel: ACPI: WSMT 0x000000007AF96000 000028 (v01 LENOVO CB-01    00000001 ACPI 00040000)
Apr 01 22:02:49 fedora kernel: ACPI: SSDT 0x000000007AF93000 0022AF (v01 LENOVO CB-01    00000001 ACPI 00040000)
Apr 01 22:02:49 fedora kernel: ACPI: IVRS 0x000000007AFE3000 000198 (v02 LENOVO CB-01    00000001 ACPI 00040000)
Apr 01 22:02:49 fedora kernel: ACPI: SSDT 0x000000007AFE2000 0007EA (v01 LENOVO CB-01    00000001 ACPI 00040000)
Apr 01 22:02:49 fedora kernel: ACPI: SSDT 0x000000007AF92000 0007EA (v01 LENOVO CB-01    00000001 ACPI 00040000)
Apr 01 22:02:49 fedora kernel: ACPI: SSDT 0x000000007AF91000 000618 (v01 LENOVO CB-01    00000001 ACPI 00040000)
Apr 01 22:02:49 fedora kernel: ACPI: SSDT 0x000000007AF8F000 00130F (v01 LENOVO CB-01    00000001 ACPI 00040000)
Apr 01 22:02:49 fedora kernel: ACPI: SSDT 0x000000007AF8E000 0006DB (v01 LENOVO CB-01    00000001 ACPI 00040000)
Apr 01 22:02:49 fedora kernel: ACPI: SSDT 0x000000007AF84000 00965F (v01 LENOVO CB-01    00000001 ACPI 00040000)
Apr 01 22:02:49 fedora kernel: ACPI: SSDT 0x000000007AF7D000 00502D (v01 LENOVO CB-01    00000001 ACPI 00040000)
Apr 01 22:02:49 fedora kernel: ACPI: SSDT 0x000000007AFB7000 00093F (v01 LENOVO CB-01    00000001 ACPI 00040000)
Apr 01 22:02:49 fedora kernel: ACPI: SSDT 0x000000007AF7C000 0007D7 (v01 LENOVO CB-01    00000001 ACPI 00040000)
Apr 01 22:02:49 fedora kernel: ACPI: SSDT 0x000000007AF7B000 00008D (v01 LENOVO CB-01    00000001 ACPI 00040000)
Apr 01 22:02:49 fedora kernel: ACPI: SSDT 0x000000007AF79000 0010A5 (v01 LENOVO CB-01    00000001 ACPI 00040000)
Apr 01 22:02:49 fedora kernel: ACPI: BGRT 0x000000007AF97000 000038 (v01 LENOVO CB-01    00000001 ACPI 00040000)
Apr 01 22:02:49 fedora kernel: ACPI: Reserving FACP table memory at [mem 0x7afe8000-0x7afe810b]
Apr 01 22:02:49 fedora kernel: ACPI: Reserving DSDT table memory at [mem 0x7afb9000-0x7afe1d57]
Apr 01 22:02:49 fedora kernel: ACPI: Reserving FACS table memory at [mem 0x7ae63000-0x7ae6303f]
Apr 01 22:02:49 fedora kernel: ACPI: Reserving UEFI table memory at [mem 0x7af2e000-0x7af2e235]
Apr 01 22:02:49 fedora kernel: ACPI: Reserving SSDT table memory at [mem 0x7affc000-0x7affc105]
Apr 01 22:02:49 fedora kernel: ACPI: Reserving SSDT table memory at [mem 0x7affb000-0x7affba4f]
Apr 01 22:02:49 fedora kernel: ACPI: Reserving SSDT table memory at [mem 0x7affa000-0x7affa032]
Apr 01 22:02:49 fedora kernel: ACPI: Reserving SSDT table memory at [mem 0x7aff8000-0x7aff9002]
Apr 01 22:02:49 fedora kernel: ACPI: Reserving SSDT table memory at [mem 0x7afef000-0x7aff708a]
Apr 01 22:02:49 fedora kernel: ACPI: Reserving SSDT table memory at [mem 0x7afee000-0x7afee1cb]
Apr 01 22:02:49 fedora kernel: ACPI: Reserving SSDT table memory at [mem 0x7afed000-0x7afed8d9]
Apr 01 22:02:49 fedora kernel: ACPI: Reserving TPM2 table memory at [mem 0x7afec000-0x7afec033]
Apr 01 22:02:49 fedora kernel: ACPI: Reserving MSDM table memory at [mem 0x7afeb000-0x7afeb054]
Apr 01 22:02:49 fedora kernel: ACPI: Reserving ASF! table memory at [mem 0x7afea000-0x7afea0a4]
Apr 01 22:02:49 fedora kernel: ACPI: Reserving BOOT table memory at [mem 0x7afe9000-0x7afe9027]
Apr 01 22:02:49 fedora kernel: ACPI: Reserving HPET table memory at [mem 0x7afe7000-0x7afe7037]
Apr 01 22:02:49 fedora kernel: ACPI: Reserving APIC table memory at [mem 0x7afe6000-0x7afe6141]
Apr 01 22:02:49 fedora kernel: ACPI: Reserving MCFG table memory at [mem 0x7afe5000-0x7afe503b]
Apr 01 22:02:49 fedora kernel: ACPI: Reserving SLIC table memory at [mem 0x7afe4000-0x7afe4175]
Apr 01 22:02:49 fedora kernel: ACPI: Reserving SSDT table memory at [mem 0x7afb8000-0x7afb8098]
Apr 01 22:02:49 fedora kernel: ACPI: Reserving SSDT table memory at [mem 0x7afaf000-0x7afb65df]
Apr 01 22:02:49 fedora kernel: ACPI: Reserving SSDT table memory at [mem 0x7affd000-0x7affd0f7]
Apr 01 22:02:49 fedora kernel: ACPI: Reserving SSDT table memory at [mem 0x7afa9000-0x7afae353]
Apr 01 22:02:49 fedora kernel: ACPI: Reserving CRAT table memory at [mem 0x7afa8000-0x7afa8ee7]
Apr 01 22:02:49 fedora kernel: ACPI: Reserving CDIT table memory at [mem 0x7afa7000-0x7afa7028]
Apr 01 22:02:49 fedora kernel: ACPI: Reserving SSDT table memory at [mem 0x7afa6000-0x7afa60d2]
Apr 01 22:02:49 fedora kernel: ACPI: Reserving SSDT table memory at [mem 0x7afa5000-0x7afa5764]
Apr 01 22:02:49 fedora kernel: ACPI: Reserving SSDT table memory at [mem 0x7afa4000-0x7afa45d8]
Apr 01 22:02:49 fedora kernel: ACPI: Reserving SSDT table memory at [mem 0x7afa3000-0x7afa3639]
Apr 01 22:02:49 fedora kernel: ACPI: Reserving SSDT table memory at [mem 0x7afa1000-0x7afa2a6b]
Apr 01 22:02:49 fedora kernel: ACPI: Reserving SSDT table memory at [mem 0x7af99000-0x7afa0eb9]
Apr 01 22:02:49 fedora kernel: ACPI: Reserving FPDT table memory at [mem 0x7af98000-0x7af98043]
Apr 01 22:02:49 fedora kernel: ACPI: Reserving WSMT table memory at [mem 0x7af96000-0x7af96027]
Apr 01 22:02:49 fedora kernel: ACPI: Reserving SSDT table memory at [mem 0x7af93000-0x7af952ae]
Apr 01 22:02:49 fedora kernel: ACPI: Reserving IVRS table memory at [mem 0x7afe3000-0x7afe3197]
Apr 01 22:02:49 fedora kernel: ACPI: Reserving SSDT table memory at [mem 0x7afe2000-0x7afe27e9]
Apr 01 22:02:49 fedora kernel: ACPI: Reserving SSDT table memory at [mem 0x7af92000-0x7af927e9]
Apr 01 22:02:49 fedora kernel: ACPI: Reserving SSDT table memory at [mem 0x7af91000-0x7af91617]
Apr 01 22:02:49 fedora kernel: ACPI: Reserving SSDT table memory at [mem 0x7af8f000-0x7af9030e]
Apr 01 22:02:49 fedora kernel: ACPI: Reserving SSDT table memory at [mem 0x7af8e000-0x7af8e6da]
Apr 01 22:02:49 fedora kernel: ACPI: Reserving SSDT table memory at [mem 0x7af84000-0x7af8d65e]
Apr 01 22:02:49 fedora kernel: ACPI: Reserving SSDT table memory at [mem 0x7af7d000-0x7af8202c]
Apr 01 22:02:49 fedora kernel: ACPI: Reserving SSDT table memory at [mem 0x7afb7000-0x7afb793e]
Apr 01 22:02:49 fedora kernel: ACPI: Reserving SSDT table memory at [mem 0x7af7c000-0x7af7c7d6]
Apr 01 22:02:49 fedora kernel: ACPI: Reserving SSDT table memory at [mem 0x7af7b000-0x7af7b08c]
Apr 01 22:02:49 fedora kernel: ACPI: Reserving SSDT table memory at [mem 0x7af79000-0x7af7a0a4]
Apr 01 22:02:49 fedora kernel: ACPI: Reserving BGRT table memory at [mem 0x7af97000-0x7af97037]
Apr 01 22:02:49 fedora kernel: No NUMA configuration found
Apr 01 22:02:49 fedora kernel: Faking a node at [mem 0x0000000000000000-0x000000067e2fffff]
Apr 01 22:02:49 fedora kernel: NODE_DATA(0) allocated [mem 0x67e2d5280-0x67e2fffff]
Apr 01 22:02:49 fedora kernel: Zone ranges:
Apr 01 22:02:49 fedora kernel:   DMA      [mem 0x0000000000001000-0x0000000000ffffff]
Apr 01 22:02:49 fedora kernel:   DMA32    [mem 0x0000000001000000-0x00000000ffffffff]
Apr 01 22:02:49 fedora kernel:   Normal   [mem 0x0000000100000000-0x000000067e2fffff]
Apr 01 22:02:49 fedora kernel:   Device   empty
Apr 01 22:02:49 fedora kernel: Movable zone start for each node
Apr 01 22:02:49 fedora kernel: Early memory node ranges
Apr 01 22:02:49 fedora kernel:   node   0: [mem 0x0000000000001000-0x000000000009efff]
Apr 01 22:02:49 fedora kernel:   node   0: [mem 0x0000000000100000-0x0000000009afffff]
Apr 01 22:02:49 fedora kernel:   node   0: [mem 0x0000000009e00000-0x0000000009efffff]
Apr 01 22:02:49 fedora kernel:   node   0: [mem 0x0000000009f14000-0x000000005fdfefff]
Apr 01 22:02:49 fedora kernel:   node   0: [mem 0x000000005fe00000-0x0000000062313fff]
Apr 01 22:02:49 fedora kernel:   node   0: [mem 0x0000000064514000-0x000000006451cfff]
Apr 01 22:02:49 fedora kernel:   node   0: [mem 0x0000000064520000-0x000000007072efff]
Apr 01 22:02:49 fedora kernel:   node   0: [mem 0x000000007afff000-0x000000007affffff]
Apr 01 22:02:49 fedora kernel:   node   0: [mem 0x0000000100000000-0x000000067e2fffff]
Apr 01 22:02:49 fedora kernel: Initmem setup node 0 [mem 0x0000000000001000-0x000000067e2fffff]
Apr 01 22:02:49 fedora kernel: On node 0, zone DMA: 1 pages in unavailable ranges
Apr 01 22:02:49 fedora kernel: On node 0, zone DMA: 97 pages in unavailable ranges
Apr 01 22:02:49 fedora kernel: On node 0, zone DMA32: 768 pages in unavailable ranges
Apr 01 22:02:49 fedora kernel: On node 0, zone DMA32: 20 pages in unavailable ranges
Apr 01 22:02:49 fedora kernel: On node 0, zone DMA32: 1 pages in unavailable ranges
Apr 01 22:02:49 fedora kernel: On node 0, zone DMA32: 8704 pages in unavailable ranges
Apr 01 22:02:49 fedora kernel: On node 0, zone DMA32: 3 pages in unavailable ranges
Apr 01 22:02:49 fedora kernel: On node 0, zone DMA32: 43216 pages in unavailable ranges
Apr 01 22:02:49 fedora kernel: On node 0, zone Normal: 20480 pages in unavailable ranges
Apr 01 22:02:49 fedora kernel: On node 0, zone Normal: 7424 pages in unavailable ranges
Apr 01 22:02:49 fedora kernel: ACPI: PM-Timer IO Port: 0x408
Apr 01 22:02:49 fedora kernel: ACPI: LAPIC_NMI (acpi_id[0x00] high edge lint[0x1])
Apr 01 22:02:49 fedora kernel: ACPI: LAPIC_NMI (acpi_id[0x01] high edge lint[0x1])
Apr 01 22:02:49 fedora kernel: ACPI: LAPIC_NMI (acpi_id[0x02] high edge lint[0x1])
Apr 01 22:02:49 fedora kernel: ACPI: LAPIC_NMI (acpi_id[0x03] high edge lint[0x1])
Apr 01 22:02:49 fedora kernel: ACPI: LAPIC_NMI (acpi_id[0x04] high edge lint[0x1])
Apr 01 22:02:49 fedora kernel: ACPI: LAPIC_NMI (acpi_id[0x05] high edge lint[0x1])
Apr 01 22:02:49 fedora kernel: ACPI: LAPIC_NMI (acpi_id[0x06] high edge lint[0x1])
Apr 01 22:02:49 fedora kernel: ACPI: LAPIC_NMI (acpi_id[0x07] high edge lint[0x1])
Apr 01 22:02:49 fedora kernel: ACPI: LAPIC_NMI (acpi_id[0x08] high edge lint[0x1])
Apr 01 22:02:49 fedora kernel: ACPI: LAPIC_NMI (acpi_id[0x09] high edge lint[0x1])
Apr 01 22:02:49 fedora kernel: ACPI: LAPIC_NMI (acpi_id[0x0a] high edge lint[0x1])
Apr 01 22:02:49 fedora kernel: ACPI: LAPIC_NMI (acpi_id[0x0b] high edge lint[0x1])
Apr 01 22:02:49 fedora kernel: ACPI: LAPIC_NMI (acpi_id[0x0c] high edge lint[0x1])
Apr 01 22:02:49 fedora kernel: ACPI: LAPIC_NMI (acpi_id[0x0d] high edge lint[0x1])
Apr 01 22:02:49 fedora kernel: ACPI: LAPIC_NMI (acpi_id[0x0e] high edge lint[0x1])
Apr 01 22:02:49 fedora kernel: ACPI: LAPIC_NMI (acpi_id[0x0f] high edge lint[0x1])
Apr 01 22:02:49 fedora kernel: IOAPIC[0]: apic_id 33, version 33, address 0xfec00000, GSI 0-23
Apr 01 22:02:49 fedora kernel: IOAPIC[1]: apic_id 34, version 33, address 0xfec01000, GSI 24-55
Apr 01 22:02:49 fedora kernel: ACPI: INT_SRC_OVR (bus 0 bus_irq 1 global_irq 1 low edge)
Apr 01 22:02:49 fedora kernel: ACPI: INT_SRC_OVR (bus 0 bus_irq 0 global_irq 2 dfl dfl)
Apr 01 22:02:49 fedora kernel: ACPI: INT_SRC_OVR (bus 0 bus_irq 9 global_irq 9 low level)
Apr 01 22:02:49 fedora kernel: ACPI: Using ACPI (MADT) for SMP configuration information
Apr 01 22:02:49 fedora kernel: ACPI: HPET id: 0x10228210 base: 0xfed00000
Apr 01 22:02:49 fedora kernel: e820: update [mem 0x6ba0b000-0x6bb19fff] usable ==> reserved
Apr 01 22:02:49 fedora kernel: CPU topo: Max. logical packages:   1
Apr 01 22:02:49 fedora kernel: CPU topo: Max. logical dies:       1
Apr 01 22:02:49 fedora kernel: CPU topo: Max. dies per package:   1
Apr 01 22:02:49 fedora kernel: CPU topo: Max. threads per core:   2
Apr 01 22:02:49 fedora kernel: CPU topo: Num. cores per package:     8
Apr 01 22:02:49 fedora kernel: CPU topo: Num. threads per package:  16
Apr 01 22:02:49 fedora kernel: CPU topo: Allowing 16 present CPUs plus 0 hotplug CPUs
Apr 01 22:02:49 fedora kernel: PM: hibernation: Registered nosave memory: [mem 0x00000000-0x00000fff]
Apr 01 22:02:49 fedora kernel: PM: hibernation: Registered nosave memory: [mem 0x0009f000-0x000fffff]
Apr 01 22:02:49 fedora kernel: PM: hibernation: Registered nosave memory: [mem 0x09b00000-0x09dfffff]
Apr 01 22:02:49 fedora kernel: PM: hibernation: Registered nosave memory: [mem 0x09f00000-0x09f13fff]
Apr 01 22:02:49 fedora kernel: PM: hibernation: Registered nosave memory: [mem 0x5fdff000-0x5fdfffff]
Apr 01 22:02:49 fedora kernel: PM: hibernation: Registered nosave memory: [mem 0x62314000-0x64513fff]
Apr 01 22:02:49 fedora kernel: PM: hibernation: Registered nosave memory: [mem 0x6451d000-0x6451ffff]
Apr 01 22:02:49 fedora kernel: PM: hibernation: Registered nosave memory: [mem 0x6b73d000-0x6b73dfff]
Apr 01 22:02:49 fedora kernel: PM: hibernation: Registered nosave memory: [mem 0x6ba0b000-0x6bb19fff]
Apr 01 22:02:49 fedora kernel: PM: hibernation: Registered nosave memory: [mem 0x7072f000-0x7affefff]
Apr 01 22:02:49 fedora kernel: PM: hibernation: Registered nosave memory: [mem 0x7b000000-0xffffffff]
Apr 01 22:02:49 fedora kernel: [mem 0x80000000-0xfed7ffff] available for PCI devices
Apr 01 22:02:49 fedora kernel: Booting paravirtualized kernel on bare hardware
Apr 01 22:02:49 fedora kernel: clocksource: refined-jiffies: mask: 0xffffffff max_cycles: 0xffffffff, max_idle_ns: 1910969940391419 ns
Apr 01 22:02:49 fedora kernel: setup_percpu: NR_CPUS:8192 nr_cpumask_bits:16 nr_cpu_ids:16 nr_node_ids:1
Apr 01 22:02:49 fedora kernel: percpu: Embedded 84 pages/cpu s221184 r8192 d114688 u524288
Apr 01 22:02:49 fedora kernel: pcpu-alloc: s221184 r8192 d114688 u524288 alloc=1*2097152
Apr 01 22:02:49 fedora kernel: pcpu-alloc: [0] 00 01 02 03 [0] 04 05 06 07 
Apr 01 22:02:49 fedora kernel: pcpu-alloc: [0] 08 09 10 11 [0] 12 13 14 15 
Apr 01 22:02:49 fedora kernel: Kernel command line: BOOT_IMAGE=(hd0,gpt2)/vmlinuz-6.18.13-100.fc42.x86_64 root=UUID=a6910cee-009e-4b56-bb0c-1ad780bdf0b6 ro rootflags=subvol=root rhgb quiet rd.driver.blacklist=nouveau,nova_core modprobe.blacklist=nouveau,nova_core
Apr 01 22:02:49 fedora kernel: Unknown kernel command line parameters "rhgb", will be passed to user space.
Apr 01 22:02:49 fedora kernel: printk: log buffer data + meta data: 262144 + 917504 = 1179648 bytes
Apr 01 22:02:49 fedora kernel: Dentry cache hash table entries: 4194304 (order: 13, 33554432 bytes, linear)
Apr 01 22:02:49 fedora kernel: Inode-cache hash table entries: 2097152 (order: 12, 16777216 bytes, linear)
Apr 01 22:02:49 fedora kernel: software IO TLB: area num 16.
Apr 01 22:02:49 fedora kernel: Fallback order for Node 0: 0 
Apr 01 22:02:49 fedora kernel: Built 1 zonelists, mobility grouping on.  Total pages: 6210742
Apr 01 22:02:49 fedora kernel: Policy zone: Normal
Apr 01 22:02:49 fedora kernel: mem auto-init: stack:all(zero), heap alloc:on, heap free:off
Apr 01 22:02:49 fedora kernel: SLUB: HWalign=64, Order=0-3, MinObjects=0, CPUs=16, Nodes=1
Apr 01 22:02:49 fedora kernel: ftrace: allocating 62632 entries in 248 pages
Apr 01 22:02:49 fedora kernel: ftrace: allocated 248 pages with 5 groups
Apr 01 22:02:49 fedora kernel: Dynamic Preempt: lazy
Apr 01 22:02:49 fedora kernel: rcu: Preemptible hierarchical RCU implementation.
Apr 01 22:02:49 fedora kernel: rcu:         RCU event tracing is enabled.
Apr 01 22:02:49 fedora kernel: rcu:         RCU restricting CPUs from NR_CPUS=8192 to nr_cpu_ids=16.
Apr 01 22:02:49 fedora kernel:         Trampoline variant of Tasks RCU enabled.
Apr 01 22:02:49 fedora kernel:         Rude variant of Tasks RCU enabled.
Apr 01 22:02:49 fedora kernel:         Tracing variant of Tasks RCU enabled.
Apr 01 22:02:49 fedora kernel: rcu: RCU calculated value of scheduler-enlistment delay is 100 jiffies.
Apr 01 22:02:49 fedora kernel: rcu: Adjusting geometry for rcu_fanout_leaf=16, nr_cpu_ids=16
Apr 01 22:02:49 fedora kernel: RCU Tasks: Setting shift to 4 and lim to 1 rcu_task_cb_adjust=1 rcu_task_cpu_ids=16.
Apr 01 22:02:49 fedora kernel: RCU Tasks Rude: Setting shift to 4 and lim to 1 rcu_task_cb_adjust=1 rcu_task_cpu_ids=16.
Apr 01 22:02:49 fedora kernel: RCU Tasks Trace: Setting shift to 4 and lim to 1 rcu_task_cb_adjust=1 rcu_task_cpu_ids=16.
Apr 01 22:02:49 fedora kernel: NR_IRQS: 524544, nr_irqs: 1096, preallocated irqs: 16
Apr 01 22:02:49 fedora kernel: rcu: srcu_init: Setting srcu_struct sizes based on contention.
Apr 01 22:02:49 fedora kernel: kfence: initialized - using 2097152 bytes for 255 objects at 0x(____ptrval____)-0x(____ptrval____)
Apr 01 22:02:49 fedora kernel: Console: colour dummy device 80x25
Apr 01 22:02:49 fedora kernel: printk: legacy console [tty0] enabled
Apr 01 22:02:49 fedora kernel: ACPI: Core revision 20250807
Apr 01 22:02:49 fedora kernel: clocksource: hpet: mask: 0xffffffff max_cycles: 0xffffffff, max_idle_ns: 133484873504 ns
Apr 01 22:02:49 fedora kernel: APIC: Switch to symmetric I/O mode setup
Apr 01 22:02:49 fedora kernel: AMD-Vi: ivrs, add hid:AMDI0020, uid:\_SB.FUR0, rdevid:0xa0
Apr 01 22:02:49 fedora kernel: AMD-Vi: ivrs, add hid:AMDI0020, uid:\_SB.FUR1, rdevid:0xa0
Apr 01 22:02:49 fedora kernel: AMD-Vi: ivrs, add hid:AMDI0020, uid:\_SB.FUR2, rdevid:0xa0
Apr 01 22:02:49 fedora kernel: AMD-Vi: ivrs, add hid:AMDI0020, uid:\_SB.FUR3, rdevid:0xa0
Apr 01 22:02:49 fedora kernel: AMD-Vi: Using global IVHD EFR:0x246577efa2254afa, EFR2:0x0
Apr 01 22:02:49 fedora kernel: x2apic: IRQ remapping doesn't support X2APIC mode
Apr 01 22:02:49 fedora kernel: ..TIMER: vector=0x30 apic1=0 pin1=2 apic2=-1 pin2=-1
Apr 01 22:02:49 fedora kernel: clocksource: tsc-early: mask: 0xffffffffffffffff max_cycles: 0x2c99dfa0ffd, max_idle_ns: 440795320625 ns
Apr 01 22:02:49 fedora kernel: Calibrating delay loop (skipped), value calculated using timer frequency.. 6188.39 BogoMIPS (lpj=3094199)
Apr 01 22:02:49 fedora kernel: x86/cpu: User Mode Instruction Prevention (UMIP) activated
Apr 01 22:02:49 fedora kernel: LVT offset 1 assigned for vector 0xf9
Apr 01 22:02:49 fedora kernel: LVT offset 2 assigned for vector 0xf4
Apr 01 22:02:49 fedora kernel: Last level iTLB entries: 4KB 512, 2MB 512, 4MB 256
Apr 01 22:02:49 fedora kernel: Last level dTLB entries: 4KB 2048, 2MB 2048, 4MB 1024, 1GB 0
Apr 01 22:02:49 fedora kernel: process: using mwait in idle threads
Apr 01 22:02:49 fedora kernel: mitigations: Enabled attack vectors: user_kernel, user_user, guest_host, guest_guest, SMT mitigations: auto
Apr 01 22:02:49 fedora kernel: Speculative Store Bypass: Mitigation: Speculative Store Bypass disabled via prctl
Apr 01 22:02:49 fedora kernel: Transient Scheduler Attacks: Mitigation: Clear CPU buffers
Apr 01 22:02:49 fedora kernel: Spectre V2 : Mitigation: Retpolines
Apr 01 22:02:49 fedora kernel: Spectre V2 : User space: Mitigation: STIBP always-on protection
Apr 01 22:02:49 fedora kernel: Speculative Return Stack Overflow: Mitigation: Safe RET
Apr 01 22:02:49 fedora kernel: VMSCAPE: Mitigation: IBPB before exit to userspace
Apr 01 22:02:49 fedora kernel: Spectre V1 : Mitigation: usercopy/swapgs barriers and __user pointer sanitization
Apr 01 22:02:49 fedora kernel: Spectre V2 : Spectre v2 / SpectreRSB: Filling RSB on context switch and VMEXIT
Apr 01 22:02:49 fedora kernel: Spectre V2 : Enabling Restricted Speculation for firmware calls
Apr 01 22:02:49 fedora kernel: Spectre V2 : mitigation: Enabling conditional Indirect Branch Prediction Barrier
Apr 01 22:02:49 fedora kernel: active return thunk: srso_alias_return_thunk
Apr 01 22:02:49 fedora kernel: x86/fpu: Supporting XSAVE feature 0x001: 'x87 floating point registers'
Apr 01 22:02:49 fedora kernel: x86/fpu: Supporting XSAVE feature 0x002: 'SSE registers'
Apr 01 22:02:49 fedora kernel: x86/fpu: Supporting XSAVE feature 0x004: 'AVX registers'
Apr 01 22:02:49 fedora kernel: x86/fpu: Supporting XSAVE feature 0x200: 'Protection Keys User registers'
Apr 01 22:02:49 fedora kernel: x86/fpu: Supporting XSAVE feature 0x800: 'Control-flow User registers'
Apr 01 22:02:49 fedora kernel: x86/fpu: Supporting XSAVE feature 0x1000: 'Control-flow Kernel registers (KVM only)'
Apr 01 22:02:49 fedora kernel: x86/fpu: xstate_offset[2]:  576, xstate_sizes[2]:  256
Apr 01 22:02:49 fedora kernel: x86/fpu: xstate_offset[9]:  832, xstate_sizes[9]:    8
Apr 01 22:02:49 fedora kernel: x86/fpu: xstate_offset[11]:  840, xstate_sizes[11]:   16
Apr 01 22:02:49 fedora kernel: x86/fpu: xstate_offset[12]:  856, xstate_sizes[12]:   24
Apr 01 22:02:49 fedora kernel: x86/fpu: Enabled xstate features 0x1a07, context size is 880 bytes, using 'compacted' format.
Apr 01 22:02:49 fedora kernel: Freeing SMP alternatives memory: 56K
Apr 01 22:02:49 fedora kernel: pid_max: default: 32768 minimum: 301
Apr 01 22:02:49 fedora kernel: LSM: initializing lsm=lockdown,capability,yama,selinux,bpf,landlock,ipe,ima,evm
Apr 01 22:02:49 fedora kernel: Yama: becoming mindful.
Apr 01 22:02:49 fedora kernel: SELinux:  Initializing.
Apr 01 22:02:49 fedora kernel: LSM support for eBPF active
Apr 01 22:02:49 fedora kernel: landlock: Up and running.
Apr 01 22:02:49 fedora kernel: Mount-cache hash table entries: 65536 (order: 7, 524288 bytes, linear)
Apr 01 22:02:49 fedora kernel: Mountpoint-cache hash table entries: 65536 (order: 7, 524288 bytes, linear)
Apr 01 22:02:49 fedora kernel: smpboot: CPU0: AMD Ryzen 7 7435HS (family: 0x19, model: 0x44, stepping: 0x1)
Apr 01 22:02:49 fedora kernel: Performance Events: Fam17h+ core perfctr, AMD PMU driver.
Apr 01 22:02:49 fedora kernel: ... version:                   0
Apr 01 22:02:49 fedora kernel: ... bit width:                 48
Apr 01 22:02:49 fedora kernel: ... generic counters:          6
Apr 01 22:02:49 fedora kernel: ... generic bitmap:            000000000000003f
Apr 01 22:02:49 fedora kernel: ... fixed-purpose counters:    0
Apr 01 22:02:49 fedora kernel: ... fixed-purpose bitmap:      0000000000000000
Apr 01 22:02:49 fedora kernel: ... value mask:                0000ffffffffffff
Apr 01 22:02:49 fedora kernel: ... max period:                00007fffffffffff
Apr 01 22:02:49 fedora kernel: ... global_ctrl mask:          000000000000003f
Apr 01 22:02:49 fedora kernel: signal: max sigframe size: 3376
Apr 01 22:02:49 fedora kernel: rcu: Hierarchical SRCU implementation.
Apr 01 22:02:49 fedora kernel: rcu:         Max phase no-delay instances is 400.
Apr 01 22:02:49 fedora kernel: Timer migration: 2 hierarchy levels; 8 children per group; 2 crossnode level
Apr 01 22:02:49 fedora kernel: NMI watchdog: Enabled. Permanently consumes one hw-PMU counter.
Apr 01 22:02:49 fedora kernel: smp: Bringing up secondary CPUs ...
Apr 01 22:02:49 fedora kernel: smpboot: x86: Booting SMP configuration:
Apr 01 22:02:49 fedora kernel: .... node  #0, CPUs:        #2  #4  #6  #8 #10 #12 #14  #1  #3  #5  #7  #9 #11 #13 #15
Apr 01 22:02:49 fedora kernel: Spectre V2 : Update user space SMT mitigation: STIBP always-on
Apr 01 22:02:49 fedora kernel: smp: Brought up 1 node, 16 CPUs
Apr 01 22:02:49 fedora kernel: smpboot: Total of 16 processors activated (99014.36 BogoMIPS)
Apr 01 22:02:49 fedora kernel: Memory: 24088680K/24842968K available (22264K kernel code, 4563K rwdata, 17548K rodata, 5156K init, 6016K bss, 729952K reserved, 0K cma-reserved)
Apr 01 22:02:49 fedora kernel: devtmpfs: initialized
Apr 01 22:02:49 fedora kernel: x86/mm: Memory block size: 128MB
Apr 01 22:02:49 fedora kernel: ACPI: PM: Registering ACPI NVS region [mem 0x09f00000-0x09f13fff] (81920 bytes)
Apr 01 22:02:49 fedora kernel: ACPI: PM: Registering ACPI NVS region [mem 0x72f2f000-0x7af2efff] (134217728 bytes)
Apr 01 22:02:49 fedora kernel: clocksource: jiffies: mask: 0xffffffff max_cycles: 0xffffffff, max_idle_ns: 1911260446275000 ns
Apr 01 22:02:49 fedora kernel: posixtimers hash table entries: 8192 (order: 5, 131072 bytes, linear)
Apr 01 22:02:49 fedora kernel: futex hash table entries: 4096 (262144 bytes on 1 NUMA nodes, total 256 KiB, linear).
Apr 01 22:02:49 fedora kernel: pinctrl core: initialized pinctrl subsystem
Apr 01 22:02:49 fedora kernel: PM: RTC time: 16:32:49, date: 2026-04-01
Apr 01 22:02:49 fedora kernel: NET: Registered PF_NETLINK/PF_ROUTE protocol family
Apr 01 22:02:49 fedora kernel: DMA: preallocated 4096 KiB GFP_KERNEL pool for atomic allocations
Apr 01 22:02:49 fedora kernel: DMA: preallocated 4096 KiB GFP_KERNEL|GFP_DMA pool for atomic allocations
Apr 01 22:02:49 fedora kernel: DMA: preallocated 4096 KiB GFP_KERNEL|GFP_DMA32 pool for atomic allocations
Apr 01 22:02:49 fedora kernel: audit: initializing netlink subsys (disabled)
Apr 01 22:02:49 fedora kernel: audit: type=2000 audit(1775061169.173:1): state=initialized audit_enabled=0 res=1
Apr 01 22:02:49 fedora kernel: thermal_sys: Registered thermal governor 'fair_share'
Apr 01 22:02:49 fedora kernel: thermal_sys: Registered thermal governor 'bang_bang'
Apr 01 22:02:49 fedora kernel: thermal_sys: Registered thermal governor 'step_wise'
Apr 01 22:02:49 fedora kernel: thermal_sys: Registered thermal governor 'user_space'
Apr 01 22:02:49 fedora kernel: cpuidle: using governor menu
Apr 01 22:02:49 fedora kernel: Simple Boot Flag at 0x44 set to 0x1
Apr 01 22:02:49 fedora kernel: acpiphp: ACPI Hot Plug PCI Controller Driver version: 0.5
Apr 01 22:02:49 fedora kernel: PCI: ECAM [mem 0xe0000000-0xefffffff] (base 0xe0000000) for domain 0000 [bus 00-ff]
Apr 01 22:02:49 fedora kernel: PCI: Using configuration type 1 for base access
Apr 01 22:02:49 fedora kernel: kprobes: kprobe jump-optimization is enabled. All kprobes are optimized if possible.
Apr 01 22:02:49 fedora kernel: HugeTLB: registered 1.00 GiB page size, pre-allocated 0 pages
Apr 01 22:02:49 fedora kernel: HugeTLB: 16380 KiB vmemmap can be freed for a 1.00 GiB page
Apr 01 22:02:49 fedora kernel: HugeTLB: registered 2.00 MiB page size, pre-allocated 0 pages
Apr 01 22:02:49 fedora kernel: HugeTLB: 28 KiB vmemmap can be freed for a 2.00 MiB page
Apr 01 22:02:49 fedora kernel: raid6: skipped pq benchmark and selected avx2x4
Apr 01 22:02:49 fedora kernel: raid6: using avx2x2 recovery algorithm
Apr 01 22:02:49 fedora kernel: ACPI: Added _OSI(Module Device)
Apr 01 22:02:49 fedora kernel: ACPI: Added _OSI(Processor Device)
Apr 01 22:02:49 fedora kernel: ACPI: Added _OSI(Processor Aggregator Device)
Apr 01 22:02:49 fedora kernel: ACPI: 30 ACPI AML tables successfully acquired and loaded
Apr 01 22:02:49 fedora kernel: ACPI: USB4 _OSC: OS supports USB3+ DisplayPort+ PCIe+ XDomain+
Apr 01 22:02:49 fedora kernel: ACPI: USB4 _OSC: OS controls USB3+ DisplayPort+ PCIe+ XDomain+
Apr 01 22:02:49 fedora kernel: ACPI: EC: EC started
Apr 01 22:02:49 fedora kernel: ACPI: EC: interrupt blocked
Apr 01 22:02:49 fedora kernel: ACPI: EC: EC_CMD/EC_SC=0x66, EC_DATA=0x62
Apr 01 22:02:49 fedora kernel: ACPI: \_SB_.PCI0.LPC0.EC0_: Boot DSDT EC used to handle transactions
Apr 01 22:02:49 fedora kernel: ACPI: Interpreter enabled
Apr 01 22:02:49 fedora kernel: ACPI: PM: (supports S0 S4 S5)
Apr 01 22:02:49 fedora kernel: ACPI: Using IOAPIC for interrupt routing
Apr 01 22:02:49 fedora kernel: PCI: Using host bridge windows from ACPI; if necessary, use "pci=nocrs" and report a bug
Apr 01 22:02:49 fedora kernel: PCI: Ignoring E820 reservations for host bridge windows
Apr 01 22:02:49 fedora kernel: ACPI: Enabled 4 GPEs in block 00 to 1F
Apr 01 22:02:49 fedora kernel: ACPI: \_SB_.PCI0.GPP0.PG00: New power resource
Apr 01 22:02:49 fedora kernel: ACPI: \_SB_.PCI0.GPP6.WLAN.PRWL: New power resource
Apr 01 22:02:49 fedora kernel: ACPI: \_SB_.PCI0.GPP7.P0NV: New power resource
Apr 01 22:02:49 fedora kernel: ACPI: \_SB_.PCI0.GPP8.P0NV: New power resource
Apr 01 22:02:49 fedora kernel: ACPI: \_SB_.PCI0.GP11.PWRS: New power resource
Apr 01 22:02:49 fedora kernel: ACPI: \_SB_.PCI0.GP11.SWUS.PWRS: New power resource
Apr 01 22:02:49 fedora kernel: ACPI: \_SB_.PCI0.GP12.PWRS: New power resource
Apr 01 22:02:49 fedora kernel: ACPI: \_SB_.PCI0.GP12.SWUS.PWRS: New power resource
Apr 01 22:02:49 fedora kernel: ACPI: \_SB_.PCI0.GP17.PWRS: New power resource
Apr 01 22:02:49 fedora kernel: ACPI: \_SB_.PCI0.GP17.VGA_.PWRS: New power resource
Apr 01 22:02:49 fedora kernel: ACPI: \_SB_.PCI0.GP17.ACP_.PWRS: New power resource
Apr 01 22:02:49 fedora kernel: ACPI: \_SB_.PCI0.GP17.AZAL.PWRS: New power resource
Apr 01 22:02:49 fedora kernel: ACPI: \_SB_.PCI0.GP17.HDAU.PWRS: New power resource
Apr 01 22:02:49 fedora kernel: ACPI: \_SB_.PCI0.GP17.XHC0.PWRS: New power resource
Apr 01 22:02:49 fedora kernel: ACPI: \_SB_.PCI0.GP17.XHC0.RHUB.PRT4.BRWL: New power resource
Apr 01 22:02:49 fedora kernel: ACPI: \_SB_.PCI0.GP17.XHC1.PWRS: New power resource
Apr 01 22:02:49 fedora kernel: ACPI: \_SB_.PCI0.GP18.SATA.P0S0: New power resource
Apr 01 22:02:49 fedora kernel: ACPI: \_SB_.PCI0.GP18.SATA.P3S0: New power resource
Apr 01 22:02:49 fedora kernel: ACPI: \_SB_.PCI0.GP19.XHC2.PWRS: New power resource
Apr 01 22:02:49 fedora kernel: ACPI: \_SB_.PCI0.GP19.NHI0.PWRS: New power resource
Apr 01 22:02:49 fedora kernel: ACPI: \_SB_.PCI0.GP19.NHI0: Overriding _PRW sleep state (S4) by S0 from power resources
Apr 01 22:02:49 fedora kernel: ACPI: \_SB_.PCI0.GP19.XHC3.PWRS: New power resource
Apr 01 22:02:49 fedora kernel: ACPI: \_SB_.PCI0.GP19.NHI1.PWRS: New power resource
Apr 01 22:02:49 fedora kernel: ACPI: \_SB_.PCI0.GP19.NHI1: Overriding _PRW sleep state (S4) by S0 from power resources
Apr 01 22:02:49 fedora kernel: ACPI: \_SB_.PCI0.GP19.XHC4.PWRS: New power resource
Apr 01 22:02:49 fedora kernel: ACPI: PCI Root Bridge [PCI0] (domain 0000 [bus 00-ff])
Apr 01 22:02:49 fedora kernel: acpi PNP0A08:00: _OSC: OS supports [ExtendedConfig ASPM ClockPM Segments MSI EDR HPX-Type3]
Apr 01 22:02:49 fedora kernel: acpi PNP0A08:00: _OSC: platform does not support [SHPCHotplug AER]
Apr 01 22:02:49 fedora kernel: acpi PNP0A08:00: _OSC: OS now controls [PCIeHotplug PME PCIeCapability LTR DPC]
Apr 01 22:02:49 fedora kernel: PCI host bridge to bus 0000:00
Apr 01 22:02:49 fedora kernel: pci_bus 0000:00: root bus resource [io  0x0000-0x0cf7 window]
Apr 01 22:02:49 fedora kernel: pci_bus 0000:00: root bus resource [io  0x0d00-0xffff window]
Apr 01 22:02:49 fedora kernel: pci_bus 0000:00: root bus resource [mem 0x000a0000-0x000bffff window]
Apr 01 22:02:49 fedora kernel: pci_bus 0000:00: root bus resource [mem 0x000c0000-0x000cffff window]
Apr 01 22:02:49 fedora kernel: pci_bus 0000:00: root bus resource [mem 0x000d0000-0x000effff window]
Apr 01 22:02:49 fedora kernel: pci_bus 0000:00: root bus resource [mem 0x80000000-0xdfffffff window]
Apr 01 22:02:49 fedora kernel: pci_bus 0000:00: root bus resource [mem 0xf0000000-0xfec00000 window]
Apr 01 22:02:49 fedora kernel: pci_bus 0000:00: root bus resource [mem 0xfed45000-0xfed814ff window]
Apr 01 22:02:49 fedora kernel: pci_bus 0000:00: root bus resource [mem 0xfed81900-0xfed81fff window]
Apr 01 22:02:49 fedora kernel: pci_bus 0000:00: root bus resource [mem 0xfedc0000-0xfedc0fff window]
Apr 01 22:02:49 fedora kernel: pci_bus 0000:00: root bus resource [mem 0xfedc6000-0xfedc6fff window]
Apr 01 22:02:49 fedora kernel: pci_bus 0000:00: root bus resource [mem 0x6a0200000-0x7f3fffffff window]
Apr 01 22:02:49 fedora kernel: pci_bus 0000:00: root bus resource [bus 00-ff]
Apr 01 22:02:49 fedora kernel: pci 0000:00:00.0: [1022:14b5] type 00 class 0x060000 conventional PCI endpoint
Apr 01 22:02:49 fedora kernel: pci 0000:00:00.2: [1022:14b6] type 00 class 0x080600 conventional PCI endpoint
Apr 01 22:02:49 fedora kernel: pci 0000:00:01.0: [1022:14b7] type 00 class 0x060000 conventional PCI endpoint
Apr 01 22:02:49 fedora kernel: pci 0000:00:01.1: [1022:14b8] type 01 class 0x060400 PCIe Root Port
Apr 01 22:02:49 fedora kernel: pci 0000:00:01.1: PCI bridge to [bus 01]
Apr 01 22:02:49 fedora kernel: pci 0000:00:01.1:   bridge window [io  0x2000-0x2fff]
Apr 01 22:02:49 fedora kernel: pci 0000:00:01.1:   bridge window [mem 0x80000000-0x810fffff]
Apr 01 22:02:49 fedora kernel: pci 0000:00:01.1:   bridge window [mem 0x7c00000000-0x7e01ffffff 64bit pref]
Apr 01 22:02:49 fedora kernel: pci 0000:00:01.1: PME# supported from D0 D3hot D3cold
Apr 01 22:02:49 fedora kernel: pci 0000:00:02.0: [1022:14b7] type 00 class 0x060000 conventional PCI endpoint
Apr 01 22:02:49 fedora kernel: pci 0000:00:02.1: [1022:14ba] type 01 class 0x060400 PCIe Root Port
Apr 01 22:02:49 fedora kernel: pci 0000:00:02.1: PCI bridge to [bus 02]
Apr 01 22:02:49 fedora kernel: pci 0000:00:02.1:   bridge window [io  0x1000-0x1fff]
Apr 01 22:02:49 fedora kernel: pci 0000:00:02.1:   bridge window [mem 0x81a00000-0x81afffff]
Apr 01 22:02:49 fedora kernel: pci 0000:00:02.1: PME# supported from D0 D3hot D3cold
Apr 01 22:02:49 fedora kernel: pci 0000:00:02.2: [1022:14ba] type 01 class 0x060400 PCIe Root Port
Apr 01 22:02:49 fedora kernel: pci 0000:00:02.2: PCI bridge to [bus 03]
Apr 01 22:02:49 fedora kernel: pci 0000:00:02.2:   bridge window [mem 0x7e02000000-0x7e021fffff 64bit pref]
Apr 01 22:02:49 fedora kernel: pci 0000:00:02.2: PME# supported from D0 D3hot D3cold
Apr 01 22:02:49 fedora kernel: pci 0000:00:02.3: [1022:14b8] type 01 class 0x060400 PCIe Root Port
Apr 01 22:02:49 fedora kernel: pci 0000:00:02.3: PCI bridge to [bus 04]
Apr 01 22:02:49 fedora kernel: pci 0000:00:02.3:   bridge window [mem 0x81900000-0x819fffff]
Apr 01 22:02:49 fedora kernel: pci 0000:00:02.3: PME# supported from D0 D3hot D3cold
Apr 01 22:02:49 fedora kernel: pci 0000:00:02.4: [1022:14ba] type 01 class 0x060400 PCIe Root Port
Apr 01 22:02:49 fedora kernel: pci 0000:00:02.4: PCI bridge to [bus 05]
Apr 01 22:02:49 fedora kernel: pci 0000:00:02.4:   bridge window [mem 0x81800000-0x818fffff]
Apr 01 22:02:49 fedora kernel: pci 0000:00:02.4: PME# supported from D0 D3hot D3cold
Apr 01 22:02:49 fedora kernel: pci 0000:00:03.0: [1022:14b7] type 00 class 0x060000 conventional PCI endpoint
Apr 01 22:02:49 fedora kernel: pci 0000:00:04.0: [1022:14b7] type 00 class 0x060000 conventional PCI endpoint
Apr 01 22:02:49 fedora kernel: pci 0000:00:08.0: [1022:14b7] type 00 class 0x060000 conventional PCI endpoint
Apr 01 22:02:49 fedora kernel: pci 0000:00:08.1: [1022:14b9] type 01 class 0x060400 PCIe Root Port
Apr 01 22:02:49 fedora kernel: pci 0000:00:08.1: PCI bridge to [bus 06]
Apr 01 22:02:49 fedora kernel: pci 0000:00:08.1:   bridge window [mem 0x81400000-0x817fffff]
Apr 01 22:02:49 fedora kernel: pci 0000:00:08.1: enabling Extended Tags
Apr 01 22:02:49 fedora kernel: pci 0000:00:08.1: PME# supported from D0 D3hot D3cold
Apr 01 22:02:49 fedora kernel: pci 0000:00:08.3: [1022:14b9] type 01 class 0x060400 PCIe Root Port
Apr 01 22:02:49 fedora kernel: pci 0000:00:08.3: PCI bridge to [bus 07]
Apr 01 22:02:49 fedora kernel: pci 0000:00:08.3:   bridge window [mem 0x81100000-0x813fffff]
Apr 01 22:02:49 fedora kernel: pci 0000:00:08.3: enabling Extended Tags
Apr 01 22:02:49 fedora kernel: pci 0000:00:08.3: PME# supported from D0 D3hot D3cold
Apr 01 22:02:49 fedora kernel: pci 0000:00:14.0: [1022:790b] type 00 class 0x0c0500 conventional PCI endpoint
Apr 01 22:02:49 fedora kernel: pci 0000:00:14.3: [1022:790e] type 00 class 0x060100 conventional PCI endpoint
Apr 01 22:02:49 fedora kernel: pci 0000:00:18.0: [1022:1679] type 00 class 0x060000 conventional PCI endpoint
Apr 01 22:02:49 fedora kernel: pci 0000:00:18.1: [1022:167a] type 00 class 0x060000 conventional PCI endpoint
Apr 01 22:02:49 fedora kernel: pci 0000:00:18.2: [1022:167b] type 00 class 0x060000 conventional PCI endpoint
Apr 01 22:02:49 fedora kernel: pci 0000:00:18.3: [1022:167c] type 00 class 0x060000 conventional PCI endpoint
Apr 01 22:02:49 fedora kernel: pci 0000:00:18.4: [1022:167d] type 00 class 0x060000 conventional PCI endpoint
Apr 01 22:02:49 fedora kernel: pci 0000:00:18.5: [1022:167e] type 00 class 0x060000 conventional PCI endpoint
Apr 01 22:02:49 fedora kernel: pci 0000:00:18.6: [1022:167f] type 00 class 0x060000 conventional PCI endpoint
Apr 01 22:02:49 fedora kernel: pci 0000:00:18.7: [1022:1680] type 00 class 0x060000 conventional PCI endpoint
Apr 01 22:02:49 fedora kernel: pci 0000:01:00.0: [10de:28e1] type 00 class 0x030000 PCIe Legacy Endpoint
Apr 01 22:02:49 fedora kernel: pci 0000:01:00.0: BAR 0 [mem 0x80000000-0x80ffffff]
Apr 01 22:02:49 fedora kernel: pci 0000:01:00.0: BAR 1 [mem 0x7c00000000-0x7dffffffff 64bit pref]
Apr 01 22:02:49 fedora kernel: pci 0000:01:00.0: BAR 3 [mem 0x7e00000000-0x7e01ffffff 64bit pref]
Apr 01 22:02:49 fedora kernel: pci 0000:01:00.0: BAR 5 [io  0x2000-0x207f]
Apr 01 22:02:49 fedora kernel: pci 0000:01:00.0: ROM [mem 0x81000000-0x8107ffff pref]
Apr 01 22:02:49 fedora kernel: pci 0000:01:00.0: PME# supported from D0 D3hot
Apr 01 22:02:49 fedora kernel: pci 0000:01:00.0: 16.000 Gb/s available PCIe bandwidth, limited by 2.5 GT/s PCIe x8 link at 0000:00:01.1 (capable of 126.024 Gb/s with 16.0 GT/s PCIe x8 link)
Apr 01 22:02:49 fedora kernel: pci 0000:01:00.1: [10de:22be] type 00 class 0x040300 PCIe Endpoint
Apr 01 22:02:49 fedora kernel: pci 0000:01:00.1: BAR 0 [mem 0x81080000-0x81083fff]
Apr 01 22:02:49 fedora kernel: pci 0000:00:01.1: PCI bridge to [bus 01]
Apr 01 22:02:49 fedora kernel: pci 0000:02:00.0: [10ec:8168] type 00 class 0x020000 PCIe Endpoint
Apr 01 22:02:49 fedora kernel: pci 0000:02:00.0: BAR 0 [io  0x1000-0x10ff]
Apr 01 22:02:49 fedora kernel: pci 0000:02:00.0: BAR 2 [mem 0x81a04000-0x81a04fff 64bit]
Apr 01 22:02:49 fedora kernel: pci 0000:02:00.0: BAR 4 [mem 0x81a00000-0x81a03fff 64bit]
Apr 01 22:02:49 fedora kernel: pci 0000:02:00.0: supports D1 D2
Apr 01 22:02:49 fedora kernel: pci 0000:02:00.0: PME# supported from D0 D1 D2 D3hot D3cold
Apr 01 22:02:49 fedora kernel: pci 0000:00:02.1: PCI bridge to [bus 02]
Apr 01 22:02:49 fedora kernel: pci 0000:03:00.0: [14c3:7961] type 00 class 0x028000 PCIe Endpoint
Apr 01 22:02:49 fedora kernel: pci 0000:03:00.0: BAR 0 [mem 0x7e02000000-0x7e020fffff 64bit pref]
Apr 01 22:02:49 fedora kernel: pci 0000:03:00.0: BAR 2 [mem 0x7e02100000-0x7e02103fff 64bit pref]
Apr 01 22:02:49 fedora kernel: pci 0000:03:00.0: BAR 4 [mem 0x7e02104000-0x7e02104fff 64bit pref]
Apr 01 22:02:49 fedora kernel: pci 0000:03:00.0: supports D1 D2
Apr 01 22:02:49 fedora kernel: pci 0000:03:00.0: PME# supported from D0 D1 D2 D3hot D3cold
Apr 01 22:02:49 fedora kernel: pci 0000:00:02.2: PCI bridge to [bus 03]
Apr 01 22:02:49 fedora kernel: pci 0000:04:00.0: [1344:5413] type 00 class 0x010802 PCIe Endpoint
Apr 01 22:02:49 fedora kernel: pci 0000:04:00.0: BAR 0 [mem 0x81900000-0x81903fff 64bit]
Apr 01 22:02:49 fedora kernel: pci 0000:00:02.3: PCI bridge to [bus 04]
Apr 01 22:02:49 fedora kernel: pci 0000:05:00.0: [15b7:5063] type 00 class 0x010802 PCIe Endpoint
Apr 01 22:02:49 fedora kernel: pci 0000:05:00.0: BAR 0 [mem 0x81800000-0x81803fff 64bit]
Apr 01 22:02:49 fedora kernel: pci 0000:00:02.4: PCI bridge to [bus 05]
Apr 01 22:02:49 fedora kernel: pci 0000:06:00.0: [1002:145a] type 00 class 0x130000 PCIe Legacy Endpoint
Apr 01 22:02:49 fedora kernel: pci 0000:06:00.0: enabling Extended Tags
Apr 01 22:02:49 fedora kernel: pci 0000:06:00.2: [1022:1649] type 00 class 0x108000 PCIe Endpoint
Apr 01 22:02:49 fedora kernel: pci 0000:06:00.2: BAR 2 [mem 0x81600000-0x816fffff]
Apr 01 22:02:49 fedora kernel: pci 0000:06:00.2: BAR 5 [mem 0x81748000-0x81749fff]
Apr 01 22:02:49 fedora kernel: pci 0000:06:00.2: enabling Extended Tags
Apr 01 22:02:49 fedora kernel: pci 0000:06:00.3: [1022:161d] type 00 class 0x0c0330 PCIe Endpoint
Apr 01 22:02:49 fedora kernel: pci 0000:06:00.3: BAR 0 [mem 0x81400000-0x814fffff 64bit]
Apr 01 22:02:49 fedora kernel: pci 0000:06:00.3: enabling Extended Tags
Apr 01 22:02:49 fedora kernel: pci 0000:06:00.3: PME# supported from D0 D3hot D3cold
Apr 01 22:02:49 fedora kernel: pci 0000:06:00.4: [1022:161e] type 00 class 0x0c0330 PCIe Endpoint
Apr 01 22:02:49 fedora kernel: pci 0000:06:00.4: BAR 0 [mem 0x81500000-0x815fffff 64bit]
Apr 01 22:02:49 fedora kernel: pci 0000:06:00.4: enabling Extended Tags
Apr 01 22:02:49 fedora kernel: pci 0000:06:00.4: PME# supported from D0 D3hot D3cold
Apr 01 22:02:49 fedora kernel: pci 0000:06:00.5: [1022:15e2] type 00 class 0x048000 PCIe Endpoint
Apr 01 22:02:49 fedora kernel: pci 0000:06:00.5: BAR 0 [mem 0x81700000-0x8173ffff]
Apr 01 22:02:49 fedora kernel: pci 0000:06:00.5: enabling Extended Tags
Apr 01 22:02:49 fedora kernel: pci 0000:06:00.5: PME# supported from D0 D3hot D3cold
Apr 01 22:02:49 fedora kernel: pci 0000:06:00.6: [1022:15e3] type 00 class 0x040300 PCIe Endpoint
Apr 01 22:02:49 fedora kernel: pci 0000:06:00.6: BAR 0 [mem 0x81740000-0x81747fff]
Apr 01 22:02:49 fedora kernel: pci 0000:06:00.6: enabling Extended Tags
Apr 01 22:02:49 fedora kernel: pci 0000:06:00.6: PME# supported from D0 D3hot D3cold
Apr 01 22:02:49 fedora kernel: pci 0000:00:08.1: PCI bridge to [bus 06]
Apr 01 22:02:49 fedora kernel: pci 0000:07:00.0: [1022:161f] type 00 class 0x0c0330 PCIe Endpoint
Apr 01 22:02:49 fedora kernel: pci 0000:07:00.0: BAR 0 [mem 0x81100000-0x811fffff 64bit]
Apr 01 22:02:49 fedora kernel: pci 0000:07:00.0: enabling Extended Tags
Apr 01 22:02:49 fedora kernel: pci 0000:07:00.0: PME# supported from D0 D3hot D3cold
Apr 01 22:02:49 fedora kernel: pci 0000:07:00.3: [1022:15d6] type 00 class 0x0c0330 PCIe Endpoint
Apr 01 22:02:49 fedora kernel: pci 0000:07:00.3: BAR 0 [mem 0x81200000-0x812fffff 64bit]
Apr 01 22:02:49 fedora kernel: pci 0000:07:00.3: enabling Extended Tags
Apr 01 22:02:49 fedora kernel: pci 0000:07:00.3: PME# supported from D0 D3hot D3cold
Apr 01 22:02:49 fedora kernel: pci 0000:07:00.4: [1022:15d7] type 00 class 0x0c0330 PCIe Endpoint
Apr 01 22:02:49 fedora kernel: pci 0000:07:00.4: BAR 0 [mem 0x81300000-0x813fffff 64bit]
Apr 01 22:02:49 fedora kernel: pci 0000:07:00.4: enabling Extended Tags
Apr 01 22:02:49 fedora kernel: pci 0000:07:00.4: PME# supported from D0 D3hot D3cold
Apr 01 22:02:49 fedora kernel: pci 0000:00:08.3: PCI bridge to [bus 07]
Apr 01 22:02:49 fedora kernel: ACPI: PCI: Interrupt link LNKA configured for IRQ 0
Apr 01 22:02:49 fedora kernel: ACPI: PCI: Interrupt link LNKA disabled
Apr 01 22:02:49 fedora kernel: ACPI: PCI: Interrupt link LNKB configured for IRQ 0
Apr 01 22:02:49 fedora kernel: ACPI: PCI: Interrupt link LNKB disabled
Apr 01 22:02:49 fedora kernel: ACPI: PCI: Interrupt link LNKC configured for IRQ 0
Apr 01 22:02:49 fedora kernel: ACPI: PCI: Interrupt link LNKC disabled
Apr 01 22:02:49 fedora kernel: ACPI: PCI: Interrupt link LNKD configured for IRQ 0
Apr 01 22:02:49 fedora kernel: ACPI: PCI: Interrupt link LNKD disabled
Apr 01 22:02:49 fedora kernel: ACPI: PCI: Interrupt link LNKE configured for IRQ 0
Apr 01 22:02:49 fedora kernel: ACPI: PCI: Interrupt link LNKE disabled
Apr 01 22:02:49 fedora kernel: ACPI: PCI: Interrupt link LNKF configured for IRQ 0
Apr 01 22:02:49 fedora kernel: ACPI: PCI: Interrupt link LNKF disabled
Apr 01 22:02:49 fedora kernel: ACPI: PCI: Interrupt link LNKG configured for IRQ 0
Apr 01 22:02:49 fedora kernel: ACPI: PCI: Interrupt link LNKG disabled
Apr 01 22:02:49 fedora kernel: ACPI: PCI: Interrupt link LNKH configured for IRQ 0
Apr 01 22:02:49 fedora kernel: ACPI: PCI: Interrupt link LNKH disabled
Apr 01 22:02:49 fedora kernel: Low-power S0 idle used by default for system suspend
Apr 01 22:02:49 fedora kernel: ACPI: EC: interrupt unblocked
Apr 01 22:02:49 fedora kernel: ACPI: EC: event unblocked
Apr 01 22:02:49 fedora kernel: ACPI: EC: EC_CMD/EC_SC=0x66, EC_DATA=0x62
Apr 01 22:02:49 fedora kernel: ACPI: EC: GPE=0x7
Apr 01 22:02:49 fedora kernel: ACPI: \_SB_.PCI0.LPC0.EC0_: Boot DSDT EC initialization complete
Apr 01 22:02:49 fedora kernel: ACPI: \_SB_.PCI0.LPC0.EC0_: EC: Used to handle transactions and events
Apr 01 22:02:49 fedora kernel: iommu: Default domain type: Translated
Apr 01 22:02:49 fedora kernel: iommu: DMA domain TLB invalidation policy: lazy mode
Apr 01 22:02:49 fedora kernel: SCSI subsystem initialized
Apr 01 22:02:49 fedora kernel: libata version 3.00 loaded.
Apr 01 22:02:49 fedora kernel: ACPI: bus type USB registered
Apr 01 22:02:49 fedora kernel: usbcore: registered new interface driver usbfs
Apr 01 22:02:49 fedora kernel: usbcore: registered new interface driver hub
Apr 01 22:02:49 fedora kernel: usbcore: registered new device driver usb
Apr 01 22:02:49 fedora kernel: i2c_designware AMDI0010:00: [Firmware Bug]: DSDT uses known not-working I2C bus speed 400000, forcing it to 100000
Apr 01 22:02:49 fedora kernel: pps_core: LinuxPPS API ver. 1 registered
Apr 01 22:02:49 fedora kernel: pps_core: Software ver. 5.3.6 - Copyright 2005-2007 Rodolfo Giometti <giometti@linux.it>
Apr 01 22:02:49 fedora kernel: PTP clock support registered
Apr 01 22:02:49 fedora kernel: EDAC MC: Ver: 3.0.0
Apr 01 22:02:49 fedora kernel: efivars: Registered efivars operations
Apr 01 22:02:49 fedora kernel: NetLabel: Initializing
Apr 01 22:02:49 fedora kernel: NetLabel:  domain hash size = 128
Apr 01 22:02:49 fedora kernel: NetLabel:  protocols = UNLABELED CIPSOv4 CALIPSO
Apr 01 22:02:49 fedora kernel: NetLabel:  unlabeled traffic allowed by default
Apr 01 22:02:49 fedora kernel: mctp: management component transport protocol core
Apr 01 22:02:49 fedora kernel: NET: Registered PF_MCTP protocol family
Apr 01 22:02:49 fedora kernel: PCI: Using ACPI for IRQ routing
Apr 01 22:02:49 fedora kernel: PCI: pci_cache_line_size set to 64 bytes
Apr 01 22:02:49 fedora kernel: e820: reserve RAM buffer [mem 0x0009f000-0x0009ffff]
Apr 01 22:02:49 fedora kernel: e820: reserve RAM buffer [mem 0x09b00000-0x0bffffff]
Apr 01 22:02:49 fedora kernel: e820: reserve RAM buffer [mem 0x09f00000-0x0bffffff]
Apr 01 22:02:49 fedora kernel: e820: reserve RAM buffer [mem 0x5fdff000-0x5fffffff]
Apr 01 22:02:49 fedora kernel: e820: reserve RAM buffer [mem 0x62314000-0x63ffffff]
Apr 01 22:02:49 fedora kernel: e820: reserve RAM buffer [mem 0x6451d000-0x67ffffff]
Apr 01 22:02:49 fedora kernel: e820: reserve RAM buffer [mem 0x6b73d000-0x6bffffff]
Apr 01 22:02:49 fedora kernel: e820: reserve RAM buffer [mem 0x6ba0b000-0x6bffffff]
Apr 01 22:02:49 fedora kernel: e820: reserve RAM buffer [mem 0x7072f000-0x73ffffff]
Apr 01 22:02:49 fedora kernel: e820: reserve RAM buffer [mem 0x7b000000-0x7bffffff]
Apr 01 22:02:49 fedora kernel: e820: reserve RAM buffer [mem 0x67e300000-0x67fffffff]
Apr 01 22:02:49 fedora kernel: pci 0000:01:00.0: vgaarb: setting as boot VGA device
Apr 01 22:02:49 fedora kernel: pci 0000:01:00.0: vgaarb: bridge control possible
Apr 01 22:02:49 fedora kernel: pci 0000:01:00.0: vgaarb: VGA device added: decodes=io+mem,owns=none,locks=none
Apr 01 22:02:49 fedora kernel: vgaarb: loaded
Apr 01 22:02:49 fedora kernel: hpet0: at MMIO 0xfed00000, IRQs 2, 8, 0
Apr 01 22:02:49 fedora kernel: hpet0: 3 comparators, 32-bit 14.318180 MHz counter
Apr 01 22:02:49 fedora kernel: clocksource: Switched to clocksource tsc-early
Apr 01 22:02:49 fedora kernel: VFS: Disk quotas dquot_6.6.0
Apr 01 22:02:49 fedora kernel: VFS: Dquot-cache hash table entries: 512 (order 0, 4096 bytes)
Apr 01 22:02:49 fedora kernel: pnp: PnP ACPI init
Apr 01 22:02:49 fedora kernel: system 00:00: [mem 0xfec00000-0xfec01fff] could not be reserved
Apr 01 22:02:49 fedora kernel: system 00:00: [mem 0xfee00000-0xfee00fff] has been reserved
Apr 01 22:02:49 fedora kernel: system 00:00: [mem 0xa0200000-0xa02fffff] has been reserved
Apr 01 22:02:49 fedora kernel: system 00:03: [io  0x0400-0x04cf] has been reserved
Apr 01 22:02:49 fedora kernel: system 00:03: [io  0x04d0-0x04d1] has been reserved
Apr 01 22:02:49 fedora kernel: system 00:03: [io  0x04d6] has been reserved
Apr 01 22:02:49 fedora kernel: system 00:03: [io  0x0700-0x0707] has been reserved
Apr 01 22:02:49 fedora kernel: system 00:03: [io  0x0c00-0x0c01] has been reserved
Apr 01 22:02:49 fedora kernel: system 00:03: [io  0x0c14] has been reserved
Apr 01 22:02:49 fedora kernel: system 00:03: [io  0x0c50-0x0c52] has been reserved
Apr 01 22:02:49 fedora kernel: system 00:03: [io  0x0c6c] has been reserved
Apr 01 22:02:49 fedora kernel: system 00:03: [io  0x0c6f] has been reserved
Apr 01 22:02:49 fedora kernel: system 00:03: [io  0x0cd0-0x0cdb] has been reserved
Apr 01 22:02:49 fedora kernel: system 00:03: [io  0x0d00-0x0d07] has been reserved
Apr 01 22:02:49 fedora kernel: system 00:04: [mem 0x000e0000-0x000fffff] could not be reserved
Apr 01 22:02:49 fedora kernel: system 00:04: [mem 0xfe000000-0xffffffff] could not be reserved
Apr 01 22:02:49 fedora kernel: pnp: PnP ACPI: found 5 devices
Apr 01 22:02:49 fedora kernel: clocksource: acpi_pm: mask: 0xffffff max_cycles: 0xffffff, max_idle_ns: 2085701024 ns
Apr 01 22:02:49 fedora kernel: NET: Registered PF_INET protocol family
Apr 01 22:02:49 fedora kernel: IP idents hash table entries: 262144 (order: 9, 2097152 bytes, linear)
Apr 01 22:02:49 fedora kernel: tcp_listen_portaddr_hash hash table entries: 16384 (order: 6, 262144 bytes, linear)
Apr 01 22:02:49 fedora kernel: Table-perturb hash table entries: 65536 (order: 6, 262144 bytes, linear)
Apr 01 22:02:49 fedora kernel: TCP established hash table entries: 262144 (order: 9, 2097152 bytes, linear)
Apr 01 22:02:49 fedora kernel: TCP bind hash table entries: 65536 (order: 9, 2097152 bytes, linear)
Apr 01 22:02:49 fedora kernel: TCP: Hash tables configured (established 262144 bind 65536)
Apr 01 22:02:49 fedora kernel: MPTCP token hash table entries: 32768 (order: 8, 786432 bytes, linear)
Apr 01 22:02:49 fedora kernel: UDP hash table entries: 16384 (order: 8, 1048576 bytes, linear)
Apr 01 22:02:49 fedora kernel: UDP-Lite hash table entries: 16384 (order: 8, 1048576 bytes, linear)
Apr 01 22:02:49 fedora kernel: NET: Registered PF_UNIX/PF_LOCAL protocol family
Apr 01 22:02:49 fedora kernel: NET: Registered PF_XDP protocol family
Apr 01 22:02:49 fedora kernel: pci 0000:00:01.1: PCI bridge to [bus 01]
Apr 01 22:02:49 fedora kernel: pci 0000:00:01.1:   bridge window [io  0x2000-0x2fff]
Apr 01 22:02:49 fedora kernel: pci 0000:00:01.1:   bridge window [mem 0x80000000-0x810fffff]
Apr 01 22:02:49 fedora kernel: pci 0000:00:01.1:   bridge window [mem 0x7c00000000-0x7e01ffffff 64bit pref]
Apr 01 22:02:49 fedora kernel: pci 0000:00:02.1: PCI bridge to [bus 02]
Apr 01 22:02:49 fedora kernel: pci 0000:00:02.1:   bridge window [io  0x1000-0x1fff]
Apr 01 22:02:49 fedora kernel: pci 0000:00:02.1:   bridge window [mem 0x81a00000-0x81afffff]
Apr 01 22:02:49 fedora kernel: pci 0000:00:02.2: PCI bridge to [bus 03]
Apr 01 22:02:49 fedora kernel: pci 0000:00:02.2:   bridge window [mem 0x7e02000000-0x7e021fffff 64bit pref]
Apr 01 22:02:49 fedora kernel: pci 0000:00:02.3: PCI bridge to [bus 04]
Apr 01 22:02:49 fedora kernel: pci 0000:00:02.3:   bridge window [mem 0x81900000-0x819fffff]
Apr 01 22:02:49 fedora kernel: pci 0000:00:02.4: PCI bridge to [bus 05]
Apr 01 22:02:49 fedora kernel: pci 0000:00:02.4:   bridge window [mem 0x81800000-0x818fffff]
Apr 01 22:02:49 fedora kernel: pci 0000:00:08.1: PCI bridge to [bus 06]
Apr 01 22:02:49 fedora kernel: pci 0000:00:08.1:   bridge window [mem 0x81400000-0x817fffff]
Apr 01 22:02:49 fedora kernel: pci 0000:00:08.3: PCI bridge to [bus 07]
Apr 01 22:02:49 fedora kernel: pci 0000:00:08.3:   bridge window [mem 0x81100000-0x813fffff]
Apr 01 22:02:49 fedora kernel: pci_bus 0000:00: resource 4 [io  0x0000-0x0cf7 window]
Apr 01 22:02:49 fedora kernel: pci_bus 0000:00: resource 5 [io  0x0d00-0xffff window]
Apr 01 22:02:49 fedora kernel: pci_bus 0000:00: resource 6 [mem 0x000a0000-0x000bffff window]
Apr 01 22:02:49 fedora kernel: pci_bus 0000:00: resource 7 [mem 0x000c0000-0x000cffff window]
Apr 01 22:02:49 fedora kernel: pci_bus 0000:00: resource 8 [mem 0x000d0000-0x000effff window]
Apr 01 22:02:49 fedora kernel: pci_bus 0000:00: resource 9 [mem 0x80000000-0xdfffffff window]
Apr 01 22:02:49 fedora kernel: pci_bus 0000:00: resource 10 [mem 0xf0000000-0xfec00000 window]
Apr 01 22:02:49 fedora kernel: pci_bus 0000:00: resource 11 [mem 0xfed45000-0xfed814ff window]
Apr 01 22:02:49 fedora kernel: pci_bus 0000:00: resource 12 [mem 0xfed81900-0xfed81fff window]
Apr 01 22:02:49 fedora kernel: pci_bus 0000:00: resource 13 [mem 0xfedc0000-0xfedc0fff window]
Apr 01 22:02:49 fedora kernel: pci_bus 0000:00: resource 14 [mem 0xfedc6000-0xfedc6fff window]
Apr 01 22:02:49 fedora kernel: pci_bus 0000:00: resource 15 [mem 0x6a0200000-0x7f3fffffff window]
Apr 01 22:02:49 fedora kernel: pci_bus 0000:01: resource 0 [io  0x2000-0x2fff]
Apr 01 22:02:49 fedora kernel: pci_bus 0000:01: resource 1 [mem 0x80000000-0x810fffff]
Apr 01 22:02:49 fedora kernel: pci_bus 0000:01: resource 2 [mem 0x7c00000000-0x7e01ffffff 64bit pref]
Apr 01 22:02:49 fedora kernel: pci_bus 0000:02: resource 0 [io  0x1000-0x1fff]
Apr 01 22:02:49 fedora kernel: pci_bus 0000:02: resource 1 [mem 0x81a00000-0x81afffff]
Apr 01 22:02:49 fedora kernel: pci_bus 0000:03: resource 2 [mem 0x7e02000000-0x7e021fffff 64bit pref]
Apr 01 22:02:49 fedora kernel: pci_bus 0000:04: resource 1 [mem 0x81900000-0x819fffff]
Apr 01 22:02:49 fedora kernel: pci_bus 0000:05: resource 1 [mem 0x81800000-0x818fffff]
Apr 01 22:02:49 fedora kernel: pci_bus 0000:06: resource 1 [mem 0x81400000-0x817fffff]
Apr 01 22:02:49 fedora kernel: pci_bus 0000:07: resource 1 [mem 0x81100000-0x813fffff]
Apr 01 22:02:49 fedora kernel: pci 0000:01:00.1: extending delay after power-on from D3hot to 20 msec
Apr 01 22:02:49 fedora kernel: pci 0000:01:00.1: D0 power state depends on 0000:01:00.0
Apr 01 22:02:49 fedora kernel: PCI: CLS 64 bytes, default 64
Apr 01 22:02:49 fedora kernel: pci 0000:00:00.2: AMD-Vi: IOMMU performance counters supported
Apr 01 22:02:49 fedora kernel: Trying to unpack rootfs image as initramfs...
Apr 01 22:02:49 fedora kernel: pci 0000:00:01.0: Adding to iommu group 0
Apr 01 22:02:49 fedora kernel: pci 0000:00:01.1: Adding to iommu group 1
Apr 01 22:02:49 fedora kernel: pci 0000:00:02.0: Adding to iommu group 2
Apr 01 22:02:49 fedora kernel: pci 0000:00:02.1: Adding to iommu group 3
Apr 01 22:02:49 fedora kernel: pci 0000:00:02.2: Adding to iommu group 4
Apr 01 22:02:49 fedora kernel: pci 0000:00:02.3: Adding to iommu group 5
Apr 01 22:02:49 fedora kernel: pci 0000:00:02.4: Adding to iommu group 6
Apr 01 22:02:49 fedora kernel: pci 0000:00:03.0: Adding to iommu group 7
Apr 01 22:02:49 fedora kernel: pci 0000:00:04.0: Adding to iommu group 8
Apr 01 22:02:49 fedora kernel: pci 0000:00:08.0: Adding to iommu group 9
Apr 01 22:02:49 fedora kernel: pci 0000:00:08.1: Adding to iommu group 10
Apr 01 22:02:49 fedora kernel: pci 0000:00:08.3: Adding to iommu group 11
Apr 01 22:02:49 fedora kernel: pci 0000:00:14.0: Adding to iommu group 12
Apr 01 22:02:49 fedora kernel: pci 0000:00:14.3: Adding to iommu group 12
Apr 01 22:02:49 fedora kernel: pci 0000:00:18.0: Adding to iommu group 13
Apr 01 22:02:49 fedora kernel: pci 0000:00:18.1: Adding to iommu group 13
Apr 01 22:02:49 fedora kernel: pci 0000:00:18.2: Adding to iommu group 13
Apr 01 22:02:49 fedora kernel: pci 0000:00:18.3: Adding to iommu group 13
Apr 01 22:02:49 fedora kernel: pci 0000:00:18.4: Adding to iommu group 13
Apr 01 22:02:49 fedora kernel: pci 0000:00:18.5: Adding to iommu group 13
Apr 01 22:02:49 fedora kernel: pci 0000:00:18.6: Adding to iommu group 13
Apr 01 22:02:49 fedora kernel: pci 0000:00:18.7: Adding to iommu group 13
Apr 01 22:02:49 fedora kernel: pci 0000:01:00.0: Adding to iommu group 14
Apr 01 22:02:49 fedora kernel: pci 0000:01:00.1: Adding to iommu group 14
Apr 01 22:02:49 fedora kernel: pci 0000:02:00.0: Adding to iommu group 15
Apr 01 22:02:49 fedora kernel: pci 0000:03:00.0: Adding to iommu group 16
Apr 01 22:02:49 fedora kernel: pci 0000:04:00.0: Adding to iommu group 17
Apr 01 22:02:49 fedora kernel: pci 0000:05:00.0: Adding to iommu group 18
Apr 01 22:02:49 fedora kernel: pci 0000:06:00.0: Adding to iommu group 19
Apr 01 22:02:49 fedora kernel: pci 0000:06:00.2: Adding to iommu group 20
Apr 01 22:02:49 fedora kernel: pci 0000:06:00.3: Adding to iommu group 21
Apr 01 22:02:49 fedora kernel: pci 0000:06:00.4: Adding to iommu group 22
Apr 01 22:02:49 fedora kernel: pci 0000:06:00.5: Adding to iommu group 23
Apr 01 22:02:49 fedora kernel: pci 0000:06:00.6: Adding to iommu group 24
Apr 01 22:02:49 fedora kernel: pci 0000:07:00.0: Adding to iommu group 25
Apr 01 22:02:49 fedora kernel: pci 0000:07:00.3: Adding to iommu group 26
Apr 01 22:02:49 fedora kernel: pci 0000:07:00.4: Adding to iommu group 27
Apr 01 22:02:49 fedora kernel: AMD-Vi: Extended features (0x246577efa2254afa, 0x0): PPR NX GT [5] IA GA PC GA_vAPIC
Apr 01 22:02:49 fedora kernel: AMD-Vi: Interrupt remapping enabled
Apr 01 22:02:49 fedora kernel: AMD-Vi: Virtual APIC enabled
Apr 01 22:02:49 fedora kernel: PCI-DMA: Using software bounce buffering for IO (SWIOTLB)
Apr 01 22:02:49 fedora kernel: software IO TLB: mapped [mem 0x000000006616f000-0x000000006a16f000] (64MB)
Apr 01 22:02:49 fedora kernel: LVT offset 0 assigned for vector 0x400
Apr 01 22:02:49 fedora kernel: perf: AMD IBS detected (0x000003fd)
Apr 01 22:02:49 fedora kernel: amd_uncore: 4 amd_df counters detected
Apr 01 22:02:49 fedora kernel: amd_uncore: 6 amd_l3 counters detected
Apr 01 22:02:49 fedora kernel: perf/amd_iommu: Detected AMD IOMMU #0 (2 banks, 4 counters/bank).
Apr 01 22:02:49 fedora kernel: Initialise system trusted keyrings
Apr 01 22:02:49 fedora kernel: Key type blacklist registered
Apr 01 22:02:49 fedora kernel: workingset: timestamp_bits=36 max_order=23 bucket_order=0
Apr 01 22:02:49 fedora kernel: integrity: Platform Keyring initialized
Apr 01 22:02:49 fedora kernel: integrity: Machine keyring initialized
Apr 01 22:02:49 fedora kernel: cryptd: max_cpu_qlen set to 1000
Apr 01 22:02:49 fedora kernel: NET: Registered PF_ALG protocol family
Apr 01 22:02:49 fedora kernel: xor: automatically using best checksumming function   avx       
Apr 01 22:02:49 fedora kernel: Key type asymmetric registered
Apr 01 22:02:49 fedora kernel: Asymmetric key parser 'x509' registered
Apr 01 22:02:49 fedora kernel: Block layer SCSI generic (bsg) driver version 0.4 loaded (major 244)
Apr 01 22:02:49 fedora kernel: io scheduler mq-deadline registered
Apr 01 22:02:49 fedora kernel: io scheduler kyber registered
Apr 01 22:02:49 fedora kernel: io scheduler bfq registered
Apr 01 22:02:49 fedora kernel: atomic64_test: passed for x86-64 platform with CX8 and with SSE
Apr 01 22:02:49 fedora kernel: pcieport 0000:00:01.1: PME: Signaling with IRQ 32
Apr 01 22:02:49 fedora kernel: pcieport 0000:00:01.1: pciehp: Slot #0 AttnBtn- PwrCtrl- MRL- AttnInd- PwrInd- HotPlug+ Surprise+ Interlock- NoCompl+ IbPresDis- LLActRep+
Apr 01 22:02:49 fedora kernel: pcieport 0000:00:02.1: PME: Signaling with IRQ 33
Apr 01 22:02:49 fedora kernel: pcieport 0000:00:02.2: PME: Signaling with IRQ 34
Apr 01 22:02:49 fedora kernel: pcieport 0000:00:02.3: PME: Signaling with IRQ 35
Apr 01 22:02:49 fedora kernel: pcieport 0000:00:02.4: PME: Signaling with IRQ 36
Apr 01 22:02:49 fedora kernel: pcieport 0000:00:08.1: PME: Signaling with IRQ 37
Apr 01 22:02:49 fedora kernel: pcieport 0000:00:08.3: PME: Signaling with IRQ 38
Apr 01 22:02:49 fedora kernel: ACPI: AC: AC Adapter [ACAD] (on-line)
Apr 01 22:02:49 fedora kernel: input: Power Button as /devices/LNXSYSTM:00/LNXSYBUS:00/PNP0C0C:00/input/input0
Apr 01 22:02:49 fedora kernel: ACPI: button: Power Button [PWRB]
Apr 01 22:02:49 fedora kernel: input: Lid Switch as /devices/LNXSYSTM:00/LNXSYBUS:00/PNP0C0D:00/input/input1
Apr 01 22:02:49 fedora kernel: ACPI: button: Lid Switch [LID]
Apr 01 22:02:49 fedora kernel: Monitor-Mwait will be used to enter C-1 state
Apr 01 22:02:49 fedora kernel: Estimated ratio of average max frequency by base frequency (times 1024): 1264
Apr 01 22:02:49 fedora kernel: thermal LNXTHERM:00: registered as thermal_zone0
Apr 01 22:02:49 fedora kernel: ACPI: thermal: Thermal Zone [TZ01] (67 C)
Apr 01 22:02:49 fedora kernel: Serial: 8250/16550 driver, 32 ports, IRQ sharing enabled
Apr 01 22:02:49 fedora kernel: Non-volatile memory driver v1.3
Apr 01 22:02:49 fedora kernel: Linux agpgart interface v0.103
Apr 01 22:02:49 fedora kernel: tpm_crb MSFT0101:00: Disabling hwrng
Apr 01 22:02:49 fedora kernel: ACPI: bus type drm_connector registered
Apr 01 22:02:49 fedora kernel: xhci_hcd 0000:06:00.3: xHCI Host Controller
Apr 01 22:02:49 fedora kernel: xhci_hcd 0000:06:00.3: new USB bus registered, assigned bus number 1
Apr 01 22:02:49 fedora kernel: xhci_hcd 0000:06:00.3: hcc params 0x0120ffc5 hci version 0x120 quirks 0x0000000200000010
Apr 01 22:02:49 fedora kernel: xhci_hcd 0000:06:00.3: xHCI Host Controller
Apr 01 22:02:49 fedora kernel: xhci_hcd 0000:06:00.3: new USB bus registered, assigned bus number 2
Apr 01 22:02:49 fedora kernel: xhci_hcd 0000:06:00.3: Host supports USB 3.1 Enhanced SuperSpeed
Apr 01 22:02:49 fedora kernel: usb usb1: New USB device found, idVendor=1d6b, idProduct=0002, bcdDevice= 6.18
Apr 01 22:02:49 fedora kernel: usb usb1: New USB device strings: Mfr=3, Product=2, SerialNumber=1
Apr 01 22:02:49 fedora kernel: usb usb1: Product: xHCI Host Controller
Apr 01 22:02:49 fedora kernel: usb usb1: Manufacturer: Linux 6.18.13-100.fc42.x86_64 xhci-hcd
Apr 01 22:02:49 fedora kernel: usb usb1: SerialNumber: 0000:06:00.3
Apr 01 22:02:49 fedora kernel: hub 1-0:1.0: USB hub found
Apr 01 22:02:49 fedora kernel: hub 1-0:1.0: 4 ports detected
Apr 01 22:02:49 fedora kernel: usb usb2: We don't know the algorithms for LPM for this host, disabling LPM.
Apr 01 22:02:49 fedora kernel: usb usb2: New USB device found, idVendor=1d6b, idProduct=0003, bcdDevice= 6.18
Apr 01 22:02:49 fedora kernel: usb usb2: New USB device strings: Mfr=3, Product=2, SerialNumber=1
Apr 01 22:02:49 fedora kernel: usb usb2: Product: xHCI Host Controller
Apr 01 22:02:49 fedora kernel: usb usb2: Manufacturer: Linux 6.18.13-100.fc42.x86_64 xhci-hcd
Apr 01 22:02:49 fedora kernel: usb usb2: SerialNumber: 0000:06:00.3
Apr 01 22:02:49 fedora kernel: hub 2-0:1.0: USB hub found
Apr 01 22:02:49 fedora kernel: hub 2-0:1.0: 2 ports detected
Apr 01 22:02:49 fedora kernel: xhci_hcd 0000:06:00.4: xHCI Host Controller
Apr 01 22:02:49 fedora kernel: xhci_hcd 0000:06:00.4: new USB bus registered, assigned bus number 3
Apr 01 22:02:49 fedora kernel: xhci_hcd 0000:06:00.4: hcc params 0x0120ffc5 hci version 0x120 quirks 0x0000000200000010
Apr 01 22:02:49 fedora kernel: xhci_hcd 0000:06:00.4: xHCI Host Controller
Apr 01 22:02:49 fedora kernel: xhci_hcd 0000:06:00.4: new USB bus registered, assigned bus number 4
Apr 01 22:02:49 fedora kernel: xhci_hcd 0000:06:00.4: Host supports USB 3.1 Enhanced SuperSpeed
Apr 01 22:02:49 fedora kernel: usb usb3: New USB device found, idVendor=1d6b, idProduct=0002, bcdDevice= 6.18
Apr 01 22:02:49 fedora kernel: usb usb3: New USB device strings: Mfr=3, Product=2, SerialNumber=1
Apr 01 22:02:49 fedora kernel: usb usb3: Product: xHCI Host Controller
Apr 01 22:02:49 fedora kernel: usb usb3: Manufacturer: Linux 6.18.13-100.fc42.x86_64 xhci-hcd
Apr 01 22:02:49 fedora kernel: usb usb3: SerialNumber: 0000:06:00.4
Apr 01 22:02:49 fedora kernel: hub 3-0:1.0: USB hub found
Apr 01 22:02:49 fedora kernel: hub 3-0:1.0: 3 ports detected
Apr 01 22:02:49 fedora kernel: usb usb4: We don't know the algorithms for LPM for this host, disabling LPM.
Apr 01 22:02:49 fedora kernel: usb usb4: New USB device found, idVendor=1d6b, idProduct=0003, bcdDevice= 6.18
Apr 01 22:02:49 fedora kernel: usb usb4: New USB device strings: Mfr=3, Product=2, SerialNumber=1
Apr 01 22:02:49 fedora kernel: usb usb4: Product: xHCI Host Controller
Apr 01 22:02:49 fedora kernel: usb usb4: Manufacturer: Linux 6.18.13-100.fc42.x86_64 xhci-hcd
Apr 01 22:02:49 fedora kernel: usb usb4: SerialNumber: 0000:06:00.4
Apr 01 22:02:49 fedora kernel: hub 4-0:1.0: USB hub found
Apr 01 22:02:49 fedora kernel: hub 4-0:1.0: 2 ports detected
Apr 01 22:02:49 fedora kernel: xhci_hcd 0000:07:00.0: xHCI Host Controller
Apr 01 22:02:49 fedora kernel: xhci_hcd 0000:07:00.0: new USB bus registered, assigned bus number 5
Apr 01 22:02:49 fedora kernel: xhci_hcd 0000:07:00.0: USB3 root hub has no ports
Apr 01 22:02:49 fedora kernel: xhci_hcd 0000:07:00.0: hcc params 0x0110ffc5 hci version 0x120 quirks 0x0000000200000010
Apr 01 22:02:49 fedora kernel: usb usb5: New USB device found, idVendor=1d6b, idProduct=0002, bcdDevice= 6.18
Apr 01 22:02:49 fedora kernel: usb usb5: New USB device strings: Mfr=3, Product=2, SerialNumber=1
Apr 01 22:02:49 fedora kernel: usb usb5: Product: xHCI Host Controller
Apr 01 22:02:49 fedora kernel: usb usb5: Manufacturer: Linux 6.18.13-100.fc42.x86_64 xhci-hcd
Apr 01 22:02:49 fedora kernel: usb usb5: SerialNumber: 0000:07:00.0
Apr 01 22:02:49 fedora kernel: hub 5-0:1.0: USB hub found
Apr 01 22:02:49 fedora kernel: hub 5-0:1.0: 1 port detected
Apr 01 22:02:49 fedora kernel: xhci_hcd 0000:07:00.3: xHCI Host Controller
Apr 01 22:02:49 fedora kernel: xhci_hcd 0000:07:00.3: new USB bus registered, assigned bus number 6
Apr 01 22:02:49 fedora kernel: xhci_hcd 0000:07:00.3: hcc params 0x0110ffc5 hci version 0x120 quirks 0x0000000200000010
Apr 01 22:02:49 fedora kernel: xhci_hcd 0000:07:00.3: xHCI Host Controller
Apr 01 22:02:49 fedora kernel: xhci_hcd 0000:07:00.3: new USB bus registered, assigned bus number 7
Apr 01 22:02:49 fedora kernel: xhci_hcd 0000:07:00.3: Host supports USB 3.1 Enhanced SuperSpeed
Apr 01 22:02:49 fedora kernel: usb usb6: New USB device found, idVendor=1d6b, idProduct=0002, bcdDevice= 6.18
Apr 01 22:02:49 fedora kernel: usb usb6: New USB device strings: Mfr=3, Product=2, SerialNumber=1
Apr 01 22:02:49 fedora kernel: usb usb6: Product: xHCI Host Controller
Apr 01 22:02:49 fedora kernel: usb usb6: Manufacturer: Linux 6.18.13-100.fc42.x86_64 xhci-hcd
Apr 01 22:02:49 fedora kernel: usb usb6: SerialNumber: 0000:07:00.3
Apr 01 22:02:49 fedora kernel: hub 6-0:1.0: USB hub found
Apr 01 22:02:49 fedora kernel: hub 6-0:1.0: 1 port detected
Apr 01 22:02:49 fedora kernel: usb usb7: We don't know the algorithms for LPM for this host, disabling LPM.
Apr 01 22:02:49 fedora kernel: usb usb7: New USB device found, idVendor=1d6b, idProduct=0003, bcdDevice= 6.18
Apr 01 22:02:49 fedora kernel: usb usb7: New USB device strings: Mfr=3, Product=2, SerialNumber=1
Apr 01 22:02:49 fedora kernel: usb usb7: Product: xHCI Host Controller
Apr 01 22:02:49 fedora kernel: usb usb7: Manufacturer: Linux 6.18.13-100.fc42.x86_64 xhci-hcd
Apr 01 22:02:49 fedora kernel: usb usb7: SerialNumber: 0000:07:00.3
Apr 01 22:02:49 fedora kernel: hub 7-0:1.0: USB hub found
Apr 01 22:02:49 fedora kernel: hub 7-0:1.0: 1 port detected
Apr 01 22:02:49 fedora kernel: xhci_hcd 0000:07:00.4: xHCI Host Controller
Apr 01 22:02:49 fedora kernel: xhci_hcd 0000:07:00.4: new USB bus registered, assigned bus number 8
Apr 01 22:02:49 fedora kernel: xhci_hcd 0000:07:00.4: hcc params 0x0110ffc5 hci version 0x120 quirks 0x0000000200000010
Apr 01 22:02:49 fedora kernel: xhci_hcd 0000:07:00.4: xHCI Host Controller
Apr 01 22:02:49 fedora kernel: xhci_hcd 0000:07:00.4: new USB bus registered, assigned bus number 9
Apr 01 22:02:49 fedora kernel: xhci_hcd 0000:07:00.4: Host supports USB 3.1 Enhanced SuperSpeed
Apr 01 22:02:49 fedora kernel: usb usb8: New USB device found, idVendor=1d6b, idProduct=0002, bcdDevice= 6.18
Apr 01 22:02:49 fedora kernel: usb usb8: New USB device strings: Mfr=3, Product=2, SerialNumber=1
Apr 01 22:02:49 fedora kernel: usb usb8: Product: xHCI Host Controller
Apr 01 22:02:49 fedora kernel: usb usb8: Manufacturer: Linux 6.18.13-100.fc42.x86_64 xhci-hcd
Apr 01 22:02:49 fedora kernel: usb usb8: SerialNumber: 0000:07:00.4
Apr 01 22:02:49 fedora kernel: hub 8-0:1.0: USB hub found
Apr 01 22:02:49 fedora kernel: hub 8-0:1.0: 1 port detected
Apr 01 22:02:49 fedora kernel: usb usb9: We don't know the algorithms for LPM for this host, disabling LPM.
Apr 01 22:02:49 fedora kernel: usb usb9: New USB device found, idVendor=1d6b, idProduct=0003, bcdDevice= 6.18
Apr 01 22:02:49 fedora kernel: usb usb9: New USB device strings: Mfr=3, Product=2, SerialNumber=1
Apr 01 22:02:49 fedora kernel: usb usb9: Product: xHCI Host Controller
Apr 01 22:02:49 fedora kernel: usb usb9: Manufacturer: Linux 6.18.13-100.fc42.x86_64 xhci-hcd
Apr 01 22:02:49 fedora kernel: usb usb9: SerialNumber: 0000:07:00.4
Apr 01 22:02:49 fedora kernel: hub 9-0:1.0: USB hub found
Apr 01 22:02:49 fedora kernel: hub 9-0:1.0: 1 port detected
Apr 01 22:02:49 fedora kernel: usbcore: registered new interface driver usbserial_generic
Apr 01 22:02:49 fedora kernel: usbserial: USB Serial support registered for generic
Apr 01 22:02:49 fedora kernel: i8042: PNP: PS/2 Controller [PNP0303:KBC0] at 0x60,0x64 irq 1
Apr 01 22:02:49 fedora kernel: i8042: PNP: PS/2 appears to have AUX port disabled, if this is incorrect please boot with i8042.nopnp
Apr 01 22:02:49 fedora kernel: serio: i8042 KBD port at 0x60,0x64 irq 1
Apr 01 22:02:49 fedora kernel: mousedev: PS/2 mouse device common for all mice
Apr 01 22:02:49 fedora kernel: rtc_cmos 00:01: RTC can wake from S4
Apr 01 22:02:49 fedora kernel: rtc_cmos 00:01: registered as rtc0
Apr 01 22:02:49 fedora kernel: rtc_cmos 00:01: setting system clock to 2026-04-01T16:32:49 UTC (1775061169)
Apr 01 22:02:49 fedora kernel: rtc_cmos 00:01: alarms up to one month, 114 bytes nvram
Apr 01 22:02:49 fedora kernel: device-mapper: core: CONFIG_IMA_DISABLE_HTABLE is disabled. Duplicate IMA measurements will not be recorded in the IMA log.
Apr 01 22:02:49 fedora kernel: device-mapper: uevent: version 1.0.3
Apr 01 22:02:49 fedora kernel: device-mapper: ioctl: 4.50.0-ioctl (2025-04-28) initialised: dm-devel@lists.linux.dev
Apr 01 22:02:49 fedora kernel: simple-framebuffer simple-framebuffer.0: [drm] Registered 1 planes with drm panic
Apr 01 22:02:49 fedora kernel: [drm] Initialized simpledrm 1.0.0 for simple-framebuffer.0 on minor 0
Apr 01 22:02:49 fedora kernel: fbcon: Deferring console take-over
Apr 01 22:02:49 fedora kernel: simple-framebuffer simple-framebuffer.0: [drm] fb0: simpledrmdrmfb frame buffer device
Apr 01 22:02:49 fedora kernel: input: AT Translated Set 2 keyboard as /devices/platform/i8042/serio0/input/input2
Apr 01 22:02:49 fedora kernel: ccp 0000:06:00.2: enabling device (0000 -> 0002)
Apr 01 22:02:49 fedora kernel: ccp 0000:06:00.2: tee enabled
Apr 01 22:02:49 fedora kernel: ccp 0000:06:00.2: psp enabled
Apr 01 22:02:49 fedora kernel: hid: raw HID events driver (C) Jiri Kosina
Apr 01 22:02:49 fedora kernel: usbcore: registered new interface driver usbhid
Apr 01 22:02:49 fedora kernel: usbhid: USB HID core driver
Apr 01 22:02:49 fedora kernel: drop_monitor: Initializing network drop monitor service
Apr 01 22:02:49 fedora kernel: Initializing XFRM netlink socket
Apr 01 22:02:49 fedora kernel: NET: Registered PF_INET6 protocol family
Apr 01 22:02:49 fedora kernel: Segment Routing with IPv6
Apr 01 22:02:49 fedora kernel: RPL Segment Routing with IPv6
Apr 01 22:02:49 fedora kernel: In-situ OAM (IOAM) with IPv6
Apr 01 22:02:49 fedora kernel: mip6: Mobile IPv6
Apr 01 22:02:49 fedora kernel: NET: Registered PF_PACKET protocol family
Apr 01 22:02:49 fedora kernel: x86/amd: Previous system reset reason [0x00080800]: software wrote 0x6 to reset control register 0xCF9
Apr 01 22:02:49 fedora kernel: microcode: Current revision: 0x0a40410a
Apr 01 22:02:49 fedora kernel: resctrl: L3 allocation detected
Apr 01 22:02:49 fedora kernel: resctrl: MB allocation detected
Apr 01 22:02:49 fedora kernel: resctrl: L3 monitoring detected
Apr 01 22:02:49 fedora kernel: IPI shorthand broadcast: enabled
Apr 01 22:02:49 fedora kernel: sched_clock: Marking stable (710146430, 1502438)->(751182170, -39533302)
Apr 01 22:02:49 fedora kernel: registered taskstats version 1
Apr 01 22:02:49 fedora kernel: ACPI: battery: Slot [BAT1] (battery present)
Apr 01 22:02:49 fedora kernel: Loading compiled-in X.509 certificates
Apr 01 22:02:49 fedora kernel: Loaded X.509 cert 'Fedora kernel signing key: 42c3a6071f6c54afa96a6ed86367048b2142015d'
Apr 01 22:02:49 fedora kernel: Freeing initrd memory: 147720K
Apr 01 22:02:49 fedora kernel: Loaded X.509 cert 'Fedora IMA CA: a8a00c31663f853f9c6ff2564872e378af026b28'
Apr 01 22:02:49 fedora kernel: Demotion targets for Node 0: null
Apr 01 22:02:49 fedora kernel: page_owner is disabled
Apr 01 22:02:49 fedora kernel: Key type .fscrypt registered
Apr 01 22:02:49 fedora kernel: Key type fscrypt-provisioning registered
Apr 01 22:02:49 fedora kernel: Btrfs loaded, zoned=yes, fsverity=yes
Apr 01 22:02:49 fedora kernel: Key type big_key registered
Apr 01 22:02:49 fedora kernel: Key type trusted registered
Apr 01 22:02:49 fedora kernel: Key type encrypted registered
Apr 01 22:02:49 fedora kernel: integrity: Loading X.509 certificate: UEFI:db
Apr 01 22:02:49 fedora kernel: integrity: Loaded X.509 cert 'Microsoft Corporation: Windows UEFI CA 2023: aefc5fbbbe055d8f8daa585473499417ab5a5272'
Apr 01 22:02:49 fedora kernel: integrity: Loading X.509 certificate: UEFI:db
Apr 01 22:02:49 fedora kernel: integrity: Loaded X.509 cert 'Microsoft Windows Production PCA 2011: a92902398e16c49778cd90f99e4f9ae17c55af53'
Apr 01 22:02:49 fedora kernel: integrity: Loading X.509 certificate: UEFI:db
Apr 01 22:02:49 fedora kernel: integrity: Loaded X.509 cert 'Microsoft Corporation UEFI CA 2011: 13adbf4309bd82709c8cd54f316ed522988a1bd4'
Apr 01 22:02:49 fedora kernel: integrity: Loading X.509 certificate: UEFI:db
Apr 01 22:02:49 fedora kernel: integrity: Loaded X.509 cert 'OK Certificate: c8c73a37546046ab495c33f4d0856052'
Apr 01 22:02:49 fedora kernel: Loading compiled-in module X.509 certificates
Apr 01 22:02:49 fedora kernel: Loaded X.509 cert 'Fedora kernel signing key: 42c3a6071f6c54afa96a6ed86367048b2142015d'
Apr 01 22:02:49 fedora kernel: ima: Allocated hash algorithm: sha256
Apr 01 22:02:49 fedora kernel: ima: No architecture policies found
Apr 01 22:02:49 fedora kernel: evm: Initialising EVM extended attributes:
Apr 01 22:02:49 fedora kernel: evm: security.selinux
Apr 01 22:02:49 fedora kernel: evm: security.SMACK64 (disabled)
Apr 01 22:02:49 fedora kernel: evm: security.SMACK64EXEC (disabled)
Apr 01 22:02:49 fedora kernel: evm: security.SMACK64TRANSMUTE (disabled)
Apr 01 22:02:49 fedora kernel: evm: security.SMACK64MMAP (disabled)
Apr 01 22:02:49 fedora kernel: evm: security.apparmor (disabled)
Apr 01 22:02:49 fedora kernel: evm: security.ima
Apr 01 22:02:49 fedora kernel: evm: security.capability
Apr 01 22:02:49 fedora kernel: evm: HMAC attrs: 0x1
Apr 01 22:02:49 fedora kernel: alg: No test for 842 (842-scomp)
Apr 01 22:02:49 fedora kernel: PM:   Magic number: 6:237:539
Apr 01 22:02:49 fedora kernel: tty ttyS19: hash matches
Apr 01 22:02:49 fedora kernel: port serial8250:0.18: hash matches
Apr 01 22:02:49 fedora kernel: RAS: Correctable Errors collector initialized.
Apr 01 22:02:49 fedora kernel: clk: Disabling unused clocks
Apr 01 22:02:49 fedora kernel: PM: genpd: Disabling unused power domains
Apr 01 22:02:49 fedora kernel: Freeing unused decrypted memory: 2028K
Apr 01 22:02:49 fedora kernel: Freeing unused kernel image (initmem) memory: 5156K
Apr 01 22:02:49 fedora kernel: Write protecting the kernel read-only data: 40960k
Apr 01 22:02:49 fedora kernel: Freeing unused kernel image (text/rodata gap) memory: 260K
Apr 01 22:02:49 fedora kernel: Freeing unused kernel image (rodata/data gap) memory: 884K
Apr 01 22:02:49 fedora kernel: usb 3-1: new low-speed USB device number 2 using xhci_hcd
Apr 01 22:02:49 fedora kernel: usb 1-3: new high-speed USB device number 2 using xhci_hcd
Apr 01 22:02:49 fedora kernel: x86/mm: Checked W+X mappings: passed, no W+X pages found.
Apr 01 22:02:49 fedora kernel: Run /init as init process
Apr 01 22:02:49 fedora kernel:   with arguments:
Apr 01 22:02:49 fedora kernel:     /init
Apr 01 22:02:49 fedora kernel:     rhgb
Apr 01 22:02:49 fedora kernel:   with environment:
Apr 01 22:02:49 fedora kernel:     HOME=/
Apr 01 22:02:49 fedora kernel:     TERM=linux
Apr 01 22:02:49 fedora systemd[1]: Successfully made /usr/ read-only.
Apr 01 22:02:49 fedora systemd[1]: systemd 257.10-1.fc42 running in system mode (+PAM +AUDIT +SELINUX -APPARMOR +IMA +IPE +SMACK +SECCOMP -GCRYPT +GNUTLS +OPENSSL +ACL +BLKID +CURL +ELFUTILS +FIDO2 +IDN2 -IDN -IPTC +KMOD +LIBCRYPTSETUP +LIBCRYPTSETUP_PLUGINS +LIBFDISK +PCRE2 +PWQUALITY +P11KIT +QRENCODE +TPM2 +BZIP2 +LZ4 +XZ +ZLIB +ZSTD +BPF_FRAMEWORK +BTF +XKBCOMMON +UTMP +SYSVINIT +LIBARCHIVE)
Apr 01 22:02:49 fedora systemd[1]: Detected architecture x86-64.
Apr 01 22:02:49 fedora systemd[1]: Running in initrd.
Apr 01 22:02:49 fedora systemd[1]: No hostname configured, using default hostname.
Apr 01 22:02:49 fedora systemd[1]: Hostname set to <fedora>.
Apr 01 22:02:49 fedora kernel: usb 1-3: New USB device found, idVendor=174f, idProduct=246d, bcdDevice= 0.11
Apr 01 22:02:49 fedora kernel: usb 1-3: New USB device strings: Mfr=3, Product=1, SerialNumber=2
Apr 01 22:02:49 fedora kernel: usb 1-3: Product: Integrated Camera
Apr 01 22:02:49 fedora kernel: usb 1-3: Manufacturer:  
Apr 01 22:02:49 fedora kernel: usb 1-3: SerialNumber: 0001
Apr 01 22:02:49 fedora kernel: usb 3-1: New USB device found, idVendor=1bcf, idProduct=08a0, bcdDevice= 1.04
Apr 01 22:02:49 fedora kernel: usb 3-1: New USB device strings: Mfr=0, Product=0, SerialNumber=0
Apr 01 22:02:49 fedora systemd[1]: bpf-restrict-fs: LSM BPF program attached
Apr 01 22:02:49 fedora kernel: input: HID 1bcf:08a0 Mouse as /devices/pci0000:00/0000:00:08.1/0000:06:00.4/usb3/3-1/3-1:1.0/0003:1BCF:08A0.0001/input/input3
Apr 01 22:02:49 fedora kernel: input: HID 1bcf:08a0 Keyboard as /devices/pci0000:00/0000:00:08.1/0000:06:00.4/usb3/3-1/3-1:1.0/0003:1BCF:08A0.0001/input/input4
Apr 01 22:02:49 fedora systemd[1]: Queued start job for default target initrd.target.
Apr 01 22:02:49 fedora systemd[1]: Expecting device dev-disk-by\x2duuid-a6910cee\x2d009e\x2d4b56\x2dbb0c\x2d1ad780bdf0b6.device - /dev/disk/by-uuid/a6910cee-009e-4b56-bb0c-1ad780bdf0b6...
Apr 01 22:02:49 fedora systemd[1]: Reached target initrd-usr-fs.target - Initrd /usr File System.
Apr 01 22:02:49 fedora systemd[1]: Reached target slices.target - Slice Units.
Apr 01 22:02:49 fedora systemd[1]: Reached target swap.target - Swaps.
Apr 01 22:02:49 fedora systemd[1]: Reached target timers.target - Timer Units.
Apr 01 22:02:49 fedora systemd[1]: Listening on systemd-journald-dev-log.socket - Journal Socket (/dev/log).
Apr 01 22:02:49 fedora systemd[1]: Listening on systemd-journald.socket - Journal Sockets.
Apr 01 22:02:49 fedora systemd[1]: Listening on systemd-udevd-control.socket - udev Control Socket.
Apr 01 22:02:49 fedora systemd[1]: Listening on systemd-udevd-kernel.socket - udev Kernel Socket.
Apr 01 22:02:49 fedora systemd[1]: Reached target sockets.target - Socket Units.
Apr 01 22:02:49 fedora systemd[1]: Starting kmod-static-nodes.service - Create List of Static Device Nodes...
Apr 01 22:02:49 fedora systemd[1]: memstrack.service - Memstrack Anylazing Service was skipped because no trigger condition checks were met.
Apr 01 22:02:49 fedora systemd[1]: Starting systemd-journald.service - Journal Service...
Apr 01 22:02:49 fedora systemd[1]: Starting systemd-modules-load.service - Load Kernel Modules...
Apr 01 22:02:49 fedora systemd[1]: systemd-pcrphase-initrd.service - TPM PCR Barrier (initrd) was skipped because of an unmet condition check (ConditionSecurity=measured-uki).
Apr 01 22:02:49 fedora systemd[1]: Starting systemd-vconsole-setup.service - Virtual Console Setup...
Apr 01 22:02:49 fedora systemd[1]: Finished kmod-static-nodes.service - Create List of Static Device Nodes.
Apr 01 22:02:49 fedora systemd[1]: Starting systemd-tmpfiles-setup-dev-early.service - Create Static Device Nodes in /dev gracefully...
Apr 01 22:02:49 fedora systemd-journald[300]: Collecting audit messages is disabled.
Apr 01 22:02:49 fedora systemd[1]: Finished systemd-tmpfiles-setup-dev-early.service - Create Static Device Nodes in /dev gracefully.
Apr 01 22:02:49 fedora systemd[1]: Starting systemd-sysusers.service - Create System Users...
Apr 01 22:02:49 fedora kernel: fuse: init (API version 7.45)
Apr 01 22:02:49 fedora kernel: i2c_dev: i2c /dev entries driver
Apr 01 22:02:49 fedora systemd[1]: Finished systemd-modules-load.service - Load Kernel Modules.
Apr 01 22:02:49 fedora systemd[1]: Starting systemd-sysctl.service - Apply Kernel Variables...
Apr 01 22:02:49 fedora systemd[1]: Finished systemd-sysusers.service - Create System Users.
Apr 01 22:02:49 fedora systemd[1]: Starting systemd-tmpfiles-setup-dev.service - Create Static Device Nodes in /dev...
Apr 01 22:02:49 fedora systemd[1]: Finished systemd-vconsole-setup.service - Virtual Console Setup.
Apr 01 22:02:49 fedora systemd[1]: Starting dracut-cmdline-ask.service - dracut ask for additional cmdline parameters...
Apr 01 22:02:49 fedora systemd[1]: Finished systemd-tmpfiles-setup-dev.service - Create Static Device Nodes in /dev.
Apr 01 22:02:49 fedora systemd[1]: Reached target local-fs-pre.target - Preparation for Local File Systems.
Apr 01 22:02:49 fedora systemd[1]: Reached target local-fs.target - Local File Systems.
Apr 01 22:02:49 fedora systemd[1]: Finished dracut-cmdline-ask.service - dracut ask for additional cmdline parameters.
Apr 01 22:02:49 fedora systemd[1]: Starting dracut-cmdline.service - dracut cmdline hook...
Apr 01 22:02:49 fedora kernel: usb 1-4: new high-speed USB device number 3 using xhci_hcd
Apr 01 22:02:49 fedora systemd-journald[300]: Journal started
Apr 01 22:02:49 fedora systemd-journald[300]: Runtime Journal (/run/log/journal/3092e47ce2fc41378fb626141642a2f0) is 8M, max 474M, 466M free.
Apr 01 22:02:49 fedora systemd-vconsole-setup[303]: /usr/bin/setfont failed with a "system error" (EX_OSERR), ignoring.
Apr 01 22:02:49 fedora systemd-modules-load[301]: Inserted module 'fuse'
Apr 01 22:02:49 fedora systemd-modules-load[301]: Inserted module 'i2c_dev'
Apr 01 22:02:49 fedora systemd-vconsole-setup[314]: setfont: ERROR kdfontop.c:212 put_font_kdfontop: Unable to load such font with such kernel version
Apr 01 22:02:49 fedora systemd-modules-load[301]: Module 'msr' is built in
Apr 01 22:02:49 fedora systemd-sysusers[318]: Creating group 'systemd-journal' with GID 190.
Apr 01 22:02:49 fedora systemd[1]: Started systemd-journald.service - Journal Service.
Apr 01 22:02:49 fedora systemd-sysusers[318]: Creating group 'tss' with GID 59.
Apr 01 22:02:49 fedora systemd-sysusers[318]: Creating user 'tss' (Account used for TPM access) with UID 59 and GID 59.
Apr 01 22:02:49 fedora systemd-vconsole-setup[303]: Setting source virtual console failed, ignoring remaining ones.
Apr 01 22:02:49 fedora systemd[1]: Starting systemd-tmpfiles-setup.service - Create System Files and Directories...
Apr 01 22:02:49 fedora dracut-cmdline[337]: dracut-107-4.fc42
Apr 01 22:02:49 fedora dracut-cmdline[337]: Using kernel command line parameters:  rd.driver.pre=btrfs   BOOT_IMAGE=(hd0,gpt2)/vmlinuz-6.18.13-100.fc42.x86_64 root=UUID=a6910cee-009e-4b56-bb0c-1ad780bdf0b6 ro rootflags=subvol=root rhgb quiet rd.driver.blacklist=nouveau,nova_core modprobe.blacklist=nouveau,nova_core
Apr 01 22:02:49 fedora systemd-tmpfiles[341]: /usr/lib/tmpfiles.d/var.conf:14: Duplicate line for path "/var/log", ignoring.
Apr 01 22:02:49 fedora kernel: input: HID 1bcf:08a0 as /devices/pci0000:00/0000:00:08.1/0000:06:00.4/usb3/3-1/3-1:1.0/0003:1BCF:08A0.0001/input/input5
Apr 01 22:02:49 fedora kernel: hid-generic 0003:1BCF:08A0.0001: input,hiddev96,hidraw0: USB HID v1.10 Mouse [HID 1bcf:08a0] on usb-0000:06:00.4-1/input0
Apr 01 22:02:49 fedora systemd[1]: Finished systemd-sysctl.service - Apply Kernel Variables.
Apr 01 22:02:50 fedora systemd[1]: Finished systemd-tmpfiles-setup.service - Create System Files and Directories.
Apr 01 22:02:50 fedora systemd[1]: Finished dracut-cmdline.service - dracut cmdline hook.
Apr 01 22:02:50 fedora systemd[1]: Starting dracut-pre-udev.service - dracut pre-udev hook...
Apr 01 22:02:50 fedora systemd[1]: Finished dracut-pre-udev.service - dracut pre-udev hook.
Apr 01 22:02:50 fedora systemd[1]: Starting systemd-udevd.service - Rule-based Manager for Device Events and Files...
Apr 01 22:02:50 fedora systemd-udevd[418]: Using default interface naming scheme 'v257'.
Apr 01 22:02:50 fedora systemd[1]: Started systemd-udevd.service - Rule-based Manager for Device Events and Files.
Apr 01 22:02:50 fedora systemd[1]: dracut-pre-trigger.service - dracut pre-trigger hook was skipped because no trigger condition checks were met.
Apr 01 22:02:50 fedora systemd[1]: Starting systemd-udev-trigger.service - Coldplug All udev Devices...
Apr 01 22:02:50 fedora kernel: usb 1-4: New USB device found, idVendor=0489, idProduct=e0cd, bcdDevice= 1.00
Apr 01 22:02:50 fedora kernel: usb 1-4: New USB device strings: Mfr=5, Product=6, SerialNumber=7
Apr 01 22:02:50 fedora kernel: usb 1-4: Product: Wireless_Device
Apr 01 22:02:50 fedora kernel: usb 1-4: Manufacturer: MediaTek Inc.
Apr 01 22:02:50 fedora kernel: usb 1-4: SerialNumber: 000000000
Apr 01 22:02:50 fedora kernel: usb 3-2: new full-speed USB device number 3 using xhci_hcd
Apr 01 22:02:50 fedora systemd[1]: Created slice system-modprobe.slice - Slice /system/modprobe.
Apr 01 22:02:50 fedora systemd[1]: Starting modprobe@configfs.service - Load Kernel Module configfs...
Apr 01 22:02:50 fedora systemd[1]: Condition check resulted in dev-tpmrm0.device - /dev/tpmrm0 being skipped.
Apr 01 22:02:50 fedora systemd[1]: Reached target tpm2.target - Trusted Platform Module.
Apr 01 22:02:50 fedora systemd[1]: modprobe@configfs.service: Deactivated successfully.
Apr 01 22:02:50 fedora systemd[1]: Finished modprobe@configfs.service - Load Kernel Module configfs.
Apr 01 22:02:50 fedora systemd[1]: Finished systemd-udev-trigger.service - Coldplug All udev Devices.
Apr 01 22:02:50 fedora systemd[1]: dracut-initqueue.service - dracut initqueue hook was skipped because no trigger condition checks were met.
Apr 01 22:02:50 fedora systemd[1]: Reached target remote-fs-pre.target - Preparation for Remote File Systems.
Apr 01 22:02:50 fedora systemd[1]: Reached target remote-fs.target - Remote File Systems.
Apr 01 22:02:50 fedora systemd[1]: dracut-pre-mount.service - dracut pre-mount hook was skipped because no trigger condition checks were met.
Apr 01 22:02:50 fedora systemd[1]: Starting plymouth-start.service - Show Plymouth Boot Screen...
Apr 01 22:02:50 fedora systemd[1]: Received SIGRTMIN+20 from PID 480 (plymouthd).
Apr 01 22:02:50 fedora kernel: sp5100_tco: SP5100/SB800 TCO WatchDog Timer Driver
Apr 01 22:02:50 fedora kernel: usb 3-2: New USB device found, idVendor=258a, idProduct=002a, bcdDevice=90.36
Apr 01 22:02:50 fedora kernel: usb 3-2: New USB device strings: Mfr=1, Product=2, SerialNumber=0
Apr 01 22:02:50 fedora kernel: usb 3-2: Product: Gaming KB 
Apr 01 22:02:50 fedora kernel: usb 3-2: Manufacturer: SINO WEALTH
Apr 01 22:02:50 fedora kernel: sp5100-tco sp5100-tco: Using 0xfeb00000 for watchdog MMIO address
Apr 01 22:02:50 fedora kernel: sp5100-tco sp5100-tco: initialized. heartbeat=60 sec (nowayout=0)
Apr 01 22:02:50 fedora systemd[1]: systemd-vconsole-setup.service: Deactivated successfully.
Apr 01 22:02:50 fedora systemd[1]: Stopped systemd-vconsole-setup.service - Virtual Console Setup.
Apr 01 22:02:50 fedora systemd[1]: Stopping systemd-vconsole-setup.service - Virtual Console Setup...
Apr 01 22:02:50 fedora kernel: ACPI: bus type thunderbolt registered
Apr 01 22:02:50 fedora systemd[1]: Starting systemd-vconsole-setup.service - Virtual Console Setup...
Apr 01 22:02:50 fedora kernel: input: SINO WEALTH Gaming KB  as /devices/pci0000:00/0000:00:08.1/0000:06:00.4/usb3/3-2/3-2:1.0/0003:258A:002A.0002/input/input6
Apr 01 22:02:50 fedora systemd-vconsole-setup[490]: setfont: ERROR kdfontop.c:212 put_font_kdfontop: Unable to load such font with such kernel version
Apr 01 22:02:50 fedora systemd-vconsole-setup[487]: /usr/bin/setfont failed with a "system error" (EX_OSERR), ignoring.
Apr 01 22:02:50 fedora systemd-vconsole-setup[493]: Invalid argument
Apr 01 22:02:50 fedora systemd-vconsole-setup[493]: Invalid argument
Apr 01 22:02:50 fedora systemd-vconsole-setup[493]: Invalid argument
Apr 01 22:02:50 fedora systemd-vconsole-setup[487]: Setting source virtual console failed, ignoring remaining ones.
Apr 01 22:02:50 fedora systemd[1]: Finished systemd-vconsole-setup.service - Virtual Console Setup.
Apr 01 22:02:50 fedora systemd[1]: Started plymouth-start.service - Show Plymouth Boot Screen.
Apr 01 22:02:50 fedora systemd[1]: systemd-ask-password-console.path - Dispatch Password Requests to Console Directory Watch was skipped because of an unmet condition check (ConditionPathExists=!/run/plymouth/pid).
Apr 01 22:02:50 fedora systemd[1]: Started systemd-ask-password-plymouth.path - Forward Password Requests to Plymouth Directory Watch.
Apr 01 22:02:50 fedora systemd[1]: Reached target paths.target - Path Units.
Apr 01 22:02:50 fedora systemd[1]: Starting systemd-battery-check.service - Check battery level during early boot...
Apr 01 22:02:50 fedora systemd[1]: Finished systemd-battery-check.service - Check battery level during early boot.
Apr 01 22:02:50 fedora kernel: tsc: Refined TSC clocksource calibration: 3094.185 MHz
Apr 01 22:02:50 fedora kernel: clocksource: tsc: mask: 0xffffffffffffffff max_cycles: 0x2c99d284256, max_idle_ns: 440795261375 ns
Apr 01 22:02:50 fedora kernel: clocksource: Switched to clocksource tsc
Apr 01 22:02:50 fedora kernel: input: ELAN06FA:00 04F3:327E Mouse as /devices/platform/AMDI0010:00/i2c-0/i2c-ELAN06FA:00/0018:04F3:327E.0003/input/input7
Apr 01 22:02:50 fedora kernel: hid-generic 0003:258A:002A.0002: input,hidraw1: USB HID v1.11 Keyboard [SINO WEALTH Gaming KB ] on usb-0000:06:00.4-2/input0
Apr 01 22:02:50 fedora kernel: input: ELAN06FA:00 04F3:327E Touchpad as /devices/platform/AMDI0010:00/i2c-0/i2c-ELAN06FA:00/0018:04F3:327E.0003/input/input9
Apr 01 22:02:50 fedora kernel: hid-generic 0018:04F3:327E.0003: input,hidraw2: I2C HID v1.00 Mouse [ELAN06FA:00 04F3:327E] on i2c-ELAN06FA:00
Apr 01 22:02:50 fedora kernel: Key type psk registered
Apr 01 22:02:50 fedora kernel: ACPI: video: [Firmware Bug]: ACPI(PEGP) defines _DOD but not _DOS
Apr 01 22:02:50 fedora kernel: ACPI: video: Video Device [PEGP] (multi-head: yes  rom: no  post: no)
Apr 01 22:02:50 fedora kernel: input: SINO WEALTH Gaming KB  System Control as /devices/pci0000:00/0000:00:08.1/0000:06:00.4/usb3/3-2/3-2:1.1/0003:258A:002A.0004/input/input10
Apr 01 22:02:50 fedora kernel: input: Video Bus as /devices/LNXSYSTM:00/LNXSYBUS:00/PNP0A08:00/device:00/LNXVIDEO:00/input/input13
Apr 01 22:02:50 fedora kernel: nvme 0000:04:00.0: platform quirk: setting simple suspend
Apr 01 22:02:50 fedora kernel: nvme 0000:05:00.0: platform quirk: setting simple suspend
Apr 01 22:02:50 fedora kernel: nvme nvme0: pci function 0000:04:00.0
Apr 01 22:02:50 fedora kernel: nvme nvme1: pci function 0000:05:00.0
Apr 01 22:02:50 fedora kernel: nvme nvme1: allocated 64 MiB host memory buffer (1 segment).
Apr 01 22:02:50 fedora kernel: nvme nvme1: 16/0/0 default/read/poll queues
Apr 01 22:02:50 fedora kernel:  nvme1n1: p1 p2 p3
Apr 01 22:02:50 fedora kernel: nvme nvme0: allocated 64 MiB host memory buffer (1 segment).
Apr 01 22:02:50 fedora kernel: input: SINO WEALTH Gaming KB  Consumer Control as /devices/pci0000:00/0000:00:08.1/0000:06:00.4/usb3/3-2/3-2:1.1/0003:258A:002A.0004/input/input11
Apr 01 22:02:50 fedora kernel: ACPI: video: Video Device [VGA] (multi-head: yes  rom: no  post: no)
Apr 01 22:02:50 fedora kernel: input: Video Bus as /devices/LNXSYSTM:00/LNXSYBUS:00/PNP0A08:00/device:18/LNXVIDEO:01/input/input14
Apr 01 22:02:50 fedora kernel: nvme nvme0: 16/0/0 default/read/poll queues
Apr 01 22:02:50 fedora kernel:  nvme0n1: p1 p2 p3 p4 p5
Apr 01 22:02:50 fedora kernel: input: SINO WEALTH Gaming KB  Keyboard as /devices/pci0000:00/0000:00:08.1/0000:06:00.4/usb3/3-2/3-2:1.1/0003:258A:002A.0004/input/input12
Apr 01 22:02:50 fedora kernel: hid-generic 0003:258A:002A.0004: input,hiddev97,hidraw2: USB HID v1.11 Keyboard [SINO WEALTH Gaming KB ] on usb-0000:06:00.4-2/input1
Apr 01 22:02:50 fedora kernel: input: ELAN06FA:00 04F3:327E Mouse as /devices/platform/AMDI0010:00/i2c-0/i2c-ELAN06FA:00/0018:04F3:327E.0003/input/input15
Apr 01 22:02:50 fedora kernel: input: ELAN06FA:00 04F3:327E Touchpad as /devices/platform/AMDI0010:00/i2c-0/i2c-ELAN06FA:00/0018:04F3:327E.0003/input/input17
Apr 01 22:02:50 fedora kernel: hid-multitouch 0018:04F3:327E.0003: input,hidraw3: I2C HID v1.00 Mouse [ELAN06FA:00 04F3:327E] on i2c-ELAN06FA:00
Apr 01 22:02:50 fedora systemd[1]: Found device dev-disk-by\x2duuid-a6910cee\x2d009e\x2d4b56\x2dbb0c\x2d1ad780bdf0b6.device - WD Blue SN5100 500GB fedora.
Apr 01 22:02:50 fedora systemd[1]: Reached target initrd-root-device.target - Initrd Root Device.
Apr 01 22:02:50 fedora systemd[1]: Starting systemd-fsck-root.service - File System Check on /dev/disk/by-uuid/a6910cee-009e-4b56-bb0c-1ad780bdf0b6...
Apr 01 22:02:50 fedora systemd[1]: Finished systemd-fsck-root.service - File System Check on /dev/disk/by-uuid/a6910cee-009e-4b56-bb0c-1ad780bdf0b6.
Apr 01 22:02:50 fedora kernel: usb 3-3: new full-speed USB device number 4 using xhci_hcd
Apr 01 22:02:50 fedora systemd[1]: Mounting sys-kernel-config.mount - Kernel Configuration File System...
Apr 01 22:02:50 fedora systemd[1]: Mounting sysroot.mount - /sysroot...
Apr 01 22:02:50 fedora systemd[1]: Mounted sys-kernel-config.mount - Kernel Configuration File System.
Apr 01 22:02:50 fedora systemd[1]: Reached target sysinit.target - System Initialization.
Apr 01 22:02:50 fedora systemd[1]: Reached target basic.target - Basic System.
Apr 01 22:02:50 fedora kernel: BTRFS: device label fedora devid 1 transid 224097 /dev/nvme1n1p3 (259:3) scanned by mount (519)
Apr 01 22:02:50 fedora kernel: BTRFS info (device nvme1n1p3): first mount of filesystem a6910cee-009e-4b56-bb0c-1ad780bdf0b6
Apr 01 22:02:50 fedora kernel: BTRFS info (device nvme1n1p3): using crc32c (crc32c-lib) checksum algorithm
Apr 01 22:02:50 fedora kernel: BTRFS info (device nvme1n1p3): enabling ssd optimizations
Apr 01 22:02:50 fedora kernel: BTRFS info (device nvme1n1p3): turning on async discard
Apr 01 22:02:50 fedora kernel: BTRFS info (device nvme1n1p3): enabling free space tree
Apr 01 22:02:50 fedora systemd[1]: Mounted sysroot.mount - /sysroot.
Apr 01 22:02:50 fedora systemd[1]: Reached target initrd-root-fs.target - Initrd Root File System.
Apr 01 22:02:50 fedora systemd[1]: Starting initrd-parse-etc.service - Mountpoints Configured in the Real Root...
Apr 01 22:02:51 fedora systemd[1]: initrd-parse-etc.service: Deactivated successfully.
Apr 01 22:02:51 fedora systemd[1]: Finished initrd-parse-etc.service - Mountpoints Configured in the Real Root.
Apr 01 22:02:51 fedora systemd[1]: Reached target initrd-fs.target - Initrd File Systems.
Apr 01 22:02:51 fedora systemd[1]: Reached target initrd.target - Initrd Default Target.
Apr 01 22:02:51 fedora systemd[1]: dracut-mount.service - dracut mount hook was skipped because no trigger condition checks were met.
Apr 01 22:02:51 fedora systemd[1]: Starting dracut-pre-pivot.service - dracut pre-pivot and cleanup hook...
Apr 01 22:02:51 fedora systemd[1]: Finished dracut-pre-pivot.service - dracut pre-pivot and cleanup hook.
Apr 01 22:02:51 fedora systemd[1]: Starting initrd-cleanup.service - Cleaning Up and Shutting Down Daemons...
Apr 01 22:02:51 fedora systemd[1]: Stopped target timers.target - Timer Units.
Apr 01 22:02:51 fedora systemd[1]: Stopped target tpm2.target - Trusted Platform Module.
Apr 01 22:02:51 fedora systemd[1]: dracut-pre-pivot.service: Deactivated successfully.
Apr 01 22:02:51 fedora systemd[1]: Stopped dracut-pre-pivot.service - dracut pre-pivot and cleanup hook.
Apr 01 22:02:51 fedora systemd[1]: Stopped target initrd.target - Initrd Default Target.
Apr 01 22:02:51 fedora systemd[1]: Stopped target basic.target - Basic System.
Apr 01 22:02:51 fedora systemd[1]: Stopped target initrd-root-device.target - Initrd Root Device.
Apr 01 22:02:51 fedora systemd[1]: Stopped target initrd-usr-fs.target - Initrd /usr File System.
Apr 01 22:02:51 fedora systemd[1]: Stopped target paths.target - Path Units.
Apr 01 22:02:51 fedora systemd[1]: Stopped target remote-fs.target - Remote File Systems.
Apr 01 22:02:51 fedora systemd[1]: Stopped target remote-fs-pre.target - Preparation for Remote File Systems.
Apr 01 22:02:51 fedora systemd[1]: Stopped target slices.target - Slice Units.
Apr 01 22:02:51 fedora systemd[1]: Stopped target sockets.target - Socket Units.
Apr 01 22:02:51 fedora systemd[1]: Stopped target sysinit.target - System Initialization.
Apr 01 22:02:51 fedora systemd[1]: Stopped target swap.target - Swaps.
Apr 01 22:02:51 fedora systemd[1]: Starting plymouth-switch-root.service - Plymouth switch root service...
Apr 01 22:02:51 fedora systemd[1]: systemd-battery-check.service: Deactivated successfully.
Apr 01 22:02:51 fedora systemd[1]: Stopped systemd-battery-check.service - Check battery level during early boot.
Apr 01 22:02:51 fedora systemd[1]: systemd-sysctl.service: Deactivated successfully.
Apr 01 22:02:51 fedora systemd[1]: Stopped systemd-sysctl.service - Apply Kernel Variables.
Apr 01 22:02:51 fedora systemd[1]: systemd-modules-load.service: Deactivated successfully.
Apr 01 22:02:51 fedora systemd[1]: Stopped systemd-modules-load.service - Load Kernel Modules.
Apr 01 22:02:51 fedora systemd[1]: systemd-tmpfiles-setup.service: Deactivated successfully.
Apr 01 22:02:51 fedora systemd[1]: Stopped systemd-tmpfiles-setup.service - Create System Files and Directories.
Apr 01 22:02:51 fedora systemd[1]: Stopped target local-fs.target - Local File Systems.
Apr 01 22:02:51 fedora systemd[1]: Stopped target local-fs-pre.target - Preparation for Local File Systems.
Apr 01 22:02:51 fedora systemd[1]: systemd-udev-trigger.service: Deactivated successfully.
Apr 01 22:02:51 fedora systemd[1]: Stopped systemd-udev-trigger.service - Coldplug All udev Devices.
Apr 01 22:02:51 fedora systemd[1]: Stopping systemd-udevd.service - Rule-based Manager for Device Events and Files...
Apr 01 22:02:51 fedora systemd[1]: initrd-cleanup.service: Deactivated successfully.
Apr 01 22:02:51 fedora systemd[1]: Finished initrd-cleanup.service - Cleaning Up and Shutting Down Daemons.
Apr 01 22:02:51 fedora systemd[1]: Finished plymouth-switch-root.service - Plymouth switch root service.
Apr 01 22:02:56 fedora kernel: usb 3-3: New USB device found, idVendor=048d, idProduct=c999, bcdDevice= 2.00
Apr 01 22:02:56 fedora kernel: usb 3-3: New USB device strings: Mfr=1, Product=2, SerialNumber=0
Apr 01 22:02:56 fedora kernel: usb 3-3: Product: ITE Device(8176)
Apr 01 22:02:56 fedora kernel: usb 3-3: Manufacturer: ITE Tech. Inc.
Apr 01 22:02:56 fedora kernel: input: ITE Tech. Inc. ITE Device(8176) Keyboard as /devices/pci0000:00/0000:00:08.1/0000:06:00.4/usb3/3-3/3-3:1.0/0003:048D:C999.0005/input/input18
Apr 01 22:02:56 fedora kernel: input: ITE Tech. Inc. ITE Device(8176) Wireless Radio Control as /devices/pci0000:00/0000:00:08.1/0000:06:00.4/usb3/3-3/3-3:1.0/0003:048D:C999.0005/input/input19
Apr 01 22:02:56 fedora kernel: hid-generic 0003:048D:C999.0005: input,hiddev98,hidraw4: USB HID v1.10 Keyboard [ITE Tech. Inc. ITE Device(8176)] on usb-0000:06:00.4-3/input0
Apr 01 22:02:56 fedora systemd[1]: systemd-udevd.service: Deactivated successfully.
Apr 01 22:02:56 fedora systemd[1]: Stopped systemd-udevd.service - Rule-based Manager for Device Events and Files.
Apr 01 22:02:56 fedora systemd[1]: systemd-udevd-control.socket: Deactivated successfully.
Apr 01 22:02:56 fedora systemd[1]: Closed systemd-udevd-control.socket - udev Control Socket.
Apr 01 22:02:56 fedora systemd[1]: systemd-udevd-kernel.socket: Deactivated successfully.
Apr 01 22:02:56 fedora systemd[1]: Closed systemd-udevd-kernel.socket - udev Kernel Socket.
Apr 01 22:02:56 fedora systemd[1]: dracut-pre-udev.service: Deactivated successfully.
Apr 01 22:02:56 fedora systemd[1]: Stopped dracut-pre-udev.service - dracut pre-udev hook.
Apr 01 22:02:56 fedora systemd[1]: dracut-cmdline.service: Deactivated successfully.
Apr 01 22:02:56 fedora systemd[1]: Stopped dracut-cmdline.service - dracut cmdline hook.
Apr 01 22:02:56 fedora systemd[1]: dracut-cmdline-ask.service: Deactivated successfully.
Apr 01 22:02:56 fedora systemd[1]: Stopped dracut-cmdline-ask.service - dracut ask for additional cmdline parameters.
Apr 01 22:02:56 fedora systemd[1]: Starting initrd-udevadm-cleanup-db.service - Cleanup udev Database...
Apr 01 22:02:56 fedora systemd[1]: systemd-tmpfiles-setup-dev.service: Deactivated successfully.
Apr 01 22:02:56 fedora systemd[1]: Stopped systemd-tmpfiles-setup-dev.service - Create Static Device Nodes in /dev.
Apr 01 22:02:56 fedora systemd[1]: systemd-sysusers.service: Deactivated successfully.
Apr 01 22:02:56 fedora systemd[1]: Stopped systemd-sysusers.service - Create System Users.
Apr 01 22:02:56 fedora systemd[1]: systemd-tmpfiles-setup-dev-early.service: Deactivated successfully.
Apr 01 22:02:56 fedora systemd[1]: Stopped systemd-tmpfiles-setup-dev-early.service - Create Static Device Nodes in /dev gracefully.
Apr 01 22:02:56 fedora systemd[1]: kmod-static-nodes.service: Deactivated successfully.
Apr 01 22:02:56 fedora systemd[1]: Stopped kmod-static-nodes.service - Create List of Static Device Nodes.
Apr 01 22:02:56 fedora systemd[1]: initrd-udevadm-cleanup-db.service: Deactivated successfully.
Apr 01 22:02:56 fedora systemd[1]: Finished initrd-udevadm-cleanup-db.service - Cleanup udev Database.
Apr 01 22:02:56 fedora systemd[1]: Reached target initrd-switch-root.target - Switch Root.
Apr 01 22:02:56 fedora systemd[1]: Starting initrd-switch-root.service - Switch Root...
Apr 01 22:02:56 fedora systemd[1]: Switching root.
Apr 01 22:02:56 fedora systemd-journald[300]: Journal stopped
Apr 01 16:32:57 fedora systemd-journald[300]: Received SIGTERM from PID 1 (systemd).
Apr 01 16:32:57 fedora kernel: audit: type=1404 audit(1775061176.412:2): enforcing=1 old_enforcing=0 auid=4294967295 ses=4294967295 enabled=1 old-enabled=1 lsm=selinux res=1
Apr 01 16:32:57 fedora kernel: SELinux:  Permission firmware_load in class system not defined in policy.
Apr 01 16:32:57 fedora kernel: SELinux:  Permission kexec_image_load in class system not defined in policy.
Apr 01 16:32:57 fedora kernel: SELinux:  Permission kexec_initramfs_load in class system not defined in policy.
Apr 01 16:32:57 fedora kernel: SELinux:  Permission policy_load in class system not defined in policy.
Apr 01 16:32:57 fedora kernel: SELinux:  Permission x509_certificate_load in class system not defined in policy.
Apr 01 16:32:57 fedora kernel: SELinux:  Permission allowed in class io_uring not defined in policy.
Apr 01 16:32:57 fedora kernel: SELinux: the above unknown classes and permissions will be allowed
Apr 01 16:32:57 fedora kernel: SELinux:  policy capability network_peer_controls=1
Apr 01 16:32:57 fedora kernel: SELinux:  policy capability open_perms=1
Apr 01 16:32:57 fedora kernel: SELinux:  policy capability extended_socket_class=1
Apr 01 16:32:57 fedora kernel: SELinux:  policy capability always_check_network=0
Apr 01 16:32:57 fedora kernel: SELinux:  policy capability cgroup_seclabel=1
Apr 01 16:32:57 fedora kernel: SELinux:  policy capability nnp_nosuid_transition=1
Apr 01 16:32:57 fedora kernel: SELinux:  policy capability genfs_seclabel_symlinks=1
Apr 01 16:32:57 fedora kernel: SELinux:  policy capability ioctl_skip_cloexec=0
Apr 01 16:32:57 fedora kernel: SELinux:  policy capability userspace_initial_context=0
Apr 01 16:32:57 fedora kernel: SELinux:  policy capability netlink_xperm=0
Apr 01 16:32:57 fedora kernel: SELinux:  policy capability netif_wildcard=0
Apr 01 16:32:57 fedora kernel: SELinux:  policy capability genfs_seclabel_wildcard=0
Apr 01 16:32:57 fedora kernel: SELinux:  policy capability functionfs_seclabel=0
Apr 01 16:32:57 fedora kernel: audit: type=1403 audit(1775061176.534:3): auid=4294967295 ses=4294967295 lsm=selinux res=1
Apr 01 16:32:57 fedora systemd[1]: Successfully loaded SELinux policy in 123.077ms.
Apr 01 16:32:57 fedora systemd[1]: RTC configured in localtime, applying delta of 330 minutes to system time.
Apr 01 16:32:57 fedora systemd[1]: Relabeled /dev/, /dev/shm/, /run/ in 17.264ms.
Apr 01 16:32:57 fedora systemd[1]: systemd 257.10-1.fc42 running in system mode (+PAM +AUDIT +SELINUX -APPARMOR +IMA +IPE +SMACK +SECCOMP -GCRYPT +GNUTLS +OPENSSL +ACL +BLKID +CURL +ELFUTILS +FIDO2 +IDN2 -IDN -IPTC +KMOD +LIBCRYPTSETUP +LIBCRYPTSETUP_PLUGINS +LIBFDISK +PCRE2 +PWQUALITY +P11KIT +QRENCODE +TPM2 +BZIP2 +LZ4 +XZ +ZLIB +ZSTD +BPF_FRAMEWORK +BTF +XKBCOMMON +UTMP +SYSVINIT +LIBARCHIVE)
Apr 01 16:32:57 fedora systemd[1]: Detected architecture x86-64.
Apr 01 16:32:57 fedora systemd[1]: bpf-restrict-fs: LSM BPF program attached
Apr 01 16:32:57 fedora kernel: zram: Added device: zram0
Apr 01 16:32:57 fedora systemd[1]: initrd-switch-root.service: Deactivated successfully.
Apr 01 16:32:57 fedora systemd[1]: Stopped initrd-switch-root.service - Switch Root.
Apr 01 16:32:57 fedora systemd[1]: systemd-journald.service: Scheduled restart job, restart counter is at 1.
Apr 01 16:32:57 fedora systemd[1]: Created slice machine.slice - Virtual Machine and Container Slice.
Apr 01 16:32:57 fedora systemd[1]: Created slice system-akmods\x2dkeygen.slice - Slice /system/akmods-keygen.
Apr 01 16:32:57 fedora systemd[1]: Created slice system-getty.slice - Slice /system/getty.
Apr 01 16:32:57 fedora systemd[1]: Created slice system-systemd\x2dfsck.slice - Slice /system/systemd-fsck.
Apr 01 16:32:57 fedora systemd[1]: Created slice system-systemd\x2dzram\x2dsetup.slice - Slice /system/systemd-zram-setup.
Apr 01 16:32:57 fedora systemd[1]: Created slice user.slice - User and Session Slice.
Apr 01 16:32:57 fedora systemd[1]: systemd-ask-password-console.path - Dispatch Password Requests to Console Directory Watch was skipped because of an unmet condition check (ConditionPathExists=!/run/plymouth/pid).
Apr 01 16:32:57 fedora systemd[1]: Started systemd-ask-password-wall.path - Forward Password Requests to Wall Directory Watch.
Apr 01 16:32:57 fedora systemd[1]: Set up automount proc-sys-fs-binfmt_misc.automount - Arbitrary Executable File Formats File System Automount Point.
Apr 01 16:32:57 fedora systemd[1]: Expecting device dev-disk-by\x2duuid-6551\x2d93AD.device - /dev/disk/by-uuid/6551-93AD...
Apr 01 16:32:57 fedora systemd[1]: Expecting device dev-disk-by\x2duuid-a6910cee\x2d009e\x2d4b56\x2dbb0c\x2d1ad780bdf0b6.device - /dev/disk/by-uuid/a6910cee-009e-4b56-bb0c-1ad780bdf0b6...
Apr 01 16:32:57 fedora systemd[1]: Expecting device dev-disk-by\x2duuid-cb7afa56\x2dd0fe\x2d4c77\x2d8056\x2d22cb28a27782.device - /dev/disk/by-uuid/cb7afa56-d0fe-4c77-8056-22cb28a27782...
Apr 01 16:32:57 fedora systemd[1]: Expecting device dev-zram0.device - /dev/zram0...
Apr 01 16:32:57 fedora systemd[1]: Reached target cryptsetup.target - Local Encrypted Volumes.
Apr 01 16:32:57 fedora systemd[1]: Reached target getty.target - Login Prompts.
Apr 01 16:32:57 fedora systemd[1]: Stopped target initrd-switch-root.target - Switch Root.
Apr 01 16:32:57 fedora systemd[1]: Stopped target initrd-fs.target - Initrd File Systems.
Apr 01 16:32:57 fedora systemd[1]: Stopped target initrd-root-fs.target - Initrd Root File System.
Apr 01 16:32:57 fedora systemd[1]: Reached target integritysetup.target - Local Integrity Protected Volumes.
Apr 01 16:32:57 fedora systemd[1]: Reached target slices.target - Slice Units.
Apr 01 16:32:57 fedora systemd[1]: Reached target veritysetup.target - Local Verity Protected Volumes.
Apr 01 16:32:57 fedora systemd[1]: Listening on dm-event.socket - Device-mapper event daemon FIFOs.
Apr 01 16:32:57 fedora systemd[1]: Listening on lvm2-lvmpolld.socket - LVM2 poll daemon socket.
Apr 01 16:32:57 fedora systemd[1]: Listening on systemd-coredump.socket - Process Core Dump Socket.
Apr 01 16:32:57 fedora systemd[1]: Listening on systemd-creds.socket - Credential Encryption/Decryption.
Apr 01 16:32:57 fedora systemd[1]: Listening on systemd-initctl.socket - initctl Compatibility Named Pipe.
Apr 01 16:32:57 fedora systemd[1]: Listening on systemd-journald-audit.socket - Journal Audit Socket.
Apr 01 16:32:57 fedora systemd[1]: Listening on systemd-oomd.socket - Userspace Out-Of-Memory (OOM) Killer Socket.
Apr 01 16:32:57 fedora systemd[1]: systemd-pcrextend.socket - TPM PCR Measurements was skipped because of an unmet condition check (ConditionSecurity=measured-uki).
Apr 01 16:32:57 fedora systemd[1]: systemd-pcrlock.socket - Make TPM PCR Policy was skipped because of an unmet condition check (ConditionSecurity=measured-uki).
Apr 01 16:32:57 fedora systemd[1]: Listening on systemd-udevd-control.socket - udev Control Socket.
Apr 01 16:32:57 fedora systemd[1]: Listening on systemd-udevd-kernel.socket - udev Kernel Socket.
Apr 01 16:32:57 fedora systemd[1]: Listening on systemd-userdbd.socket - User Database Manager Socket.
Apr 01 16:32:57 fedora systemd[1]: Mounting dev-hugepages.mount - Huge Pages File System...
Apr 01 16:32:57 fedora systemd[1]: Mounting dev-mqueue.mount - POSIX Message Queue File System...
Apr 01 16:32:57 fedora systemd[1]: Mounting sys-kernel-debug.mount - Kernel Debug File System...
Apr 01 16:32:57 fedora systemd[1]: Mounting sys-kernel-tracing.mount - Kernel Trace File System...
Apr 01 16:32:57 fedora systemd[1]: auth-rpcgss-module.service - Kernel Module supporting RPCSEC_GSS was skipped because of an unmet condition check (ConditionPathExists=/etc/krb5.keytab).
Apr 01 16:32:57 fedora systemd[1]: fips-crypto-policy-overlay.service - Bind-mount FIPS crypto-policy in FIPS mode was skipped because of an unmet condition check (ConditionKernelCommandLine=fips=1).
Apr 01 16:32:57 fedora systemd[1]: iscsi-starter.service was skipped because of an unmet condition check (ConditionDirectoryNotEmpty=/var/lib/iscsi/nodes).
Apr 01 16:32:57 fedora systemd[1]: Starting kmod-static-nodes.service - Create List of Static Device Nodes...
Apr 01 16:32:57 fedora systemd[1]: Starting lvm2-monitor.service - Monitoring of LVM2 mirrors, snapshots etc. using dmeventd or progress polling...
Apr 01 16:32:57 fedora systemd[1]: Starting modprobe@configfs.service - Load Kernel Module configfs...
Apr 01 16:32:57 fedora systemd[1]: Starting modprobe@dm_mod.service - Load Kernel Module dm_mod...
Apr 01 16:32:57 fedora systemd[1]: Starting modprobe@drm.service - Load Kernel Module drm...
Apr 01 16:32:57 fedora systemd[1]: Starting modprobe@efi_pstore.service - Load Kernel Module efi_pstore...
Apr 01 16:32:57 fedora systemd[1]: Starting modprobe@fuse.service - Load Kernel Module fuse...
Apr 01 16:32:57 fedora systemd[1]: Starting modprobe@loop.service - Load Kernel Module loop...
Apr 01 16:32:57 fedora systemd[1]: plymouth-switch-root.service: Deactivated successfully.
Apr 01 16:32:57 fedora systemd[1]: Stopped plymouth-switch-root.service - Plymouth switch root service.
Apr 01 16:32:57 fedora systemd[1]: systemd-fsck-root.service: Deactivated successfully.
Apr 01 16:32:57 fedora systemd[1]: Stopped systemd-fsck-root.service - File System Check on Root Device.
Apr 01 16:32:57 fedora systemd[1]: systemd-hibernate-clear.service - Clear Stale Hibernate Storage Info was skipped because of an unmet condition check (ConditionPathExists=/sys/firmware/efi/efivars/HibernateLocation-8cf2644b-4b0b-428f-9387-6d876050dc67).
Apr 01 16:32:57 fedora systemd[1]: Starting systemd-journald.service - Journal Service...
Apr 01 16:32:57 fedora systemd[1]: Starting systemd-modules-load.service - Load Kernel Modules...
Apr 01 16:32:57 fedora systemd[1]: systemd-pcrmachine.service - TPM PCR Machine ID Measurement was skipped because of an unmet condition check (ConditionSecurity=measured-uki).
Apr 01 16:32:57 fedora systemd[1]: Starting systemd-remount-fs.service - Remount Root and Kernel File Systems...
Apr 01 16:32:57 fedora systemd[1]: systemd-tpm2-setup-early.service - Early TPM SRK Setup was skipped because of an unmet condition check (ConditionSecurity=measured-uki).
Apr 01 16:32:57 fedora systemd[1]: Starting systemd-udev-load-credentials.service - Load udev Rules from Credentials...
Apr 01 16:32:57 fedora systemd[1]: Starting systemd-udev-trigger.service - Coldplug All udev Devices...
Apr 01 16:32:57 fedora kernel: loop: module loaded
Apr 01 16:32:57 fedora systemd[1]: Mounted dev-hugepages.mount - Huge Pages File System.
Apr 01 16:32:57 fedora systemd[1]: Mounted dev-mqueue.mount - POSIX Message Queue File System.
Apr 01 16:32:57 fedora systemd[1]: Mounted sys-kernel-debug.mount - Kernel Debug File System.
Apr 01 16:32:57 fedora systemd[1]: Mounted sys-kernel-tracing.mount - Kernel Trace File System.
Apr 01 16:32:57 fedora systemd[1]: Finished kmod-static-nodes.service - Create List of Static Device Nodes.
Apr 01 16:32:57 fedora systemd[1]: modprobe@configfs.service: Deactivated successfully.
Apr 01 16:32:57 fedora kernel: BTRFS info (device nvme1n1p3 state M): use zstd compression, level 1
Apr 01 16:32:57 fedora systemd[1]: Finished modprobe@configfs.service - Load Kernel Module configfs.
Apr 01 16:32:57 fedora systemd[1]: modprobe@dm_mod.service: Deactivated successfully.
Apr 01 16:32:57 fedora systemd[1]: Finished modprobe@dm_mod.service - Load Kernel Module dm_mod.
Apr 01 16:32:57 fedora systemd[1]: modprobe@drm.service: Deactivated successfully.
Apr 01 16:32:57 fedora systemd[1]: Finished modprobe@drm.service - Load Kernel Module drm.
Apr 01 16:32:57 fedora systemd[1]: modprobe@efi_pstore.service: Deactivated successfully.
Apr 01 16:32:57 fedora systemd[1]: Finished modprobe@efi_pstore.service - Load Kernel Module efi_pstore.
Apr 01 16:32:57 fedora systemd[1]: modprobe@fuse.service: Deactivated successfully.
Apr 01 16:32:57 fedora systemd[1]: Finished modprobe@fuse.service - Load Kernel Module fuse.
Apr 01 16:32:57 fedora systemd[1]: modprobe@loop.service: Deactivated successfully.
Apr 01 16:32:57 fedora systemd[1]: Finished modprobe@loop.service - Load Kernel Module loop.
Apr 01 16:32:57 fedora systemd[1]: Finished systemd-modules-load.service - Load Kernel Modules.
Apr 01 16:32:57 fedora systemd[1]: Finished systemd-remount-fs.service - Remount Root and Kernel File Systems.
Apr 01 16:32:57 fedora systemd[1]: Mounting sys-fs-fuse-connections.mount - FUSE Control File System...
Apr 01 16:32:57 fedora systemd[1]: iscsi-onboot.service - Special handling of early boot iSCSI sessions was skipped because of an unmet condition check (ConditionDirectoryNotEmpty=/sys/class/iscsi_session).
Apr 01 16:32:57 fedora systemd[1]: ostree-remount.service - OSTree Remount OS/ Bind Mounts was skipped because of an unmet condition check (ConditionKernelCommandLine=ostree).
Apr 01 16:32:57 fedora systemd[1]: systemd-hwdb-update.service - Rebuild Hardware Database was skipped because of an unmet condition check (ConditionNeedsUpdate=/etc).
Apr 01 16:32:57 fedora systemd[1]: systemd-pstore.service - Platform Persistent Storage Archival was skipped because of an unmet condition check (ConditionDirectoryNotEmpty=/sys/fs/pstore).
Apr 01 16:32:57 fedora systemd[1]: Starting systemd-random-seed.service - Load/Save OS Random Seed...
Apr 01 16:32:57 fedora systemd[1]: systemd-repart.service - Repartition Root Disk was skipped because no trigger condition checks were met.
Apr 01 16:32:57 fedora systemd[1]: Starting systemd-sysctl.service - Apply Kernel Variables...
Apr 01 16:32:57 fedora systemd-journald[635]: Collecting audit messages is enabled.
Apr 01 16:32:57 fedora systemd[1]: Starting systemd-tmpfiles-setup-dev-early.service - Create Static Device Nodes in /dev gracefully...
Apr 01 16:32:57 fedora systemd[1]: systemd-tpm2-setup.service - TPM SRK Setup was skipped because of an unmet condition check (ConditionSecurity=measured-uki).
Apr 01 16:32:57 fedora systemd[1]: Finished systemd-udev-load-credentials.service - Load udev Rules from Credentials.
Apr 01 16:32:57 fedora kernel: audit: type=1130 audit(1775041377.290:4): pid=1 uid=0 auid=4294967295 ses=4294967295 subj=system_u:system_r:init_t:s0 msg='unit=systemd-udev-load-credentials comm="systemd" exe="/usr/lib/systemd/systemd" hostname=? addr=? terminal=? res=success'
Apr 01 16:32:57 fedora systemd[1]: Mounted sys-fs-fuse-connections.mount - FUSE Control File System.
Apr 01 16:32:57 fedora systemd-journald[635]: /run/log/journal/3092e47ce2fc41378fb626141642a2f0/system.journal: Realtime clock jumped backwards relative to last journal entry, rotating.
Apr 01 16:32:57 fedora systemd-journald[635]: Journal started
Apr 01 16:32:57 fedora systemd-journald[635]: Runtime Journal (/run/log/journal/3092e47ce2fc41378fb626141642a2f0) is 10.3M, max 474M, 463.6M free.
Apr 01 16:32:57 fedora audit[1]: SERVICE_START pid=1 uid=0 auid=4294967295 ses=4294967295 subj=system_u:system_r:init_t:s0 msg='unit=systemd-udev-load-credentials comm="systemd" exe="/usr/lib/systemd/systemd" hostname=? addr=? terminal=? res=success'
Apr 01 16:32:57 fedora systemd[1]: Queued start job for default target graphical.target.
Apr 01 16:32:57 fedora audit[1]: SERVICE_START pid=1 uid=0 auid=4294967295 ses=4294967295 subj=system_u:system_r:init_t:s0 msg='unit=systemd-journald comm="systemd" exe="/usr/lib/systemd/systemd" hostname=? addr=? terminal=? res=success'
Apr 01 16:32:57 fedora systemd[1]: systemd-journald.service: Deactivated successfully.
Apr 01 16:32:57 fedora systemd-modules-load[636]: Module 'msr' is built in
Apr 01 16:32:57 fedora systemd[1]: Started systemd-journald.service - Journal Service.
Apr 01 16:32:57 fedora kernel: audit: type=1130 audit(1775041377.297:5): pid=1 uid=0 auid=4294967295 ses=4294967295 subj=system_u:system_r:init_t:s0 msg='unit=systemd-journald comm="systemd" exe="/usr/lib/systemd/systemd" hostname=? addr=? terminal=? res=success'
Apr 01 16:32:57 fedora systemd[1]: Starting systemd-journal-flush.service - Flush Journal to Persistent Storage...
Apr 01 16:32:57 fedora systemd[1]: Finished systemd-random-seed.service - Load/Save OS Random Seed.
Apr 01 16:32:57 fedora audit[1]: SERVICE_START pid=1 uid=0 auid=4294967295 ses=4294967295 subj=system_u:system_r:init_t:s0 msg='unit=systemd-random-seed comm="systemd" exe="/usr/lib/systemd/systemd" hostname=? addr=? terminal=? res=success'
Apr 01 16:32:57 fedora kernel: audit: type=1130 audit(1775041377.334:6): pid=1 uid=0 auid=4294967295 ses=4294967295 subj=system_u:system_r:init_t:s0 msg='unit=systemd-random-seed comm="systemd" exe="/usr/lib/systemd/systemd" hostname=? addr=? terminal=? res=success'
Apr 01 16:32:57 fedora systemd-journald[635]: Time spent on flushing to /var/log/journal/3092e47ce2fc41378fb626141642a2f0 is 174.717ms for 1350 entries.
Apr 01 16:32:57 fedora systemd-journald[635]: System Journal (/var/log/journal/3092e47ce2fc41378fb626141642a2f0) is 823.3M, max 4G, 3.1G free.
Apr 01 16:32:57 fedora systemd-journald[635]: Received client request to flush runtime journal.
Apr 01 16:32:57 fedora kernel: audit: type=1130 audit(1775041377.339:7): pid=1 uid=0 auid=4294967295 ses=4294967295 subj=system_u:system_r:init_t:s0 msg='unit=systemd-sysctl comm="systemd" exe="/usr/lib/systemd/systemd" hostname=? addr=? terminal=? res=success'
Apr 01 16:32:57 fedora kernel: audit: type=1334 audit(1775041377.342:8): prog-id=51 op=LOAD
Apr 01 16:32:57 fedora kernel: audit: type=1334 audit(1775041377.342:9): prog-id=52 op=LOAD
Apr 01 16:32:57 fedora kernel: audit: type=1334 audit(1775041377.342:10): prog-id=53 op=LOAD
Apr 01 16:32:57 fedora kernel: audit: type=1130 audit(1775041377.356:11): pid=1 uid=0 auid=4294967295 ses=4294967295 subj=system_u:system_r:init_t:s0 msg='unit=lvm2-monitor comm="systemd" exe="/usr/lib/systemd/systemd" hostname=? addr=? terminal=? res=success'
Apr 01 16:32:57 fedora systemd-journald[635]: /var/log/journal/3092e47ce2fc41378fb626141642a2f0/system.journal: Realtime clock jumped backwards relative to last journal entry, rotating.
Apr 01 16:32:57 fedora systemd-journald[635]: Rotating system journal.
Apr 01 16:32:57 fedora audit[1]: SERVICE_START pid=1 uid=0 auid=4294967295 ses=4294967295 subj=system_u:system_r:init_t:s0 msg='unit=systemd-sysctl comm="systemd" exe="/usr/lib/systemd/systemd" hostname=? addr=? terminal=? res=success'
Apr 01 16:32:57 fedora audit: BPF prog-id=51 op=LOAD
Apr 01 16:32:57 fedora audit: BPF prog-id=52 op=LOAD
Apr 01 16:32:57 fedora audit: BPF prog-id=53 op=LOAD
Apr 01 16:32:57 fedora audit[1]: SERVICE_START pid=1 uid=0 auid=4294967295 ses=4294967295 subj=system_u:system_r:init_t:s0 msg='unit=lvm2-monitor comm="systemd" exe="/usr/lib/systemd/systemd" hostname=? addr=? terminal=? res=success'
Apr 01 16:32:57 fedora audit[1]: SERVICE_START pid=1 uid=0 auid=4294967295 ses=4294967295 subj=system_u:system_r:init_t:s0 msg='unit=systemd-userdbd comm="systemd" exe="/usr/lib/systemd/systemd" hostname=? addr=? terminal=? res=success'
Apr 01 16:32:57 fedora audit[1]: SERVICE_START pid=1 uid=0 auid=4294967295 ses=4294967295 subj=system_u:system_r:init_t:s0 msg='unit=systemd-tmpfiles-setup-dev-early comm="systemd" exe="/usr/lib/systemd/systemd" hostname=? addr=? terminal=? res=success'
Apr 01 16:32:57 fedora audit[1]: SERVICE_START pid=1 uid=0 auid=4294967295 ses=4294967295 subj=system_u:system_r:init_t:s0 msg='unit=systemd-udev-trigger comm="systemd" exe="/usr/lib/systemd/systemd" hostname=? addr=? terminal=? res=success'
Apr 01 16:32:57 fedora audit[1]: SERVICE_START pid=1 uid=0 auid=4294967295 ses=4294967295 subj=system_u:system_r:init_t:s0 msg='unit=systemd-tmpfiles-setup-dev comm="systemd" exe="/usr/lib/systemd/systemd" hostname=? addr=? terminal=? res=success'
Apr 01 16:32:57 fedora audit: BPF prog-id=26 op=UNLOAD
Apr 01 16:32:57 fedora audit: BPF prog-id=25 op=UNLOAD
Apr 01 16:32:57 fedora audit: BPF prog-id=54 op=LOAD
Apr 01 16:32:57 fedora audit: BPF prog-id=55 op=LOAD
Apr 01 16:32:57 fedora systemd[1]: Finished systemd-sysctl.service - Apply Kernel Variables.
Apr 01 16:32:57 fedora systemd[1]: Starting systemd-userdbd.service - User Database Manager...
Apr 01 16:32:57 fedora systemd[1]: Finished lvm2-monitor.service - Monitoring of LVM2 mirrors, snapshots etc. using dmeventd or progress polling.
Apr 01 16:32:57 fedora audit[1]: SERVICE_START pid=1 uid=0 auid=4294967295 ses=4294967295 subj=system_u:system_r:init_t:s0 msg='unit=systemd-journal-flush comm="systemd" exe="/usr/lib/systemd/systemd" hostname=? addr=? terminal=? res=success'
Apr 01 16:32:57 fedora systemd[1]: Started systemd-userdbd.service - User Database Manager.
Apr 01 16:32:57 fedora systemd[1]: Finished systemd-tmpfiles-setup-dev-early.service - Create Static Device Nodes in /dev gracefully.
Apr 01 16:32:57 fedora systemd[1]: systemd-sysusers.service - Create System Users was skipped because no trigger condition checks were met.
Apr 01 16:32:57 fedora systemd[1]: Starting systemd-tmpfiles-setup-dev.service - Create Static Device Nodes in /dev...
Apr 01 16:32:57 fedora systemd[1]: Finished systemd-udev-trigger.service - Coldplug All udev Devices.
Apr 01 16:32:57 fedora systemd[1]: Finished systemd-tmpfiles-setup-dev.service - Create Static Device Nodes in /dev.
Apr 01 16:32:57 fedora systemd[1]: Reached target local-fs-pre.target - Preparation for Local File Systems.
Apr 01 16:32:57 fedora systemd[1]: Starting systemd-udevd.service - Rule-based Manager for Device Events and Files...
Apr 01 16:32:57 fedora systemd-udevd[686]: Using default interface naming scheme 'v257'.
Apr 01 16:32:57 fedora systemd[1]: Finished systemd-journal-flush.service - Flush Journal to Persistent Storage.
Apr 01 16:32:57 fedora systemd[1]: Started systemd-udevd.service - Rule-based Manager for Device Events and Files.
Apr 01 16:32:57 fedora audit[1]: SERVICE_START pid=1 uid=0 auid=4294967295 ses=4294967295 subj=system_u:system_r:init_t:s0 msg='unit=systemd-udevd comm="systemd" exe="/usr/lib/systemd/systemd" hostname=? addr=? terminal=? res=success'
Apr 01 16:32:57 fedora systemd[1]: Starting modprobe@configfs.service - Load Kernel Module configfs...
Apr 01 16:32:57 fedora systemd[1]: Starting modprobe@fuse.service - Load Kernel Module fuse...
Apr 01 16:32:57 fedora systemd[1]: Found device dev-zram0.device - /dev/zram0.
Apr 01 16:32:57 fedora systemd[1]: Starting systemd-zram-setup@zram0.service - Create swap on /dev/zram0...
Apr 01 16:32:57 fedora systemd[1]: modprobe@configfs.service: Deactivated successfully.
Apr 01 16:32:57 fedora systemd[1]: Finished modprobe@configfs.service - Load Kernel Module configfs.
Apr 01 16:32:57 fedora audit[1]: SERVICE_START pid=1 uid=0 auid=4294967295 ses=4294967295 subj=system_u:system_r:init_t:s0 msg='unit=modprobe@configfs comm="systemd" exe="/usr/lib/systemd/systemd" hostname=? addr=? terminal=? res=success'
Apr 01 16:32:57 fedora audit[1]: SERVICE_STOP pid=1 uid=0 auid=4294967295 ses=4294967295 subj=system_u:system_r:init_t:s0 msg='unit=modprobe@configfs comm="systemd" exe="/usr/lib/systemd/systemd" hostname=? addr=? terminal=? res=success'
Apr 01 16:32:57 fedora systemd[1]: modprobe@fuse.service: Deactivated successfully.
Apr 01 16:32:57 fedora systemd[1]: Finished modprobe@fuse.service - Load Kernel Module fuse.
Apr 01 16:32:57 fedora audit[1]: SERVICE_START pid=1 uid=0 auid=4294967295 ses=4294967295 subj=system_u:system_r:init_t:s0 msg='unit=modprobe@fuse comm="systemd" exe="/usr/lib/systemd/systemd" hostname=? addr=? terminal=? res=success'
Apr 01 16:32:57 fedora audit[1]: SERVICE_STOP pid=1 uid=0 auid=4294967295 ses=4294967295 subj=system_u:system_r:init_t:s0 msg='unit=modprobe@fuse comm="systemd" exe="/usr/lib/systemd/systemd" hostname=? addr=? terminal=? res=success'
Apr 01 16:32:57 fedora kernel: zram0: detected capacity change from 0 to 16777216
Apr 01 16:32:57 fedora systemd-makefs[746]: /dev/zram0 successfully formatted as swap (label "zram0", uuid 0e02a7be-94e4-4479-9aea-bef1ed4f561b)
Apr 01 16:32:57 fedora systemd[1]: Finished systemd-zram-setup@zram0.service - Create swap on /dev/zram0.
Apr 01 16:32:57 fedora audit[1]: SERVICE_START pid=1 uid=0 auid=4294967295 ses=4294967295 subj=system_u:system_r:init_t:s0 msg='unit=systemd-zram-setup@zram0 comm="systemd" exe="/usr/lib/systemd/systemd" hostname=? addr=? terminal=? res=success'
Apr 01 16:32:57 fedora systemd[1]: Activating swap dev-zram0.swap - Compressed Swap on /dev/zram0...
Apr 01 16:32:57 fedora systemd[1]: Condition check resulted in dev-tpmrm0.device - /dev/tpmrm0 being skipped.
Apr 01 16:32:57 fedora systemd[1]: Reached target tpm2.target - Trusted Platform Module.
Apr 01 16:32:57 fedora mtp-probe[754]: checking bus 3, device 3: "/sys/devices/pci0000:00/0000:00:08.1/0000:06:00.4/usb3/3-2"
Apr 01 16:32:57 fedora mtp-probe[755]: checking bus 3, device 2: "/sys/devices/pci0000:00/0000:00:08.1/0000:06:00.4/usb3/3-1"
Apr 01 16:32:57 fedora mtp-probe[755]: bus: 3, device: 2 was not an MTP device
Apr 01 16:32:57 fedora mtp-probe[754]: bus: 3, device: 3 was not an MTP device
Apr 01 16:32:57 fedora mtp-probe[756]: checking bus 3, device 4: "/sys/devices/pci0000:00/0000:00:08.1/0000:06:00.4/usb3/3-3"
Apr 01 16:32:57 fedora mtp-probe[756]: bus: 3, device: 4 was not an MTP device
Apr 01 16:32:57 fedora systemd[1]: Condition check resulted in dev-disk-by\x2duuid-6551\x2d93AD.device - WD Blue SN5100 500GB EFI\x20System\x20Partition being skipped.
Apr 01 16:32:57 fedora systemd[1]: Condition check resulted in dev-disk-by\x2duuid-cb7afa56\x2dd0fe\x2d4c77\x2d8056\x2d22cb28a27782.device - WD Blue SN5100 500GB 2 being skipped.
Apr 01 16:32:57 fedora systemd[1]: Starting systemd-fsck@dev-disk-by\x2duuid-6551\x2d93AD.service - File System Check on /dev/disk/by-uuid/6551-93AD...
Apr 01 16:32:57 fedora systemd[1]: Starting systemd-fsck@dev-disk-by\x2duuid-cb7afa56\x2dd0fe\x2d4c77\x2d8056\x2d22cb28a27782.service - File System Check on /dev/disk/by-uuid/cb7afa56-d0fe-4c77-8056-22cb28a27782...
Apr 01 16:32:57 fedora systemd[1]: Found device dev-disk-by\x2duuid-a6910cee\x2d009e\x2d4b56\x2dbb0c\x2d1ad780bdf0b6.device - WD Blue SN5100 500GB fedora.
Apr 01 16:32:57 fedora kernel: Adding 8388604k swap on /dev/zram0.  Priority:100 extents:1 across:8388604k SSDsc
Apr 01 16:32:57 fedora systemd[1]: Activated swap dev-zram0.swap - Compressed Swap on /dev/zram0.
Apr 01 16:32:57 fedora systemd[1]: Reached target swap.target - Swaps.
Apr 01 16:32:57 fedora systemd-fsck[768]: /dev/nvme1n1p2: clean, 45/65536 files, 193470/262144 blocks
Apr 01 16:32:57 fedora systemd[1]: Finished systemd-fsck@dev-disk-by\x2duuid-cb7afa56\x2dd0fe\x2d4c77\x2d8056\x2d22cb28a27782.service - File System Check on /dev/disk/by-uuid/cb7afa56-d0fe-4c77-8056-22cb28a27782.
Apr 01 16:32:57 fedora audit[1]: SERVICE_START pid=1 uid=0 auid=4294967295 ses=4294967295 subj=system_u:system_r:init_t:s0 msg='unit=systemd-fsck@dev-disk-by\x2duuid-cb7afa56\x2dd0fe\x2d4c77\x2d8056\x2d22cb28a27782 comm="systemd" exe="/usr/lib/systemd/systemd" hostname=? addr=? terminal=? res=success'
Apr 01 16:32:57 fedora systemd-fsck[769]: fsck.fat 4.2 (2021-01-31)
Apr 01 16:32:57 fedora systemd-fsck[769]: /dev/nvme1n1p1: 25 files, 4936/153296 clusters
Apr 01 16:32:57 fedora systemd[1]: Finished systemd-fsck@dev-disk-by\x2duuid-6551\x2d93AD.service - File System Check on /dev/disk/by-uuid/6551-93AD.
Apr 01 16:32:57 fedora audit[1]: SERVICE_START pid=1 uid=0 auid=4294967295 ses=4294967295 subj=system_u:system_r:init_t:s0 msg='unit=systemd-fsck@dev-disk-by\x2duuid-6551\x2d93AD comm="systemd" exe="/usr/lib/systemd/systemd" hostname=? addr=? terminal=? res=success'
Apr 01 16:32:57 fedora kernel: piix4_smbus 0000:00:14.0: SMBus Host Controller at 0xb00, revision 0
Apr 01 16:32:57 fedora kernel: piix4_smbus 0000:00:14.0: Using register 0x02 for SMBus port selection
Apr 01 16:32:57 fedora kernel: piix4_smbus 0000:00:14.0: Auxiliary SMBus Host Controller at 0xb20
Apr 01 16:32:57 fedora kernel: i2c i2c-4: Successfully instantiated SPD at 0x50
Apr 01 16:32:57 fedora kernel: i2c i2c-4: Successfully instantiated SPD at 0x51
Apr 01 16:32:57 fedora mtp-probe[795]: checking bus 1, device 2: "/sys/devices/pci0000:00/0000:00:08.1/0000:06:00.3/usb1/1-3"
Apr 01 16:32:57 fedora kernel: ACPI: battery: new hook: Ideapad Battery Extension
Apr 01 16:32:57 fedora kernel: input: Ideapad extra buttons as /devices/pci0000:00/0000:00:14.3/PNP0C09:00/VPC2004:00/input/input20
Apr 01 16:32:57 fedora mtp-probe[796]: checking bus 1, device 3: "/sys/devices/pci0000:00/0000:00:08.1/0000:06:00.3/usb1/1-4"
Apr 01 16:32:57 fedora kernel: input: PC Speaker as /devices/platform/pcspkr/input/input21
Apr 01 16:32:57 fedora kernel: r8169 0000:02:00.0 eth0: RTL8168h/8111h, 40:c2:ba:62:ab:a8, XID 541, IRQ 88
Apr 01 16:32:57 fedora kernel: r8169 0000:02:00.0 eth0: jumbo features [frames: 9194 bytes, tx checksumming: ko]
Apr 01 16:32:57 fedora mtp-probe[795]: bus: 1, device: 2 was not an MTP device
Apr 01 16:32:57 fedora kernel: cfg80211: Loading compiled-in X.509 certificates for regulatory database
Apr 01 16:32:57 fedora kernel: Loaded X.509 cert 'sforshee: 00b28ddf47aef9cea7'
Apr 01 16:32:57 fedora kernel: Loaded X.509 cert 'wens: 61c038651aabdcf94bd0ac7ff06c7248db18c600'
Apr 01 16:32:57 fedora kernel: ideapad_acpi VPC2004:00: DYTC interface is not available
Apr 01 16:32:57 fedora kernel: mc: Linux media interface: v0.10
Apr 01 16:32:57 fedora kernel: RAPL PMU: API unit is 2^-32 Joules, 2 fixed counters, 163840 ms ovfl timer
Apr 01 16:32:57 fedora kernel: RAPL PMU: hw unit of domain package 2^-16 Joules
Apr 01 16:32:57 fedora kernel: RAPL PMU: hw unit of domain core 2^-16 Joules
Apr 01 16:32:57 fedora mtp-probe[796]: bus: 1, device: 3 was not an MTP device
Apr 01 16:32:57 fedora systemd[1]: Listening on systemd-rfkill.socket - Load/Save RF Kill Switch Status /dev/rfkill Watch.
Apr 01 16:32:57 fedora systemd[1]: Starting systemd-rfkill.service - Load/Save RF Kill Switch Status...
Apr 01 16:32:57 fedora systemd[1]: systemd-vconsole-setup.service: Deactivated successfully.
Apr 01 16:32:57 fedora systemd[1]: Stopped systemd-vconsole-setup.service - Virtual Console Setup.
Apr 01 16:32:57 fedora systemd[1]: Stopping systemd-vconsole-setup.service - Virtual Console Setup...
Apr 01 16:32:57 fedora audit[1]: SERVICE_STOP pid=1 uid=0 auid=4294967295 ses=4294967295 subj=system_u:system_r:init_t:s0 msg='unit=systemd-vconsole-setup comm="systemd" exe="/usr/lib/systemd/systemd" hostname=? addr=? terminal=? res=success'
Apr 01 16:32:57 fedora kernel: r8169 0000:02:00.0 enp2s0: renamed from eth0
Apr 01 16:32:57 fedora systemd[1]: Starting systemd-vconsole-setup.service - Virtual Console Setup...
Apr 01 16:32:57 fedora systemd-vconsole-setup[812]: All allocated VCs are currently busy, skipping initialization of font and keyboard settings.
Apr 01 16:32:57 fedora systemd[1]: Finished systemd-vconsole-setup.service - Virtual Console Setup.
Apr 01 16:32:57 fedora audit[1]: SERVICE_START pid=1 uid=0 auid=4294967295 ses=4294967295 subj=system_u:system_r:init_t:s0 msg='unit=systemd-vconsole-setup comm="systemd" exe="/usr/lib/systemd/systemd" hostname=? addr=? terminal=? res=success'
Apr 01 16:32:57 fedora systemd[1]: Created slice system-systemd\x2dbacklight.slice - Slice /system/systemd-backlight.
Apr 01 16:32:57 fedora systemd[1]: Starting systemd-backlight@leds:platform::kbd_backlight.service - Load/Save Screen Backlight Brightness of leds:platform::kbd_backlight...
Apr 01 16:32:57 fedora kernel: snd_pci_acp6x 0000:06:00.5: enabling device (0000 -> 0002)
Apr 01 16:32:57 fedora systemd[1]: Finished systemd-backlight@leds:platform::kbd_backlight.service - Load/Save Screen Backlight Brightness of leds:platform::kbd_backlight.
Apr 01 16:32:57 fedora audit[1]: SERVICE_START pid=1 uid=0 auid=4294967295 ses=4294967295 subj=system_u:system_r:init_t:s0 msg='unit=systemd-backlight@leds:platform::kbd_backlight comm="systemd" exe="/usr/lib/systemd/systemd" hostname=? addr=? terminal=? res=success'
Apr 01 16:32:57 fedora systemd[1]: Started systemd-rfkill.service - Load/Save RF Kill Switch Status.
Apr 01 16:32:57 fedora audit[1]: SERVICE_START pid=1 uid=0 auid=4294967295 ses=4294967295 subj=system_u:system_r:init_t:s0 msg='unit=systemd-rfkill comm="systemd" exe="/usr/lib/systemd/systemd" hostname=? addr=? terminal=? res=success'
Apr 01 16:32:57 fedora kernel: lenovo_wmi_other DC2A8805-3A8C-41BA-A6F7-092E0089CD3B-25: bound 7A8F5407-CB67-4D6E-B547-39B3BE018154-18 (ops lwmi_cd01_component_ops [lenovo_wmi_capdata01])
Apr 01 16:32:57 fedora kernel: Bluetooth: Core ver 2.22
Apr 01 16:32:57 fedora kernel: NET: Registered PF_BLUETOOTH protocol family
Apr 01 16:32:57 fedora kernel: Bluetooth: HCI device and connection manager initialized
Apr 01 16:32:57 fedora kernel: Bluetooth: HCI socket layer initialized
Apr 01 16:32:57 fedora kernel: Bluetooth: L2CAP socket layer initialized
Apr 01 16:32:57 fedora kernel: Bluetooth: SCO socket layer initialized
Apr 01 16:32:57 fedora kernel: videodev: Linux video capture interface: v2.00
Apr 01 16:32:57 fedora kernel: snd_hda_intel 0000:01:00.1: enabling device (0000 -> 0002)
Apr 01 16:32:57 fedora kernel: snd_hda_intel 0000:01:00.1: Disabling MSI
Apr 01 16:32:57 fedora kernel: snd_hda_intel 0000:01:00.1: Handle vga_switcheroo audio client
Apr 01 16:32:57 fedora kernel: snd_hda_intel 0000:06:00.6: enabling device (0000 -> 0002)
Apr 01 16:32:57 fedora kernel: kvm_amd: TSC scaling supported
Apr 01 16:32:57 fedora kernel: kvm_amd: Nested Virtualization enabled
Apr 01 16:32:57 fedora kernel: kvm_amd: Nested Paging enabled
Apr 01 16:32:57 fedora kernel: kvm_amd: LBR virtualization supported
Apr 01 16:32:57 fedora kernel: kvm_amd: Virtual VMLOAD VMSAVE supported
Apr 01 16:32:57 fedora kernel: kvm_amd: Virtual GIF supported
Apr 01 16:32:58 fedora kernel: usbcore: registered new interface driver btusb
Apr 01 16:32:58 fedora systemd[1]: systemd-ask-password-console.path - Dispatch Password Requests to Console Directory Watch was skipped because of an unmet condition check (ConditionPathExists=!/run/plymouth/pid).
Apr 01 16:32:58 fedora systemd[1]: fips-crypto-policy-overlay.service - Bind-mount FIPS crypto-policy in FIPS mode was skipped because of an unmet condition check (ConditionKernelCommandLine=fips=1).
Apr 01 16:32:58 fedora systemd[1]: iscsi-onboot.service - Special handling of early boot iSCSI sessions was skipped because of an unmet condition check (ConditionDirectoryNotEmpty=/sys/class/iscsi_session).
Apr 01 16:32:58 fedora systemd[1]: iscsi-starter.service was skipped because of an unmet condition check (ConditionDirectoryNotEmpty=/var/lib/iscsi/nodes).
Apr 01 16:32:58 fedora systemd[1]: Starting modprobe@dm_mod.service - Load Kernel Module dm_mod...
Apr 01 16:32:58 fedora systemd[1]: Starting modprobe@efi_pstore.service - Load Kernel Module efi_pstore...
Apr 01 16:32:58 fedora systemd[1]: Starting modprobe@loop.service - Load Kernel Module loop...
Apr 01 16:32:58 fedora systemd[1]: ostree-remount.service - OSTree Remount OS/ Bind Mounts was skipped because of an unmet condition check (ConditionKernelCommandLine=ostree).
Apr 01 16:32:58 fedora systemd[1]: systemd-hibernate-clear.service - Clear Stale Hibernate Storage Info was skipped because of an unmet condition check (ConditionPathExists=/sys/firmware/efi/efivars/HibernateLocation-8cf2644b-4b0b-428f-9387-6d876050dc67).
Apr 01 16:32:58 fedora kernel: nvidia: loading out-of-tree module taints kernel.
Apr 01 16:32:58 fedora kernel: nvidia: module verification failed: signature and/or required key missing - tainting kernel
Apr 01 16:32:58 fedora systemd[1]: systemd-hwdb-update.service - Rebuild Hardware Database was skipped because of an unmet condition check (ConditionNeedsUpdate=/etc).
Apr 01 16:32:58 fedora systemd[1]: systemd-pcrmachine.service - TPM PCR Machine ID Measurement was skipped because of an unmet condition check (ConditionSecurity=measured-uki).
Apr 01 16:32:58 fedora systemd[1]: systemd-sysusers.service - Create System Users was skipped because no trigger condition checks were met.
Apr 01 16:32:58 fedora systemd[1]: systemd-tpm2-setup-early.service - Early TPM SRK Setup was skipped because of an unmet condition check (ConditionSecurity=measured-uki).
Apr 01 16:32:58 fedora systemd[1]: systemd-tpm2-setup.service - TPM SRK Setup was skipped because of an unmet condition check (ConditionSecurity=measured-uki).
Apr 01 16:32:58 fedora kernel: MCE: In-kernel MCE decoding enabled.
Apr 01 16:32:58 fedora kernel: uvcvideo 1-3:1.0: Found UVC 1.50 device Integrated Camera (174f:246d)
Apr 01 16:32:58 fedora kernel: input: HDA NVidia HDMI/DP,pcm=3 as /devices/pci0000:00/0000:00:01.1/0000:01:00.1/sound/card0/input22
Apr 01 16:32:58 fedora kernel: input: HDA NVidia HDMI/DP,pcm=7 as /devices/pci0000:00/0000:00:01.1/0000:01:00.1/sound/card0/input23
Apr 01 16:32:58 fedora kernel: input: HDA NVidia HDMI/DP,pcm=8 as /devices/pci0000:00/0000:00:01.1/0000:01:00.1/sound/card0/input24
Apr 01 16:32:58 fedora kernel: input: HDA NVidia HDMI/DP,pcm=9 as /devices/pci0000:00/0000:00:01.1/0000:01:00.1/sound/card0/input25
Apr 01 16:32:58 fedora kernel: usbcore: registered new interface driver uvcvideo
Apr 01 16:32:58 fedora kernel: Bluetooth: hci0: HW/SW Version: 0x008a008a, Build Time: 20250625154126
Apr 01 16:32:58 fedora systemd[1]: modprobe@dm_mod.service: Deactivated successfully.
Apr 01 16:32:58 fedora systemd[1]: Finished modprobe@dm_mod.service - Load Kernel Module dm_mod.
Apr 01 16:32:58 fedora audit[1]: SERVICE_START pid=1 uid=0 auid=4294967295 ses=4294967295 subj=system_u:system_r:init_t:s0 msg='unit=modprobe@dm_mod comm="systemd" exe="/usr/lib/systemd/systemd" hostname=? addr=? terminal=? res=success'
Apr 01 16:32:58 fedora audit[1]: SERVICE_STOP pid=1 uid=0 auid=4294967295 ses=4294967295 subj=system_u:system_r:init_t:s0 msg='unit=modprobe@dm_mod comm="systemd" exe="/usr/lib/systemd/systemd" hostname=? addr=? terminal=? res=success'
Apr 01 16:32:58 fedora systemd[1]: modprobe@efi_pstore.service: Deactivated successfully.
Apr 01 16:32:58 fedora systemd[1]: Finished modprobe@efi_pstore.service - Load Kernel Module efi_pstore.
Apr 01 16:32:58 fedora audit[1]: SERVICE_START pid=1 uid=0 auid=4294967295 ses=4294967295 subj=system_u:system_r:init_t:s0 msg='unit=modprobe@efi_pstore comm="systemd" exe="/usr/lib/systemd/systemd" hostname=? addr=? terminal=? res=success'
Apr 01 16:32:58 fedora audit[1]: SERVICE_STOP pid=1 uid=0 auid=4294967295 ses=4294967295 subj=system_u:system_r:init_t:s0 msg='unit=modprobe@efi_pstore comm="systemd" exe="/usr/lib/systemd/systemd" hostname=? addr=? terminal=? res=success'
Apr 01 16:32:58 fedora systemd[1]: modprobe@loop.service: Deactivated successfully.
Apr 01 16:32:58 fedora systemd[1]: Finished modprobe@loop.service - Load Kernel Module loop.
Apr 01 16:32:58 fedora audit[1]: SERVICE_START pid=1 uid=0 auid=4294967295 ses=4294967295 subj=system_u:system_r:init_t:s0 msg='unit=modprobe@loop comm="systemd" exe="/usr/lib/systemd/systemd" hostname=? addr=? terminal=? res=success'
Apr 01 16:32:58 fedora audit[1]: SERVICE_STOP pid=1 uid=0 auid=4294967295 ses=4294967295 subj=system_u:system_r:init_t:s0 msg='unit=modprobe@loop comm="systemd" exe="/usr/lib/systemd/systemd" hostname=? addr=? terminal=? res=success'
Apr 01 16:32:58 fedora systemd[1]: systemd-ask-password-console.path - Dispatch Password Requests to Console Directory Watch was skipped because of an unmet condition check (ConditionPathExists=!/run/plymouth/pid).
Apr 01 16:32:58 fedora systemd[1]: fips-crypto-policy-overlay.service - Bind-mount FIPS crypto-policy in FIPS mode was skipped because of an unmet condition check (ConditionKernelCommandLine=fips=1).
Apr 01 16:32:58 fedora systemd[1]: iscsi-onboot.service - Special handling of early boot iSCSI sessions was skipped because of an unmet condition check (ConditionDirectoryNotEmpty=/sys/class/iscsi_session).
Apr 01 16:32:58 fedora systemd[1]: iscsi-starter.service was skipped because of an unmet condition check (ConditionDirectoryNotEmpty=/var/lib/iscsi/nodes).
Apr 01 16:32:58 fedora systemd[1]: ostree-remount.service - OSTree Remount OS/ Bind Mounts was skipped because of an unmet condition check (ConditionKernelCommandLine=ostree).
Apr 01 16:32:58 fedora systemd[1]: systemd-hibernate-clear.service - Clear Stale Hibernate Storage Info was skipped because of an unmet condition check (ConditionPathExists=/sys/firmware/efi/efivars/HibernateLocation-8cf2644b-4b0b-428f-9387-6d876050dc67).
Apr 01 16:32:58 fedora systemd[1]: systemd-hwdb-update.service - Rebuild Hardware Database was skipped because of an unmet condition check (ConditionNeedsUpdate=/etc).
Apr 01 16:32:58 fedora systemd[1]: systemd-pcrmachine.service - TPM PCR Machine ID Measurement was skipped because of an unmet condition check (ConditionSecurity=measured-uki).
Apr 01 16:32:58 fedora systemd[1]: systemd-pstore.service - Platform Persistent Storage Archival was skipped because of an unmet condition check (ConditionDirectoryNotEmpty=/sys/fs/pstore).
Apr 01 16:32:58 fedora systemd[1]: systemd-sysusers.service - Create System Users was skipped because no trigger condition checks were met.
Apr 01 16:32:58 fedora systemd[1]: systemd-tpm2-setup-early.service - Early TPM SRK Setup was skipped because of an unmet condition check (ConditionSecurity=measured-uki).
Apr 01 16:32:58 fedora systemd[1]: systemd-repart.service - Repartition Root Disk was skipped because no trigger condition checks were met.
Apr 01 16:32:58 fedora systemd[1]: systemd-tpm2-setup.service - TPM SRK Setup was skipped because of an unmet condition check (ConditionSecurity=measured-uki).
Apr 01 16:32:58 fedora kernel: nvidia-nvlink: Nvlink Core is being initialized, major device number 234
Apr 01 16:32:58 fedora kernel: 
Apr 01 16:32:58 fedora kernel: intel_rapl_common: Found RAPL domain package
Apr 01 16:32:58 fedora kernel: intel_rapl_common: Found RAPL domain core
Apr 01 16:32:58 fedora kernel: amd_atl: AMD Address Translation Library initialized
Apr 01 16:32:58 fedora kernel: mt7921e 0000:03:00.0: enabling device (0000 -> 0002)
Apr 01 16:32:58 fedora kernel: nvidia 0000:01:00.0: vgaarb: VGA decodes changed: olddecodes=io+mem,decodes=none:owns=none
Apr 01 16:32:58 fedora kernel: snd_hda_codec_alc269 hdaudioC1D0: ALC257: picked fixup  for PCI SSID 17aa:0000
Apr 01 16:32:58 fedora kernel: snd_hda_codec_alc269 hdaudioC1D0: autoconfig for ALC257: line_outs=1 (0x14/0x0/0x0/0x0/0x0) type:speaker
Apr 01 16:32:58 fedora kernel: snd_hda_codec_alc269 hdaudioC1D0:    speaker_outs=0 (0x0/0x0/0x0/0x0/0x0)
Apr 01 16:32:58 fedora kernel: snd_hda_codec_alc269 hdaudioC1D0:    hp_outs=1 (0x21/0x0/0x0/0x0/0x0)
Apr 01 16:32:58 fedora kernel: snd_hda_codec_alc269 hdaudioC1D0:    mono: mono_out=0x0
Apr 01 16:32:58 fedora kernel: snd_hda_codec_alc269 hdaudioC1D0:    inputs:
Apr 01 16:32:58 fedora kernel: snd_hda_codec_alc269 hdaudioC1D0:      Internal Mic=0x12
Apr 01 16:32:58 fedora kernel: snd_hda_codec_alc269 hdaudioC1D0:      Mic=0x19
Apr 01 16:32:58 fedora kernel: mt7921e 0000:03:00.0: ASIC revision: 79610010
Apr 01 16:32:58 fedora kernel: Bluetooth: hci0: Device setup in 175605 usecs
Apr 01 16:32:58 fedora kernel: Bluetooth: hci0: HCI Enhanced Setup Synchronous Connection command is advertised, but not supported.
Apr 01 16:32:58 fedora kernel: NVRM: loading NVIDIA UNIX Open Kernel Module for x86_64  580.126.18  Release Build  (dvs-builder@U22-I3-H04-01-6)  Wed Feb 11 18:33:27 UTC 2026
Apr 01 16:32:58 fedora systemd[1]: Mounting boot.mount - /boot...
Apr 01 16:32:58 fedora systemd[1]: Mounting home.mount - /home...
Apr 01 16:32:58 fedora systemd[1]: Mounting tmp.mount - Temporary Directory /tmp...
Apr 01 16:32:58 fedora systemd[1]: var-lib-machines.mount - Virtual Machine and Container Storage (Compatibility) was skipped because of an unmet condition check (ConditionPathExists=/var/lib/machines.raw).
Apr 01 16:32:58 fedora systemd[1]: Listening on systemd-importd.socket - Disk Image Download Service Socket.
Apr 01 16:32:58 fedora kernel: mt7921e 0000:03:00.0: HW/SW Version: 0x8a108a10, Build Time: 20250625153620a
Apr 01 16:32:58 fedora systemd[1]: Mounting var-lib-snapd-snap-bare-5.mount - Mount unit for bare, revision 5...
Apr 01 16:32:58 fedora systemd[1]: Mounting var-lib-snapd-snap-core20-2682.mount - Mount unit for core20, revision 2682...
Apr 01 16:32:58 fedora systemd[1]: Mounting var-lib-snapd-snap-core20-2686.mount - Mount unit for core20, revision 2686...
Apr 01 16:32:58 fedora systemd[1]: Mounting var-lib-snapd-snap-gnome\x2d3\x2d38\x2d2004-143.mount - Mount unit for gnome-3-38-2004, revision 143...
Apr 01 16:32:58 fedora systemd[1]: Mounting var-lib-snapd-snap-gtk\x2dcommon\x2dthemes-1535.mount - Mount unit for gtk-common-themes, revision 1535...
Apr 01 16:32:58 fedora kernel: loop0: detected capacity change from 0 to 8
Apr 01 16:32:58 fedora kernel: loop1: detected capacity change from 0 to 130608
Apr 01 16:32:58 fedora systemd[1]: Mounting var-lib-snapd-snap-snapd-25577.mount - Mount unit for snapd, revision 25577...
Apr 01 16:32:58 fedora kernel: EXT4-fs (nvme1n1p2): mounted filesystem cb7afa56-d0fe-4c77-8056-22cb28a27782 r/w with ordered data mode. Quota mode: none.
Apr 01 16:32:58 fedora kernel: loop2: detected capacity change from 0 to 130608
Apr 01 16:32:58 fedora systemd[1]: Mounting var-lib-snapd-snap-snapd-25935.mount - Mount unit for snapd, revision 25935...
Apr 01 16:32:58 fedora kernel: loop3: detected capacity change from 0 to 187776
Apr 01 16:32:58 fedora kernel: loop4: detected capacity change from 0 to 716176
Apr 01 16:32:58 fedora systemd[1]: Mounted boot.mount - /boot.
Apr 01 16:32:58 fedora kernel: loop5: detected capacity change from 0 to 104296
Apr 01 16:32:58 fedora systemd[1]: Mounted home.mount - /home.
Apr 01 16:32:58 fedora systemd[1]: Mounted tmp.mount - Temporary Directory /tmp.
Apr 01 16:32:58 fedora kernel: loop6: detected capacity change from 0 to 98480
Apr 01 16:32:58 fedora kernel: squashfs: version 4.0 (2009/01/31) Phillip Lougher
Apr 01 16:32:58 fedora kernel: Bluetooth: hci0: AOSP extensions version v1.00
Apr 01 16:32:58 fedora kernel: Bluetooth: hci0: AOSP quality report is supported
Apr 01 16:32:58 fedora systemd[1]: Mounted var-lib-snapd-snap-bare-5.mount - Mount unit for bare, revision 5.
Apr 01 16:32:58 fedora systemd[1]: Mounted var-lib-snapd-snap-core20-2682.mount - Mount unit for core20, revision 2682.
Apr 01 16:32:58 fedora systemd[1]: Mounted var-lib-snapd-snap-core20-2686.mount - Mount unit for core20, revision 2686.
Apr 01 16:32:58 fedora systemd[1]: Mounted var-lib-snapd-snap-gnome\x2d3\x2d38\x2d2004-143.mount - Mount unit for gnome-3-38-2004, revision 143.
Apr 01 16:32:58 fedora systemd[1]: Mounted var-lib-snapd-snap-gtk\x2dcommon\x2dthemes-1535.mount - Mount unit for gtk-common-themes, revision 1535.
Apr 01 16:32:58 fedora systemd[1]: Mounted var-lib-snapd-snap-snapd-25577.mount - Mount unit for snapd, revision 25577.
Apr 01 16:32:58 fedora systemd[1]: Mounted var-lib-snapd-snap-snapd-25935.mount - Mount unit for snapd, revision 25935.
Apr 01 16:32:58 fedora kernel: mt7921e 0000:03:00.0: WM Firmware Version: ____010000, Build Time: 20250625153703
Apr 01 16:32:58 fedora systemd[1]: Mounting boot-efi.mount - /boot/efi...
Apr 01 16:32:58 fedora kernel: nvidia-modeset: Loading NVIDIA UNIX Open Kernel Mode Setting Driver for x86_64  580.126.18  Release Build  (dvs-builder@U22-I3-H04-01-6)  Wed Feb 11 18:19:14 UTC 2026
Apr 01 16:32:58 fedora kernel: [drm] [nvidia-drm] [GPU ID 0x00000100] Loading driver
Apr 01 16:32:58 fedora systemd[1]: Mounted boot-efi.mount - /boot/efi.
Apr 01 16:32:58 fedora systemd[1]: Reached target local-fs.target - Local File Systems.
Apr 01 16:32:58 fedora systemd[1]: Listening on systemd-bootctl.socket - Boot Entries Service Socket.
Apr 01 16:32:58 fedora systemd[1]: Listening on systemd-sysext.socket - System Extension Image Management.
Apr 01 16:32:58 fedora systemd[1]: import-state.service - Import network configuration from initramfs was skipped because of an unmet condition check (ConditionDirectoryNotEmpty=/run/initramfs/state).
Apr 01 16:32:58 fedora systemd[1]: Starting plymouth-read-write.service - Tell Plymouth To Write Out Runtime Data...
Apr 01 16:32:58 fedora systemd[1]: selinux-autorelabel-mark.service - Mark the need to relabel after reboot was skipped because of an unmet condition check (ConditionSecurity=!selinux).
Apr 01 16:32:58 fedora systemd[1]: Starting systemd-binfmt.service - Set Up Additional Binary Formats...
Apr 01 16:32:58 fedora systemd[1]: systemd-boot-random-seed.service - Update Boot Loader Random Seed was skipped because no trigger condition checks were met.
Apr 01 16:32:58 fedora systemd[1]: systemd-confext.service - Merge System Configuration Images into /etc/ was skipped because no trigger condition checks were met.
Apr 01 16:32:58 fedora systemd[1]: systemd-sysext.service - Merge System Extension Images into /usr/ and /opt/ was skipped because no trigger condition checks were met.
Apr 01 16:32:58 fedora systemd[1]: Starting systemd-tmpfiles-setup.service - Create System Files and Directories...
Apr 01 16:32:58 fedora systemd[1]: proc-sys-fs-binfmt_misc.automount: Got automount request for /proc/sys/fs/binfmt_misc, triggered by 928 (systemd-binfmt)
Apr 01 16:32:58 fedora kernel: input: HD-Audio Generic Mic as /devices/pci0000:00/0000:00:08.1/0000:06:00.6/sound/card1/input26
Apr 01 16:32:58 fedora kernel: input: HD-Audio Generic Headphone as /devices/pci0000:00/0000:00:08.1/0000:06:00.6/sound/card1/input27
Apr 01 16:32:58 fedora systemd[1]: systemd-ask-password-console.path - Dispatch Password Requests to Console Directory Watch was skipped because of an unmet condition check (ConditionPathExists=!/run/plymouth/pid).
Apr 01 16:32:58 fedora systemd[1]: fips-crypto-policy-overlay.service - Bind-mount FIPS crypto-policy in FIPS mode was skipped because of an unmet condition check (ConditionKernelCommandLine=fips=1).
Apr 01 16:32:58 fedora systemd[1]: import-state.service - Import network configuration from initramfs was skipped because of an unmet condition check (ConditionDirectoryNotEmpty=/run/initramfs/state).
Apr 01 16:32:58 fedora systemd[1]: iscsi-onboot.service - Special handling of early boot iSCSI sessions was skipped because of an unmet condition check (ConditionDirectoryNotEmpty=/sys/class/iscsi_session).
Apr 01 16:32:58 fedora systemd[1]: iscsi-starter.service was skipped because of an unmet condition check (ConditionDirectoryNotEmpty=/var/lib/iscsi/nodes).
Apr 01 16:32:58 fedora systemd[1]: Starting modprobe@dm_mod.service - Load Kernel Module dm_mod...
Apr 01 16:32:58 fedora systemd[1]: Starting modprobe@efi_pstore.service - Load Kernel Module efi_pstore...
Apr 01 16:32:58 fedora systemd[1]: Starting modprobe@loop.service - Load Kernel Module loop...
Apr 01 16:32:58 fedora systemd[1]: selinux-autorelabel-mark.service - Mark the need to relabel after reboot was skipped because of an unmet condition check (ConditionSecurity=!selinux).
Apr 01 16:32:58 fedora systemd[1]: systemd-boot-random-seed.service - Update Boot Loader Random Seed was skipped because no trigger condition checks were met.
Apr 01 16:32:58 fedora systemd[1]: systemd-confext.service - Merge System Configuration Images into /etc/ was skipped because no trigger condition checks were met.
Apr 01 16:32:58 fedora systemd[1]: systemd-hibernate-clear.service - Clear Stale Hibernate Storage Info was skipped because of an unmet condition check (ConditionPathExists=/sys/firmware/efi/efivars/HibernateLocation-8cf2644b-4b0b-428f-9387-6d876050dc67).
Apr 01 16:32:58 fedora systemd[1]: systemd-hwdb-update.service - Rebuild Hardware Database was skipped because of an unmet condition check (ConditionNeedsUpdate=/etc).
Apr 01 16:32:58 fedora systemd[1]: systemd-pcrmachine.service - TPM PCR Machine ID Measurement was skipped because of an unmet condition check (ConditionSecurity=measured-uki).
Apr 01 16:32:58 fedora systemd[1]: systemd-sysext.service - Merge System Extension Images into /usr/ and /opt/ was skipped because no trigger condition checks were met.
Apr 01 16:32:58 fedora systemd[1]: systemd-sysusers.service - Create System Users was skipped because no trigger condition checks were met.
Apr 01 16:32:58 fedora systemd[1]: systemd-tpm2-setup-early.service - Early TPM SRK Setup was skipped because of an unmet condition check (ConditionSecurity=measured-uki).
Apr 01 16:32:58 fedora systemd[1]: systemd-tpm2-setup.service - TPM SRK Setup was skipped because of an unmet condition check (ConditionSecurity=measured-uki).
Apr 01 16:32:58 fedora systemd[1]: modprobe@dm_mod.service: Deactivated successfully.
Apr 01 16:32:58 fedora systemd[1]: Finished modprobe@dm_mod.service - Load Kernel Module dm_mod.
Apr 01 16:32:58 fedora audit[1]: SERVICE_START pid=1 uid=0 auid=4294967295 ses=4294967295 subj=system_u:system_r:init_t:s0 msg='unit=modprobe@dm_mod comm="systemd" exe="/usr/lib/systemd/systemd" hostname=? addr=? terminal=? res=success'
Apr 01 16:32:58 fedora audit[1]: SERVICE_STOP pid=1 uid=0 auid=4294967295 ses=4294967295 subj=system_u:system_r:init_t:s0 msg='unit=modprobe@dm_mod comm="systemd" exe="/usr/lib/systemd/systemd" hostname=? addr=? terminal=? res=success'
Apr 01 16:32:58 fedora systemd[1]: modprobe@efi_pstore.service: Deactivated successfully.
Apr 01 16:32:58 fedora systemd[1]: Finished modprobe@efi_pstore.service - Load Kernel Module efi_pstore.
Apr 01 16:32:58 fedora audit[1]: SERVICE_START pid=1 uid=0 auid=4294967295 ses=4294967295 subj=system_u:system_r:init_t:s0 msg='unit=modprobe@efi_pstore comm="systemd" exe="/usr/lib/systemd/systemd" hostname=? addr=? terminal=? res=success'
Apr 01 16:32:58 fedora audit[1]: SERVICE_STOP pid=1 uid=0 auid=4294967295 ses=4294967295 subj=system_u:system_r:init_t:s0 msg='unit=modprobe@efi_pstore comm="systemd" exe="/usr/lib/systemd/systemd" hostname=? addr=? terminal=? res=success'
Apr 01 16:32:58 fedora systemd[1]: modprobe@loop.service: Deactivated successfully.
Apr 01 16:32:58 fedora systemd[1]: Finished modprobe@loop.service - Load Kernel Module loop.
Apr 01 16:32:58 fedora audit[1]: SERVICE_START pid=1 uid=0 auid=4294967295 ses=4294967295 subj=system_u:system_r:init_t:s0 msg='unit=modprobe@loop comm="systemd" exe="/usr/lib/systemd/systemd" hostname=? addr=? terminal=? res=success'
Apr 01 16:32:58 fedora audit[1]: SERVICE_STOP pid=1 uid=0 auid=4294967295 ses=4294967295 subj=system_u:system_r:init_t:s0 msg='unit=modprobe@loop comm="systemd" exe="/usr/lib/systemd/systemd" hostname=? addr=? terminal=? res=success'
Apr 01 16:32:58 fedora systemd[1]: systemd-pstore.service - Platform Persistent Storage Archival was skipped because of an unmet condition check (ConditionDirectoryNotEmpty=/sys/fs/pstore).
Apr 01 16:32:58 fedora systemd[1]: systemd-repart.service - Repartition Root Disk was skipped because no trigger condition checks were met.
Apr 01 16:32:58 fedora kernel: ACPI Warning: \_SB.NPCF._DSM: Argument #4 type mismatch - Found [Buffer], ACPI requires [Package] (20250807/nsarguments-61)
Apr 01 16:32:58 fedora kernel: ACPI Warning: \_SB.PCI0.GPP0.PEGP._DSM: Argument #4 type mismatch - Found [Buffer], ACPI requires [Package] (20250807/nsarguments-61)
Apr 01 16:32:58 fedora kernel: NVRM: testIfDsmSubFunctionEnabled: GPS ACPI DSM called before _acpiDsmSupportedFuncCacheInit subfunction = 11.
Apr 01 16:32:58 fedora kernel: ACPI BIOS Error (bug): Could not resolve symbol [\_SB.PCI0.GPP0.PEGP.GPS.NVD1], AE_NOT_FOUND (20250807/psargs-332)
Apr 01 16:32:58 fedora kernel: ACPI Error: Aborting method \_SB.PCI0.GPP0.PEGP.GPS due to previous error (AE_NOT_FOUND) (20250807/psparse-529)
Apr 01 16:32:58 fedora kernel: ACPI Error: Aborting method \_SB.PCI0.GPP0.PEGP._DSM due to previous error (AE_NOT_FOUND) (20250807/psparse-529)
Apr 01 16:32:58 fedora kernel: NVRM: _acpiDsmCallbackInit: SBIOS suggested GPS_2X supports function 517, but the call failed!
Apr 01 16:32:58 fedora kernel: NVRM: testIfDsmSubFunctionEnabled: GPS ACPI DSM called before _acpiDsmSupportedFuncCacheInit subfunction = 13.
Apr 01 16:32:58 fedora systemd[1]: Finished systemd-tmpfiles-setup.service - Create System Files and Directories.
Apr 01 16:32:59 fedora kernel: mt7921e 0000:03:00.0 wlo1: renamed from wlan0
Apr 01 16:32:59 fedora wireless[951]: setting regulatory domain to IN based on timezone (Asia/Kolkata)
Apr 01 16:32:59 fedora audit[1]: SERVICE_START pid=1 uid=0 auid=4294967295 ses=4294967295 subj=system_u:system_r:init_t:s0 msg='unit=systemd-tmpfiles-setup comm="systemd" exe="/usr/lib/systemd/systemd" hostname=? addr=? terminal=? res=success'
Apr 01 16:32:59 fedora systemd[1]: Mounting proc-sys-fs-binfmt_misc.mount - Arbitrary Executable File Formats File System...
Apr 01 16:32:59 fedora systemd[1]: Mounting var-lib-nfs-rpc_pipefs.mount - RPC Pipe File System...
Apr 01 16:32:59 fedora systemd[1]: Starting auditd.service - Security Audit Logging Service...
Apr 01 16:32:59 fedora systemd[1]: ldconfig.service - Rebuild Dynamic Linker Cache was skipped because no trigger condition checks were met.
Apr 01 16:32:59 fedora systemd[1]: systemd-firstboot.service - First Boot Wizard was skipped because of an unmet condition check (ConditionFirstBoot=yes).
Apr 01 16:32:59 fedora systemd[1]: first-boot-complete.target - First Boot Complete was skipped because of an unmet condition check (ConditionFirstBoot=yes).
Apr 01 16:32:59 fedora systemd[1]: systemd-journal-catalog-update.service - Rebuild Journal Catalog was skipped because of an unmet condition check (ConditionNeedsUpdate=/var).
Apr 01 16:32:59 fedora systemd[1]: systemd-machine-id-commit.service - Save Transient machine-id to Disk was skipped because of an unmet condition check (ConditionPathIsMountPoint=/etc/machine-id).
Apr 01 16:32:59 fedora audit: BPF prog-id=56 op=LOAD
Apr 01 16:32:59 fedora audit: BPF prog-id=57 op=LOAD
Apr 01 16:32:59 fedora audit: BPF prog-id=58 op=LOAD
Apr 01 16:32:59 fedora systemd[1]: Starting systemd-oomd.service - Userspace Out-Of-Memory (OOM) Killer...
Apr 01 16:32:59 fedora audit: BPF prog-id=59 op=LOAD
Apr 01 16:32:59 fedora systemd[1]: Starting systemd-resolved.service - Network Name Resolution...
Apr 01 16:32:59 fedora systemd[1]: systemd-update-done.service - Update is Completed was skipped because no trigger condition checks were met.
Apr 01 16:32:59 fedora auditd[961]: No plugins found, not dispatching events
Apr 01 16:32:59 fedora audit: CONFIG_CHANGE op=set audit_enabled=1 old=1 auid=4294967295 ses=4294967295 subj=system_u:system_r:auditd_t:s0 res=1
Apr 01 16:32:59 fedora audit[961]: SYSCALL arch=c000003e syscall=44 success=yes exit=60 a0=3 a1=7ffc089fe580 a2=3c a3=0 items=0 ppid=956 pid=961 auid=4294967295 uid=0 gid=0 euid=0 suid=0 fsuid=0 egid=0 sgid=0 fsgid=0 tty=(none) ses=4294967295 comm="auditd" exe="/usr/bin/auditd" subj=system_u:system_r:auditd_t:s0 key=(null)
Apr 01 16:32:59 fedora audit: PROCTITLE proctitle="/usr/bin/auditd"
Apr 01 16:32:59 fedora audit: CONFIG_CHANGE op=set audit_pid=961 old=0 auid=4294967295 ses=4294967295 subj=system_u:system_r:auditd_t:s0 res=1
Apr 01 16:32:59 fedora audit[961]: SYSCALL arch=c000003e syscall=44 success=yes exit=60 a0=3 a1=7ffc089fc240 a2=3c a3=0 items=0 ppid=956 pid=961 auid=4294967295 uid=0 gid=0 euid=0 suid=0 fsuid=0 egid=0 sgid=0 fsgid=0 tty=(none) ses=4294967295 comm="auditd" exe="/usr/bin/auditd" subj=system_u:system_r:auditd_t:s0 key=(null)
Apr 01 16:32:59 fedora audit: PROCTITLE proctitle="/usr/bin/auditd"
Apr 01 16:32:59 fedora auditd[961]: Init complete, auditd 4.1.3 listening for events (startup state enable)
Apr 01 16:32:59 fedora systemd[1]: Mounted proc-sys-fs-binfmt_misc.mount - Arbitrary Executable File Formats File System.
Apr 01 16:32:59 fedora systemd[1]: Started auditd.service - Security Audit Logging Service.
Apr 01 16:32:59 fedora audit[1]: SERVICE_START pid=1 uid=0 auid=4294967295 ses=4294967295 subj=system_u:system_r:init_t:s0 msg='unit=auditd comm="systemd" exe="/usr/lib/systemd/systemd" hostname=? addr=? terminal=? res=success'
Apr 01 16:32:59 fedora kernel: NVRM: testIfDsmSubFunctionEnabled: GPS ACPI DSM called before _acpiDsmSupportedFuncCacheInit subfunction = 11.
Apr 01 16:32:59 fedora systemd[1]: Finished systemd-binfmt.service - Set Up Additional Binary Formats.
Apr 01 16:32:59 fedora audit[1]: SERVICE_START pid=1 uid=0 auid=4294967295 ses=4294967295 subj=system_u:system_r:init_t:s0 msg='unit=systemd-binfmt comm="systemd" exe="/usr/lib/systemd/systemd" hostname=? addr=? terminal=? res=success'
Apr 01 16:32:59 fedora systemd[1]: Starting audit-rules.service - Load Audit Rules...
Apr 01 16:32:59 fedora systemd[1]: Starting systemd-update-utmp.service - Record System Boot/Shutdown in UTMP...
Apr 01 16:32:59 fedora audit[970]: SYSTEM_BOOT pid=970 uid=0 auid=4294967295 ses=4294967295 subj=system_u:system_r:init_t:s0 msg=' comm="systemd-update-utmp" exe="/usr/lib/systemd/systemd-update-utmp" hostname=? addr=? terminal=? res=success'
Apr 01 16:32:59 fedora systemd[1]: Finished systemd-update-utmp.service - Record System Boot/Shutdown in UTMP.
Apr 01 16:32:59 fedora audit[1]: SERVICE_START pid=1 uid=0 auid=4294967295 ses=4294967295 subj=system_u:system_r:init_t:s0 msg='unit=systemd-update-utmp comm="systemd" exe="/usr/lib/systemd/systemd" hostname=? addr=? terminal=? res=success'
Apr 01 16:32:59 fedora augenrules[969]: /usr/bin/augenrules: No change
Apr 01 16:32:59 fedora audit: CONFIG_CHANGE auid=4294967295 ses=4294967295 subj=system_u:system_r:unconfined_service_t:s0 op=add_rule key=(null) list=1 res=1
Apr 01 16:32:59 fedora audit[986]: SYSCALL arch=c000003e syscall=44 success=yes exit=1056 a0=3 a1=7ffe01c356e0 a2=420 a3=0 items=0 ppid=969 pid=986 auid=4294967295 uid=0 gid=0 euid=0 suid=0 fsuid=0 egid=0 sgid=0 fsgid=0 tty=(none) ses=4294967295 comm="auditctl" exe="/usr/bin/auditctl" subj=system_u:system_r:unconfined_service_t:s0 key=(null)
Apr 01 16:32:59 fedora audit: PROCTITLE proctitle=2F7573722F62696E2F617564697463746C002D52002F6574632F61756469742F61756469742E72756C6573
Apr 01 16:32:59 fedora augenrules[986]: No rules
Apr 01 16:32:59 fedora systemd[1]: audit-rules.service: Deactivated successfully.
Apr 01 16:32:59 fedora systemd[1]: Finished audit-rules.service - Load Audit Rules.
Apr 01 16:32:59 fedora audit[1]: SERVICE_START pid=1 uid=0 auid=4294967295 ses=4294967295 subj=system_u:system_r:init_t:s0 msg='unit=audit-rules comm="systemd" exe="/usr/lib/systemd/systemd" hostname=? addr=? terminal=? res=success'
Apr 01 16:32:59 fedora audit[1]: SERVICE_STOP pid=1 uid=0 auid=4294967295 ses=4294967295 subj=system_u:system_r:init_t:s0 msg='unit=audit-rules comm="systemd" exe="/usr/lib/systemd/systemd" hostname=? addr=? terminal=? res=success'
Apr 01 16:32:59 fedora systemd[1]: Finished plymouth-read-write.service - Tell Plymouth To Write Out Runtime Data.
Apr 01 16:32:59 fedora audit[1]: SERVICE_START pid=1 uid=0 auid=4294967295 ses=4294967295 subj=system_u:system_r:init_t:s0 msg='unit=plymouth-read-write comm="systemd" exe="/usr/lib/systemd/systemd" hostname=? addr=? terminal=? res=success'
Apr 01 16:32:59 fedora systemd[1]: Received SIGRTMIN+20 from PID 480 (plymouthd).
Apr 01 16:32:59 fedora systemd[1]: Started systemd-oomd.service - Userspace Out-Of-Memory (OOM) Killer.
Apr 01 16:32:59 fedora audit[1]: SERVICE_START pid=1 uid=0 auid=4294967295 ses=4294967295 subj=system_u:system_r:init_t:s0 msg='unit=systemd-oomd comm="systemd" exe="/usr/lib/systemd/systemd" hostname=? addr=? terminal=? res=success'
Apr 01 16:32:59 fedora systemd-resolved[960]: Positive Trust Anchors:
Apr 01 16:32:59 fedora systemd-resolved[960]: . IN DS 20326 8 2 e06d44b80b8f1d39a95c0b0d7c65d08458e880409bbc683457104237c7f8ec8d
Apr 01 16:32:59 fedora systemd-resolved[960]: . IN DS 38696 8 2 683d2d0acb8c9b712a1948b27f741219298d0a450d612c483af444a4c0fb2b16
Apr 01 16:32:59 fedora systemd-resolved[960]: Negative trust anchors: home.arpa 10.in-addr.arpa 16.172.in-addr.arpa 17.172.in-addr.arpa 18.172.in-addr.arpa 19.172.in-addr.arpa 20.172.in-addr.arpa 21.172.in-addr.arpa 22.172.in-addr.arpa 23.172.in-addr.arpa 24.172.in-addr.arpa 25.172.in-addr.arpa 26.172.in-addr.arpa 27.172.in-addr.arpa 28.172.in-addr.arpa 29.172.in-addr.arpa 30.172.in-addr.arpa 31.172.in-addr.arpa 170.0.0.192.in-addr.arpa 171.0.0.192.in-addr.arpa 168.192.in-addr.arpa d.f.ip6.arpa ipv4only.arpa resolver.arpa corp home internal intranet lan local private test
Apr 01 16:32:59 fedora kernel: RPC: Registered named UNIX socket transport module.
Apr 01 16:32:59 fedora kernel: RPC: Registered udp transport module.
Apr 01 16:32:59 fedora kernel: RPC: Registered tcp transport module.
Apr 01 16:32:59 fedora kernel: RPC: Registered tcp-with-tls transport module.
Apr 01 16:32:59 fedora kernel: RPC: Registered tcp NFSv4.1 backchannel transport module.
Apr 01 16:32:59 fedora systemd[1]: Mounted var-lib-nfs-rpc_pipefs.mount - RPC Pipe File System.
Apr 01 16:32:59 fedora systemd[1]: Reached target rpc_pipefs.target.
Apr 01 16:32:59 fedora systemd-resolved[960]: Using system hostname 'fedora'.
Apr 01 16:32:59 fedora systemd[1]: Started systemd-resolved.service - Network Name Resolution.
Apr 01 16:32:59 fedora audit[1]: SERVICE_START pid=1 uid=0 auid=4294967295 ses=4294967295 subj=system_u:system_r:init_t:s0 msg='unit=systemd-resolved comm="systemd" exe="/usr/lib/systemd/systemd" hostname=? addr=? terminal=? res=success'
Apr 01 16:32:59 fedora systemd[1]: Reached target nss-lookup.target - Host and Network Name Lookups.
Apr 01 16:32:59 fedora systemd[1]: Reached target sysinit.target - System Initialization.
Apr 01 16:32:59 fedora systemd[1]: Started cups.path - CUPS Scheduler.
Apr 01 16:32:59 fedora systemd[1]: Created slice system-cups.slice - CUPS Slice.
Apr 01 16:32:59 fedora systemd[1]: Started dnf-makecache.timer - dnf5 makecache.
Apr 01 16:32:59 fedora systemd[1]: Started fstrim.timer - Discard unused filesystem blocks once a week.
Apr 01 16:32:59 fedora systemd[1]: Started logrotate.timer - Daily rotation of log files.
Apr 01 16:32:59 fedora systemd[1]: Started plocate-updatedb.timer - Update the plocate database daily.
Apr 01 16:32:59 fedora systemd[1]: Started raid-check.timer - Weekly RAID setup health check.
Apr 01 16:32:59 fedora systemd[1]: Started systemd-tmpfiles-clean.timer - Daily Cleanup of Temporary Directories.
Apr 01 16:32:59 fedora systemd[1]: Started unbound-anchor.timer - daily update of the root trust anchor for DNSSEC.
Apr 01 16:32:59 fedora systemd[1]: Reached target paths.target - Path Units.
Apr 01 16:32:59 fedora systemd[1]: Reached target timers.target - Timer Units.
Apr 01 16:32:59 fedora systemd[1]: Listening on avahi-daemon.socket - Avahi mDNS/DNS-SD Stack Activation Socket.
Apr 01 16:32:59 fedora systemd[1]: Listening on cups.socket - CUPS Scheduler.
Apr 01 16:32:59 fedora systemd[1]: Listening on dbus.socket - D-Bus System Message Bus Socket.
Apr 01 16:32:59 fedora systemd[1]: Listening on iscsid.socket - Open-iSCSI iscsid Socket.
Apr 01 16:32:59 fedora systemd[1]: Listening on iscsiuio.socket - Open-iSCSI iscsiuio Socket.
Apr 01 16:32:59 fedora systemd[1]: Listening on pcscd.socket - PC/SC Smart Card Daemon Activation Socket.
Apr 01 16:32:59 fedora kernel: [drm] Initialized nvidia-drm 0.0.0 for 0000:01:00.0 on minor 1
Apr 01 16:32:59 fedora systemd[1]: Starting snapd.socket - Socket activation for snappy daemon...
Apr 01 16:32:59 fedora systemd[1]: Listening on sshd-unix-local.socket - OpenSSH Server Socket (systemd-ssh-generator, AF_UNIX Local).
Apr 01 16:32:59 fedora systemd[1]: Listening on sssd-kcm.socket - SSSD Kerberos Cache Manager responder socket.
Apr 01 16:32:59 fedora systemd[1]: Listening on systemd-hostnamed.socket - Hostname Service Socket.
Apr 01 16:32:59 fedora systemd[1]: Listening on virtinterfaced.socket - libvirt interface daemon socket.
Apr 01 16:32:59 fedora systemd[1]: Listening on virtinterfaced-admin.socket - libvirt interface daemon admin socket.
Apr 01 16:32:59 fedora systemd[1]: Listening on virtinterfaced-ro.socket - libvirt interface daemon read-only socket.
Apr 01 16:32:59 fedora systemd[1]: Listening on virtlockd.socket - libvirt locking daemon socket.
Apr 01 16:32:59 fedora systemd[1]: Listening on virtlockd-admin.socket - libvirt locking daemon admin socket.
Apr 01 16:32:59 fedora systemd[1]: Listening on virtlogd.socket - libvirt logging daemon socket.
Apr 01 16:32:59 fedora systemd[1]: Listening on virtlogd-admin.socket - libvirt logging daemon admin socket.
Apr 01 16:32:59 fedora systemd[1]: Listening on virtnetworkd.socket - libvirt network daemon socket.
Apr 01 16:32:59 fedora systemd[1]: Listening on virtnetworkd-admin.socket - libvirt network daemon admin socket.
Apr 01 16:32:59 fedora systemd[1]: Listening on virtnetworkd-ro.socket - libvirt network daemon read-only socket.
Apr 01 16:32:59 fedora systemd[1]: Listening on virtnodedevd.socket - libvirt nodedev daemon socket.
Apr 01 16:32:59 fedora systemd[1]: Listening on virtnodedevd-admin.socket - libvirt nodedev daemon admin socket.
Apr 01 16:32:59 fedora systemd[1]: Listening on virtnodedevd-ro.socket - libvirt nodedev daemon read-only socket.
Apr 01 16:32:59 fedora systemd[1]: Listening on virtnwfilterd.socket - libvirt nwfilter daemon socket.
Apr 01 16:32:59 fedora systemd[1]: Listening on virtnwfilterd-admin.socket - libvirt nwfilter daemon admin socket.
Apr 01 16:32:59 fedora systemd[1]: Listening on virtnwfilterd-ro.socket - libvirt nwfilter daemon read-only socket.
Apr 01 16:32:59 fedora systemd[1]: Listening on virtproxyd.socket - libvirt proxy daemon socket.
Apr 01 16:32:59 fedora systemd[1]: Listening on virtproxyd-admin.socket - libvirt proxy daemon admin socket.
Apr 01 16:32:59 fedora systemd[1]: Listening on virtproxyd-ro.socket - libvirt proxy daemon read-only socket.
Apr 01 16:32:59 fedora systemd[1]: Listening on virtqemud.socket - libvirt QEMU daemon socket.
Apr 01 16:32:59 fedora systemd[1]: Listening on virtqemud-admin.socket - libvirt QEMU daemon admin socket.
Apr 01 16:32:59 fedora systemd[1]: Listening on virtqemud-ro.socket - libvirt QEMU daemon read-only socket.
Apr 01 16:32:59 fedora systemd[1]: Listening on virtsecretd.socket - libvirt secret daemon socket.
Apr 01 16:32:59 fedora systemd[1]: Listening on virtsecretd-admin.socket - libvirt secret daemon admin socket.
Apr 01 16:32:59 fedora systemd[1]: Listening on virtsecretd-ro.socket - libvirt secret daemon read-only socket.
Apr 01 16:32:59 fedora systemd[1]: Listening on virtstoraged.socket - libvirt storage daemon socket.
Apr 01 16:32:59 fedora systemd[1]: Listening on virtstoraged-admin.socket - libvirt storage daemon admin socket.
Apr 01 16:32:59 fedora systemd[1]: Listening on virtstoraged-ro.socket - libvirt storage daemon read-only socket.
Apr 01 16:32:59 fedora audit: BPF prog-id=60 op=LOAD
Apr 01 16:32:59 fedora systemd[1]: Starting dbus-broker.service - D-Bus System Message Bus...
Apr 01 16:32:59 fedora systemd[1]: systemd-pcrphase-sysinit.service - TPM PCR Barrier (Initialization) was skipped because of an unmet condition check (ConditionSecurity=measured-uki).
Apr 01 16:32:59 fedora systemd[1]: Listening on snapd.socket - Socket activation for snappy daemon.
Apr 01 16:32:59 fedora systemd[1]: Reached target sockets.target - Socket Units.
Apr 01 16:32:59 fedora kernel: nvidia 0000:01:00.0: vgaarb: deactivate vga console
Apr 01 16:32:59 fedora systemd[1]: Started dbus-broker.service - D-Bus System Message Bus.
Apr 01 16:32:59 fedora audit[1]: SERVICE_START pid=1 uid=0 auid=4294967295 ses=4294967295 subj=system_u:system_r:init_t:s0 msg='unit=dbus-broker comm="systemd" exe="/usr/lib/systemd/systemd" hostname=? addr=? terminal=? res=success'
Apr 01 16:32:59 fedora systemd[1]: Reached target basic.target - Basic System.
Apr 01 16:32:59 fedora kernel: fbcon: nvidia-drmdrmfb (fb0) is primary device
Apr 01 16:32:59 fedora kernel: fbcon: Deferring console take-over
Apr 01 16:32:59 fedora kernel: nvidia 0000:01:00.0: [drm] fb0: nvidia-drmdrmfb frame buffer device
Apr 01 16:32:59 fedora audit: BPF prog-id=61 op=LOAD
Apr 01 16:32:59 fedora systemd[1]: Starting abrtd.service - ABRT Daemon...
Apr 01 16:32:59 fedora systemd[1]: akmods-keygen@akmods-keygen.service - Akmods Secure boot MOK Key Generation was skipped because no trigger condition checks were met.
Apr 01 16:32:59 fedora systemd[1]: Reached target akmods-keygen.target.
Apr 01 16:32:59 fedora systemd[1]: Starting akmods.service - Builds and install new kmods from akmod packages...
Apr 01 16:32:59 fedora systemd[1]: Starting avahi-daemon.service - Avahi mDNS/DNS-SD Stack...
Apr 01 16:32:59 fedora systemd[1]: Starting bluetooth.service - Bluetooth service...
Apr 01 16:32:59 fedora systemd[1]: Starting dkms.service - Builds and install new kernel modules through DKMS...
Apr 01 16:32:59 fedora systemd[1]: Starting dracut-shutdown.service - Restore /run/initramfs on shutdown...
Apr 01 16:32:59 fedora systemd[1]: flatpak-add-fedora-repos.service - Add Fedora flatpak repositories was skipped because of an unmet condition check (ConditionPathExists=!/var/lib/flatpak/.fedora-initialized).
Apr 01 16:32:59 fedora dbus-broker-launch[998]: Ready
Apr 01 16:32:59 fedora audit: BPF prog-id=62 op=LOAD
Apr 01 16:32:59 fedora audit: BPF prog-id=63 op=LOAD
Apr 01 16:32:59 fedora systemd[1]: Started irqbalance.service - irqbalance daemon.
Apr 01 16:32:59 fedora audit[1]: SERVICE_START pid=1 uid=0 auid=4294967295 ses=4294967295 subj=system_u:system_r:init_t:s0 msg='unit=irqbalance comm="systemd" exe="/usr/lib/systemd/systemd" hostname=? addr=? terminal=? res=success'
Apr 01 16:32:59 fedora systemd[1]: Started keyd.service - key remapping daemon.
Apr 01 16:32:59 fedora audit[1]: SERVICE_START pid=1 uid=0 auid=4294967295 ses=4294967295 subj=system_u:system_r:init_t:s0 msg='unit=keyd comm="systemd" exe="/usr/lib/systemd/systemd" hostname=? addr=? terminal=? res=success'
Apr 01 16:32:59 fedora systemd[1]: livesys.service - Initialization for live environments was skipped because of an unmet condition check (ConditionKernelCommandLine=rd.live.image).
Apr 01 16:32:59 fedora systemd[1]: livesys-late.service - Late Initialization for live environments was skipped because of an unmet condition check (ConditionKernelCommandLine=rd.live.image).
Apr 01 16:32:59 fedora audit: BPF prog-id=64 op=LOAD
Apr 01 16:32:59 fedora systemd[1]: Starting chronyd.service - NTP client/server...
Apr 01 16:32:59 fedora audit: BPF prog-id=65 op=LOAD
Apr 01 16:32:59 fedora systemd[1]: Started low-memory-monitor.service - Low Memory Monitor.
Apr 01 16:32:59 fedora systemd[1]: mcelog.service - Machine Check Exception Logging Daemon was skipped because of an unmet condition check (ConditionPathExists=!/sys/module/edac_mce_amd/initstate).
Apr 01 16:32:59 fedora systemd[1]: mdmonitor.service - Software RAID monitoring and management was skipped because of an unmet condition check (ConditionPathExists=/etc/mdadm.conf).
Apr 01 16:32:59 fedora audit[1]: SERVICE_START pid=1 uid=0 auid=4294967295 ses=4294967295 subj=system_u:system_r:init_t:s0 msg='unit=low-memory-monitor comm="systemd" exe="/usr/lib/systemd/systemd" hostname=? addr=? terminal=? res=success'
Apr 01 16:32:59 fedora systemd[1]: Started nvidia-powerd.service - nvidia-powerd service.
Apr 01 16:32:59 fedora audit[1]: SERVICE_START pid=1 uid=0 auid=4294967295 ses=4294967295 subj=system_u:system_r:init_t:s0 msg='unit=nvidia-powerd comm="systemd" exe="/usr/lib/systemd/systemd" hostname=? addr=? terminal=? res=success'
Apr 01 16:32:59 fedora audit: BPF prog-id=66 op=LOAD
Apr 01 16:32:59 fedora systemd[1]: Starting polkit.service - Authorization Manager...
Apr 01 16:33:00 fedora systemd[1]: Starting rtkit-daemon.service - RealtimeKit Scheduling Policy Service...
Apr 01 16:33:00 fedora systemd[1]: Starting smartd.service - Self Monitoring and Reporting Technology (SMART) Daemon...
Apr 01 16:33:00 fedora systemd[1]: sssd.service - System Security Services Daemon was skipped because no trigger condition checks were met.
Apr 01 16:33:00 fedora systemd[1]: Reached target nss-user-lookup.target - User and Group Name Lookups.
Apr 01 16:33:00 fedora audit: BPF prog-id=67 op=LOAD
Apr 01 16:33:00 fedora systemd[1]: Starting accounts-daemon.service - Accounts Service...
Apr 01 16:33:00 fedora systemd[1]: Starting switcheroo-control.service - Switcheroo Control Proxy service...
Apr 01 16:33:00 fedora audit: BPF prog-id=68 op=LOAD
Apr 01 16:33:00 fedora nvidia-powerd[1017]: nvidia-powerd version:2.0 (build 1)
Apr 01 16:33:00 fedora systemd[1]: Starting systemd-homed.service - Home Area Manager...
Apr 01 16:33:00 fedora audit: BPF prog-id=69 op=LOAD
Apr 01 16:33:00 fedora nvidia-powerd[1017]: DBus Connection is established
Apr 01 16:33:00 fedora audit: BPF prog-id=70 op=LOAD
Apr 01 16:33:00 fedora audit: BPF prog-id=71 op=LOAD
Apr 01 16:33:00 fedora systemd[1]: Starting systemd-logind.service - User Login Management...
Apr 01 16:33:00 fedora audit: BPF prog-id=72 op=LOAD
Apr 01 16:33:00 fedora audit: BPF prog-id=73 op=LOAD
Apr 01 16:33:00 fedora systemd[1]: Starting systemd-machined.service - Virtual Machine and Container Registration Service...
Apr 01 16:33:00 fedora systemd[1]: Starting thermald.service - Thermal Daemon Service...
Apr 01 16:33:00 fedora systemd[1]: Starting udisks2.service - Disk Manager...
Apr 01 16:33:00 fedora audit: BPF prog-id=74 op=LOAD
Apr 01 16:33:00 fedora audit: BPF prog-id=75 op=LOAD
Apr 01 16:33:00 fedora systemd[1]: Starting upower.service - Daemon for power management...
Apr 01 16:33:00 fedora systemd[1]: vboxservice.service - VirtualBox guest services was skipped because no trigger condition checks were met.
Apr 01 16:33:00 fedora systemd[1]: vgauthd.service - VGAuth Service for open-vm-tools was skipped because of an unmet condition check (ConditionVirtualization=vmware).
Apr 01 16:33:00 fedora systemd[1]: vmtoolsd.service - Service for virtual machines hosted on VMware was skipped because of an unmet condition check (ConditionVirtualization=vmware).
Apr 01 16:33:00 fedora systemd[1]: Finished dracut-shutdown.service - Restore /run/initramfs on shutdown.
Apr 01 16:33:00 fedora audit[1]: SERVICE_START pid=1 uid=0 auid=4294967295 ses=4294967295 subj=system_u:system_r:init_t:s0 msg='unit=dracut-shutdown comm="systemd" exe="/usr/lib/systemd/systemd" hostname=? addr=? terminal=? res=success'
Apr 01 16:33:00 fedora kernel: nvme nvme0: using unchecked data buffer
Apr 01 16:33:00 fedora smartd[1033]: smartd 7.5 2025-04-30 r5714 [x86_64-linux-6.18.13-100.fc42.x86_64] (local build)
Apr 01 16:33:00 fedora systemd-homed[1047]: Watching /home.
Apr 01 16:33:00 fedora smartd[1033]: Opened configuration file /etc/smartmontools/smartd.conf
Apr 01 16:33:00 fedora smartd[1033]: Configuration file /etc/smartmontools/smartd.conf was parsed, found DEVICESCAN, scanning devices
Apr 01 16:33:00 fedora smartd[1033]: Device: /dev/nvme0, opened
Apr 01 16:33:00 fedora smartd[1033]: Device: /dev/nvme0, Micron MTFDKCD512QFM-1BD1AABLA, S/N:240546B1A1A1, FW:1002V3LN
Apr 01 16:33:00 fedora thermald[1068]: Unsupported cpu model or platform
Apr 01 16:33:00 fedora smartd[1033]: Device: /dev/nvme0, is SMART capable. Adding to "monitor" list.
Apr 01 16:33:00 fedora rtkit-daemon[1024]: Successfully called chroot.
Apr 01 16:33:00 fedora rtkit-daemon[1024]: Successfully dropped privileges.
Apr 01 16:33:00 fedora rtkit-daemon[1024]: Successfully limited resources.
Apr 01 16:33:00 fedora smartd[1033]: Device: /dev/nvme1, opened
Apr 01 16:33:00 fedora rtkit-daemon[1024]: Canary thread running.
Apr 01 16:33:00 fedora rtkit-daemon[1024]: Running.
Apr 01 16:33:00 fedora rtkit-daemon[1024]: Watchdog thread running.
Apr 01 16:33:00 fedora smartd[1033]: Device: /dev/nvme1, WD Blue SN5100 500GB, S/N:253265802907, FW:3523M0WD, 500 GB
Apr 01 16:33:00 fedora thermald[1068]: Try option --ignore-cpuid-check to disable this compatibility test
Apr 01 16:33:00 fedora smartd[1033]: Device: /dev/nvme1, is SMART capable. Adding to "monitor" list.
Apr 01 16:33:00 fedora smartd[1033]: Monitoring 0 ATA/SATA, 0 SCSI/SAS and 2 NVMe devices
Apr 01 16:33:00 fedora systemd[1]: thermald.service: Deactivated successfully.
Apr 01 16:33:00 fedora systemd[1]: Started thermald.service - Thermal Daemon Service.
Apr 01 16:33:00 fedora audit[1]: SERVICE_START pid=1 uid=0 auid=4294967295 ses=4294967295 subj=system_u:system_r:init_t:s0 msg='unit=thermald comm="systemd" exe="/usr/lib/systemd/systemd" hostname=? addr=? terminal=? res=success'
Apr 01 16:33:00 fedora audit[1]: SERVICE_STOP pid=1 uid=0 auid=4294967295 ses=4294967295 subj=system_u:system_r:init_t:s0 msg='unit=thermald comm="systemd" exe="/usr/lib/systemd/systemd" hostname=? addr=? terminal=? res=success'
Apr 01 16:33:00 fedora systemd[1]: Started smartd.service - Self Monitoring and Reporting Technology (SMART) Daemon.
Apr 01 16:33:00 fedora audit[1]: SERVICE_START pid=1 uid=0 auid=4294967295 ses=4294967295 subj=system_u:system_r:init_t:s0 msg='unit=smartd comm="systemd" exe="/usr/lib/systemd/systemd" hostname=? addr=? terminal=? res=success'
Apr 01 16:33:00 fedora avahi-daemon[1002]: Found user 'avahi' (UID 70) and group 'avahi' (GID 70).
Apr 01 16:33:00 fedora systemd[1]: Started rtkit-daemon.service - RealtimeKit Scheduling Policy Service.
Apr 01 16:33:00 fedora avahi-daemon[1002]: Successfully dropped root privileges.
Apr 01 16:33:00 fedora audit[1]: SERVICE_START pid=1 uid=0 auid=4294967295 ses=4294967295 subj=system_u:system_r:init_t:s0 msg='unit=rtkit-daemon comm="systemd" exe="/usr/lib/systemd/systemd" hostname=? addr=? terminal=? res=success'
Apr 01 16:33:00 fedora avahi-daemon[1002]: avahi-daemon 0.8 starting up.
Apr 01 16:33:00 fedora systemd[1]: Started systemd-machined.service - Virtual Machine and Container Registration Service.
Apr 01 16:33:00 fedora avahi-daemon[1002]: Successfully called chroot().
Apr 01 16:33:00 fedora avahi-daemon[1002]: Successfully dropped remaining capabilities.
Apr 01 16:33:00 fedora audit[1]: SERVICE_START pid=1 uid=0 auid=4294967295 ses=4294967295 subj=system_u:system_r:init_t:s0 msg='unit=systemd-machined comm="systemd" exe="/usr/lib/systemd/systemd" hostname=? addr=? terminal=? res=success'
Apr 01 16:33:00 fedora avahi-daemon[1002]: No service file found in /etc/avahi/services.
Apr 01 16:33:00 fedora systemd[1]: Started systemd-homed.service - Home Area Manager.
Apr 01 16:33:00 fedora audit[1]: SERVICE_START pid=1 uid=0 auid=4294967295 ses=4294967295 subj=system_u:system_r:init_t:s0 msg='unit=systemd-homed comm="systemd" exe="/usr/lib/systemd/systemd" hostname=? addr=? terminal=? res=success'
Apr 01 16:33:00 fedora systemd[1]: Started avahi-daemon.service - Avahi mDNS/DNS-SD Stack.
Apr 01 16:33:00 fedora audit[1]: SERVICE_START pid=1 uid=0 auid=4294967295 ses=4294967295 subj=system_u:system_r:init_t:s0 msg='unit=avahi-daemon comm="systemd" exe="/usr/lib/systemd/systemd" hostname=? addr=? terminal=? res=success'
Apr 01 16:33:00 fedora avahi-daemon[1002]: Joining mDNS multicast group on interface lo.IPv6 with address ::1.
Apr 01 16:33:00 fedora avahi-daemon[1002]: New relevant interface lo.IPv6 for mDNS.
Apr 01 16:33:00 fedora avahi-daemon[1002]: Joining mDNS multicast group on interface lo.IPv4 with address 127.0.0.1.
Apr 01 16:33:00 fedora avahi-daemon[1002]: New relevant interface lo.IPv4 for mDNS.
Apr 01 16:33:00 fedora avahi-daemon[1002]: Network interface enumeration completed.
Apr 01 16:33:00 fedora avahi-daemon[1002]: Registering new address record for ::1 on lo.*.
Apr 01 16:33:00 fedora avahi-daemon[1002]: Registering new address record for 127.0.0.1 on lo.IPv4.
Apr 01 16:33:00 fedora systemd[1]: Starting systemd-backlight@backlight:nvidia_0.service - Load/Save Screen Backlight Brightness of backlight:nvidia_0...
Apr 01 16:33:00 fedora systemd[1]: Finished systemd-homed-activate.service - Home Area Activation.
Apr 01 16:33:00 fedora audit[1]: SERVICE_START pid=1 uid=0 auid=4294967295 ses=4294967295 subj=system_u:system_r:init_t:s0 msg='unit=systemd-homed-activate comm="systemd" exe="/usr/lib/systemd/systemd" hostname=? addr=? terminal=? res=success'
Apr 01 16:33:00 fedora kernel: input: keyd virtual keyboard as /devices/virtual/input/input28
Apr 01 16:33:00 fedora bluetoothd[1003]: Bluetooth daemon 5.84
Apr 01 16:33:00 fedora systemd[1]: Started bluetooth.service - Bluetooth service.
Apr 01 16:33:00 fedora bluetoothd[1003]: Starting SDP server
Apr 01 16:33:00 fedora audit[1]: SERVICE_START pid=1 uid=0 auid=4294967295 ses=4294967295 subj=system_u:system_r:init_t:s0 msg='unit=bluetooth comm="systemd" exe="/usr/lib/systemd/systemd" hostname=? addr=? terminal=? res=success'
Apr 01 16:33:00 fedora systemd[1]: Reached target bluetooth.target - Bluetooth Support.
Apr 01 16:33:00 fedora systemd[1]: Started switcheroo-control.service - Switcheroo Control Proxy service.
Apr 01 16:33:00 fedora audit[1]: SERVICE_START pid=1 uid=0 auid=4294967295 ses=4294967295 subj=system_u:system_r:init_t:s0 msg='unit=switcheroo-control comm="systemd" exe="/usr/lib/systemd/systemd" hostname=? addr=? terminal=? res=success'
Apr 01 16:33:00 fedora (qbalance)[1010]: irqbalance.service: Referenced but unset environment variable evaluates to an empty string: IRQBALANCE_ARGS
Apr 01 16:33:00 fedora systemd[1]: Finished systemd-backlight@backlight:nvidia_0.service - Load/Save Screen Backlight Brightness of backlight:nvidia_0.
Apr 01 16:33:00 fedora audit[1]: SERVICE_START pid=1 uid=0 auid=4294967295 ses=4294967295 subj=system_u:system_r:init_t:s0 msg='unit=systemd-backlight@backlight:nvidia_0 comm="systemd" exe="/usr/lib/systemd/systemd" hostname=? addr=? terminal=? res=success'
Apr 01 16:33:00 fedora systemd[1]: alsa-restore.service - Save/Restore Sound Card State was skipped because of an unmet condition check (ConditionPathExists=!/etc/alsa/state-daemon.conf).
Apr 01 16:33:00 fedora systemd[1]: Started alsa-state.service - Manage Sound Card State (restore and store).
Apr 01 16:33:00 fedora audit[1]: SERVICE_START pid=1 uid=0 auid=4294967295 ses=4294967295 subj=system_u:system_r:init_t:s0 msg='unit=alsa-state comm="systemd" exe="/usr/lib/systemd/systemd" hostname=? addr=? terminal=? res=success'
Apr 01 16:33:00 fedora systemd[1]: Reached target sound.target - Sound Card.
Apr 01 16:33:00 fedora kernel: Bluetooth: BNEP (Ethernet Emulation) ver 1.3
Apr 01 16:33:00 fedora kernel: Bluetooth: BNEP filters: protocol multicast
Apr 01 16:33:00 fedora kernel: Bluetooth: BNEP socket layer initialized
Apr 01 16:33:00 fedora bluetoothd[1003]: Bluetooth management interface 1.23 initialized
Apr 01 16:33:00 fedora bluetoothd[1003]: Battery Provider Manager created
Apr 01 16:33:00 fedora alsactl[1131]: alsactl 1.2.15.2 daemon started
Apr 01 16:33:00 fedora kernel: Bluetooth: MGMT ver 1.23
Apr 01 16:33:00 fedora audit: BPF prog-id=76 op=LOAD
Apr 01 16:33:00 fedora audit: BPF prog-id=77 op=LOAD
Apr 01 16:33:00 fedora audit: BPF prog-id=78 op=LOAD
Apr 01 16:33:00 fedora systemd[1]: Starting systemd-hostnamed.service - Hostname Service...
Apr 01 16:33:00 fedora bluetoothd[1003]: Failed to set mode: Failed (0x03)
Apr 01 16:33:00 fedora chronyd[1014]: chronyd version 4.8 starting (+CMDMON +REFCLOCK +RTC +PRIVDROP +SCFILTER +SIGND +NTS +SECHASH +IPV6 +DEBUG)
Apr 01 16:33:00 fedora chronyd[1014]: Using leap second list /usr/share/zoneinfo/leap-seconds.list
Apr 01 16:33:00 fedora chronyd[1014]: Frequency -12.368 +/- 0.126 ppm read from /var/lib/chrony/drift
Apr 01 16:33:00 fedora chronyd[1014]: Loaded seccomp filter (level 2)
Apr 01 16:33:00 fedora systemd[1]: Started chronyd.service - NTP client/server.
Apr 01 16:33:00 fedora audit[1]: SERVICE_START pid=1 uid=0 auid=4294967295 ses=4294967295 subj=system_u:system_r:init_t:s0 msg='unit=chronyd comm="systemd" exe="/usr/lib/systemd/systemd" hostname=? addr=? terminal=? res=success'
Apr 01 16:33:00 fedora systemd-logind[1059]: New seat seat0.
Apr 01 16:33:00 fedora kernel: input: keyd virtual pointer as /devices/virtual/input/input29
Apr 01 16:33:00 fedora keyd[1012]: Starting keyd v2.6.0 ()
Apr 01 16:33:00 fedora systemd-logind[1059]: Watching system buttons on /dev/input/event0 (Power Button)
Apr 01 16:33:00 fedora systemd-logind[1059]: Watching system buttons on /dev/input/event1 (Lid Switch)
Apr 01 16:33:00 fedora systemd-logind[1059]: Watching system buttons on /dev/input/event4 (HID 1bcf:08a0 Keyboard)
Apr 01 16:33:00 fedora systemd-logind[1059]: Watching system buttons on /dev/input/event6 (SINO WEALTH Gaming KB )
Apr 01 16:33:00 fedora systemd-logind[1059]: Watching system buttons on /dev/input/event7 (SINO WEALTH Gaming KB  System Control)
Apr 01 16:33:00 fedora systemd-logind[1059]: Watching system buttons on /dev/input/event8 (SINO WEALTH Gaming KB  Consumer Control)
Apr 01 16:33:00 fedora systemd-logind[1059]: Watching system buttons on /dev/input/event11 (SINO WEALTH Gaming KB  Keyboard)
Apr 01 16:33:00 fedora systemd-logind[1059]: Watching system buttons on /dev/input/event14 (ITE Tech. Inc. ITE Device(8176) Keyboard)
Apr 01 16:33:00 fedora systemd-logind[1059]: Watching system buttons on /dev/input/event2 (AT Translated Set 2 keyboard)
Apr 01 16:33:00 fedora systemd[1]: Started systemd-logind.service - User Login Management.
Apr 01 16:33:00 fedora audit[1]: SERVICE_START pid=1 uid=0 auid=4294967295 ses=4294967295 subj=system_u:system_r:init_t:s0 msg='unit=systemd-logind comm="systemd" exe="/usr/lib/systemd/systemd" hostname=? addr=? terminal=? res=success'
Apr 01 16:33:00 fedora systemd-logind[1059]: Watching system buttons on /dev/input/event24 (keyd virtual keyboard)
Apr 01 16:33:00 fedora polkitd[1019]: Started polkitd version 126
Apr 01 16:33:00 fedora systemd[1]: Started polkit.service - Authorization Manager.
Apr 01 16:33:00 fedora audit[1]: SERVICE_START pid=1 uid=0 auid=4294967295 ses=4294967295 subj=system_u:system_r:init_t:s0 msg='unit=polkit comm="systemd" exe="/usr/lib/systemd/systemd" hostname=? addr=? terminal=? res=success'
Apr 01 16:33:00 fedora systemd[1]: Starting ModemManager.service - Modem Manager...
Apr 01 16:33:00 fedora audit: BPF prog-id=79 op=LOAD
Apr 01 16:33:00 fedora systemd[1]: Starting firewalld.service - firewalld - dynamic firewall daemon...
Apr 01 16:33:00 fedora accounts-daemon[1037]: started daemon version 25.05.0
Apr 01 16:33:00 fedora systemd[1]: Started accounts-daemon.service - Accounts Service.
Apr 01 16:33:00 fedora audit[1]: SERVICE_START pid=1 uid=0 auid=4294967295 ses=4294967295 subj=system_u:system_r:init_t:s0 msg='unit=accounts-daemon comm="systemd" exe="/usr/lib/systemd/systemd" hostname=? addr=? terminal=? res=success'
Apr 01 16:33:00 fedora systemd-logind[1059]: /boot/loader/entries/3092e47ce2fc41378fb626141642a2f0-0-rescue.conf:6: Unknown line 'grub_users', ignoring.
Apr 01 16:33:00 fedora systemd-logind[1059]: /boot/loader/entries/3092e47ce2fc41378fb626141642a2f0-0-rescue.conf:7: Unknown line 'grub_arg', ignoring.
Apr 01 16:33:00 fedora systemd-logind[1059]: /boot/loader/entries/3092e47ce2fc41378fb626141642a2f0-0-rescue.conf:8: Unknown line 'grub_class', ignoring.
Apr 01 16:33:00 fedora systemd-logind[1059]: /boot/loader/entries/3092e47ce2fc41378fb626141642a2f0-6.18.13-100.fc42.x86_64.conf:6: Unknown line 'grub_users', ignoring.
Apr 01 16:33:00 fedora systemd-logind[1059]: /boot/loader/entries/3092e47ce2fc41378fb626141642a2f0-6.18.13-100.fc42.x86_64.conf:7: Unknown line 'grub_arg', ignoring.
Apr 01 16:33:00 fedora systemd-logind[1059]: /boot/loader/entries/3092e47ce2fc41378fb626141642a2f0-6.18.13-100.fc42.x86_64.conf:8: Unknown line 'grub_class', ignoring.
Apr 01 16:33:00 fedora systemd-logind[1059]: /boot/loader/entries/3092e47ce2fc41378fb626141642a2f0-6.18.10-100.fc42.x86_64.conf:6: Unknown line 'grub_users', ignoring.
Apr 01 16:33:00 fedora systemd-logind[1059]: /boot/loader/entries/3092e47ce2fc41378fb626141642a2f0-6.18.10-100.fc42.x86_64.conf:7: Unknown line 'grub_arg', ignoring.
Apr 01 16:33:00 fedora systemd-logind[1059]: /boot/loader/entries/3092e47ce2fc41378fb626141642a2f0-6.18.10-100.fc42.x86_64.conf:8: Unknown line 'grub_class', ignoring.
Apr 01 16:33:00 fedora systemd-logind[1059]: /boot/loader/entries/3092e47ce2fc41378fb626141642a2f0-6.18.7-100.fc42.x86_64.conf:6: Unknown line 'grub_users', ignoring.
Apr 01 16:33:00 fedora systemd-logind[1059]: /boot/loader/entries/3092e47ce2fc41378fb626141642a2f0-6.18.7-100.fc42.x86_64.conf:7: Unknown line 'grub_arg', ignoring.
Apr 01 16:33:00 fedora systemd-logind[1059]: /boot/loader/entries/3092e47ce2fc41378fb626141642a2f0-6.18.7-100.fc42.x86_64.conf:8: Unknown line 'grub_class', ignoring.
Apr 01 16:33:00 fedora systemd[1]: Started systemd-hostnamed.service - Hostname Service.
Apr 01 16:33:00 fedora audit[1]: SERVICE_START pid=1 uid=0 auid=4294967295 ses=4294967295 subj=system_u:system_r:init_t:s0 msg='unit=systemd-hostnamed comm="systemd" exe="/usr/lib/systemd/systemd" hostname=? addr=? terminal=? res=success'
Apr 01 16:33:00 fedora audit[1208]: AVC avc:  denied  { execute } for  pid=1208 comm="(irewalld)" name="python3.13" dev="nvme1n1p3" ino=2007439 scontext=system_u:system_r:init_t:s0 tcontext=unconfined_u:object_r:user_home_t:s0 tclass=file permissive=0
Apr 01 16:33:00 fedora (irewalld)[1208]: firewalld.service: Failed to execute /usr/bin/firewalld: Permission denied
Apr 01 16:33:00 fedora (irewalld)[1208]: firewalld.service: Failed at step EXEC spawning /usr/bin/firewalld: Permission denied
Apr 01 16:33:00 fedora systemd[1]: firewalld.service: Main process exited, code=exited, status=203/EXEC
Apr 01 16:33:00 fedora systemd[1]: firewalld.service: Failed with result 'exit-code'.
Apr 01 16:33:00 fedora systemd[1]: Failed to start firewalld.service - firewalld - dynamic firewall daemon.
Apr 01 16:33:00 fedora audit[1]: SERVICE_START pid=1 uid=0 auid=4294967295 ses=4294967295 subj=system_u:system_r:init_t:s0 msg='unit=firewalld comm="systemd" exe="/usr/lib/systemd/systemd" hostname=? addr=? terminal=? res=failed'
Apr 01 16:33:00 fedora ModemManager[1204]: <msg> ModemManager (version 1.22.0-5.fc42) starting in system bus...
Apr 01 16:33:00 fedora audit: BPF prog-id=79 op=UNLOAD
Apr 01 16:33:00 fedora kernel: block nvme0n1: No UUID available providing old NGUID
Apr 01 16:33:00 fedora systemd[1]: Finished dkms.service - Builds and install new kernel modules through DKMS.
Apr 01 16:33:00 fedora audit[1]: SERVICE_START pid=1 uid=0 auid=4294967295 ses=4294967295 subj=system_u:system_r:init_t:s0 msg='unit=dkms comm="systemd" exe="/usr/lib/systemd/systemd" hostname=? addr=? terminal=? res=success'
Apr 01 16:33:00 fedora systemd[1]: Reached target network-pre.target - Preparation for Network.
Apr 01 16:33:00 fedora systemd[1]: Starting NetworkManager.service - Network Manager...
Apr 01 16:33:00 fedora keyd[1012]: DEVICE: ignoring 0000:0000:be30eaf0  (Ideapad extra buttons)
Apr 01 16:33:00 fedora keyd[1012]: DEVICE: ignoring 048d:c999:66b4a073  (ITE Tech. Inc. ITE Device(8176) Wireless Radio Control)
Apr 01 16:33:00 fedora keyd[1012]: DEVICE: ignoring 048d:c999:e1dedece  (ITE Tech. Inc. ITE Device(8176) Keyboard)
Apr 01 16:33:00 fedora keyd[1012]: WARNING: 04f3:327e:635eeda0 appears to be a trackpad, which is current unsupported. Mouse movement is likely to break(YMMV)
Apr 01 16:33:00 fedora keyd[1012]: DEVICE: ignoring 04f3:327e:635eeda0  (ELAN06FA:00 04F3:327E Touchpad)
Apr 01 16:33:00 fedora keyd[1012]: DEVICE: ignoring 04f3:327e:80be382c  (ELAN06FA:00 04F3:327E Mouse)
Apr 01 16:33:00 fedora keyd[1012]: DEVICE: ignoring 258a:002a:65e37239  (SINO WEALTH Gaming KB  Keyboard)
Apr 01 16:33:00 fedora keyd[1012]: DEVICE: ignoring 0000:0006:bdb72f48  (Video Bus)
Apr 01 16:33:00 fedora keyd[1012]: DEVICE: ignoring 258a:002a:e7799ad4  (SINO WEALTH Gaming KB  Consumer Control)
Apr 01 16:33:00 fedora keyd[1012]: DEVICE: ignoring 0000:0006:bdb72f48  (Video Bus)
Apr 01 16:33:00 fedora keyd[1012]: DEVICE: ignoring 258a:002a:619dc7a6  (SINO WEALTH Gaming KB  System Control)
Apr 01 16:33:00 fedora keyd[1012]: DEVICE: ignoring 258a:002a:75e84400  (SINO WEALTH Gaming KB )
Apr 01 16:33:00 fedora keyd[1012]: DEVICE: ignoring 1bcf:08a0:1be3ae46  (HID 1bcf:08a0)
Apr 01 16:33:00 fedora keyd[1012]: DEVICE: ignoring 1bcf:08a0:be213eeb  (HID 1bcf:08a0 Keyboard)
Apr 01 16:33:00 fedora keyd[1012]: DEVICE: ignoring 1bcf:08a0:f5fe3d14  (HID 1bcf:08a0 Mouse)
Apr 01 16:33:00 fedora keyd[1012]: DEVICE: ignoring 0001:0001:09b4e68d  (AT Translated Set 2 keyboard)
Apr 01 16:33:00 fedora keyd[1012]: DEVICE: ignoring 0000:0001:48a093aa  (Power Button)
Apr 01 16:33:00 fedora kernel: NET: Registered PF_QIPCRTR protocol family
Apr 01 16:33:00 fedora systemd[1]: Started ModemManager.service - Modem Manager.
Apr 01 16:33:00 fedora audit[1]: SERVICE_START pid=1 uid=0 auid=4294967295 ses=4294967295 subj=system_u:system_r:init_t:s0 msg='unit=ModemManager comm="systemd" exe="/usr/lib/systemd/systemd" hostname=? addr=? terminal=? res=success'
Apr 01 16:33:00 fedora NetworkManager[1241]: <info>  [1775041380.2040] NetworkManager (version 1.52.2-1.fc42) is starting... (boot:3712ceed-aafe-49fc-82d1-d51024a5abcd)
Apr 01 16:33:00 fedora NetworkManager[1241]: <info>  [1775041380.2042] Read config: /etc/NetworkManager/NetworkManager.conf, /usr/lib/NetworkManager/conf.d/{20-connectivity-fedora.conf,22-wifi-mac-addr.conf,99-nvme-nbft-no-ignore-carrier.conf}
Apr 01 16:33:00 fedora NetworkManager[1241]: <info>  [1775041380.2080] manager[0x55be1bdea010]: monitoring kernel firmware directory '/lib/firmware'.
Apr 01 16:33:00 fedora NetworkManager[1241]: <info>  [1775041380.2104] hostname: hostname: using hostnamed
Apr 01 16:33:00 fedora NetworkManager[1241]: <info>  [1775041380.2106] dns-mgr: init: dns=systemd-resolved rc-manager=unmanaged (auto), plugin=systemd-resolved
Apr 01 16:33:00 fedora NetworkManager[1241]: <info>  [1775041380.2121] rfkill3: found Wi-Fi radio killswitch (at /sys/devices/pci0000:00/0000:00:02.2/0000:03:00.0/ieee80211/phy0/rfkill3) (driver mt7921e)
Apr 01 16:33:00 fedora NetworkManager[1241]: <info>  [1775041380.2123] rfkill0: found Wi-Fi radio killswitch (at /sys/devices/pci0000:00/0000:00:14.3/PNP0C09:00/VPC2004:00/rfkill/rfkill0) (platform driver ideapad_acpi)
Apr 01 16:33:00 fedora NetworkManager[1241]: <info>  [1775041380.2224] manager[0x55be1bdea010]: rfkill: Wi-Fi hardware radio set enabled
Apr 01 16:33:00 fedora NetworkManager[1241]: <info>  [1775041380.2224] manager[0x55be1bdea010]: rfkill: WWAN hardware radio set enabled
Apr 01 16:33:00 fedora systemd[1]: Started upower.service - Daemon for power management.
Apr 01 16:33:00 fedora audit[1]: SERVICE_START pid=1 uid=0 auid=4294967295 ses=4294967295 subj=system_u:system_r:init_t:s0 msg='unit=upower comm="systemd" exe="/usr/lib/systemd/systemd" hostname=? addr=? terminal=? res=success'
Apr 01 16:33:00 fedora NetworkManager[1241]: <info>  [1775041380.2270] Loaded device plugin: NMBluezManager (/usr/lib64/NetworkManager/1.52.2-1.fc42/libnm-device-plugin-bluetooth.so)
Apr 01 16:33:00 fedora NetworkManager[1241]: <info>  [1775041380.2274] Loaded device plugin: NMAtmManager (/usr/lib64/NetworkManager/1.52.2-1.fc42/libnm-device-plugin-adsl.so)
Apr 01 16:33:00 fedora NetworkManager[1241]: <info>  [1775041380.2286] Loaded device plugin: NMTeamFactory (/usr/lib64/NetworkManager/1.52.2-1.fc42/libnm-device-plugin-team.so)
Apr 01 16:33:00 fedora NetworkManager[1241]: <info>  [1775041380.2296] Loaded device plugin: NMWifiFactory (/usr/lib64/NetworkManager/1.52.2-1.fc42/libnm-device-plugin-wifi.so)
Apr 01 16:33:00 fedora NetworkManager[1241]: <info>  [1775041380.2302] Loaded device plugin: NMWwanFactory (/usr/lib64/NetworkManager/1.52.2-1.fc42/libnm-device-plugin-wwan.so)
Apr 01 16:33:00 fedora NetworkManager[1241]: <info>  [1775041380.2303] manager: rfkill: Wi-Fi enabled by radio killswitch; enabled by state file
Apr 01 16:33:00 fedora NetworkManager[1241]: <info>  [1775041380.2303] manager: rfkill: WWAN enabled by radio killswitch; enabled by state file
Apr 01 16:33:00 fedora NetworkManager[1241]: <info>  [1775041380.2304] manager: Networking is enabled by state file
Apr 01 16:33:00 fedora NetworkManager[1241]: <info>  [1775041380.2308] settings: Loaded settings plugin: keyfile (internal)
Apr 01 16:33:00 fedora systemd[1]: Starting NetworkManager-dispatcher.service - Network Manager Script Dispatcher Service...
Apr 01 16:33:00 fedora NetworkManager[1241]: <info>  [1775041380.2366] dhcp: init: Using DHCP client 'internal'
Apr 01 16:33:00 fedora NetworkManager[1241]: <info>  [1775041380.2367] manager: (lo): new Loopback device (/org/freedesktop/NetworkManager/Devices/1)
Apr 01 16:33:00 fedora NetworkManager[1241]: <info>  [1775041380.2373] device (lo): state change: unmanaged -> unavailable (reason 'connection-assumed', managed-type: 'external')
Apr 01 16:33:00 fedora NetworkManager[1241]: <info>  [1775041380.2375] device (lo): state change: unavailable -> disconnected (reason 'connection-assumed', managed-type: 'external')
Apr 01 16:33:00 fedora NetworkManager[1241]: <info>  [1775041380.2377] device (lo): Activation: starting connection 'lo' (ba219f20-1fd0-46d1-9c7b-3845db3481e7)
Apr 01 16:33:00 fedora NetworkManager[1241]: <info>  [1775041380.2382] manager: (enp2s0): new Ethernet device (/org/freedesktop/NetworkManager/Devices/2)
Apr 01 16:33:00 fedora NetworkManager[1241]: <info>  [1775041380.2386] settings: (enp2s0): created default wired connection 'Wired connection 1'
Apr 01 16:33:00 fedora NetworkManager[1241]: <info>  [1775041380.2386] device (enp2s0): state change: unmanaged -> unavailable (reason 'managed', managed-type: 'external')
Apr 01 16:33:00 fedora systemd[1]: Started NetworkManager-dispatcher.service - Network Manager Script Dispatcher Service.
Apr 01 16:33:00 fedora audit[1]: SERVICE_START pid=1 uid=0 auid=4294967295 ses=4294967295 subj=system_u:system_r:init_t:s0 msg='unit=NetworkManager-dispatcher comm="systemd" exe="/usr/lib/systemd/systemd" hostname=? addr=? terminal=? res=success'
Apr 01 16:33:00 fedora kernel: Generic FE-GE Realtek PHY r8169-0-200:00: attached PHY driver (mii_bus:phy_addr=r8169-0-200:00, irq=MAC)
Apr 01 16:33:00 fedora systemd[1]: Started udisks2.service - Disk Manager.
Apr 01 16:33:00 fedora audit[1]: SERVICE_START pid=1 uid=0 auid=4294967295 ses=4294967295 subj=system_u:system_r:init_t:s0 msg='unit=udisks2 comm="systemd" exe="/usr/lib/systemd/systemd" hostname=? addr=? terminal=? res=success'
Apr 01 16:33:00 fedora kernel: r8169 0000:02:00.0 enp2s0: Link is Down
Apr 01 16:33:00 fedora NetworkManager[1241]: <info>  [1775041380.4307] device (wlo1): driver supports Access Point (AP) mode
Apr 01 16:33:00 fedora NetworkManager[1241]: <info>  [1775041380.4310] manager: (wlo1): new 802.11 Wi-Fi device (/org/freedesktop/NetworkManager/Devices/3)
Apr 01 16:33:00 fedora NetworkManager[1241]: <info>  [1775041380.4311] device (wlo1): state change: unmanaged -> unavailable (reason 'managed', managed-type: 'external')
Apr 01 16:33:00 fedora abrtd[1150]: '/var/spool/abrt/oops-2026-03-03-08:16:19-1210-0' is not a problem directory
Apr 01 16:33:00 fedora systemd[1]: Started abrtd.service - ABRT Daemon.
Apr 01 16:33:00 fedora audit[1]: SERVICE_START pid=1 uid=0 auid=4294967295 ses=4294967295 subj=system_u:system_r:init_t:s0 msg='unit=abrtd comm="systemd" exe="/usr/lib/systemd/systemd" hostname=? addr=? terminal=? res=success'
Apr 01 16:33:00 fedora systemd[1]: Started abrt-journal-core.service - ABRT coredumpctl message creator.
Apr 01 16:33:00 fedora audit[1]: SERVICE_START pid=1 uid=0 auid=4294967295 ses=4294967295 subj=system_u:system_r:init_t:s0 msg='unit=abrt-journal-core comm="systemd" exe="/usr/lib/systemd/systemd" hostname=? addr=? terminal=? res=success'
Apr 01 16:33:00 fedora systemd[1]: Started abrt-oops.service - ABRT kernel log watcher.
Apr 01 16:33:00 fedora audit[1]: SERVICE_START pid=1 uid=0 auid=4294967295 ses=4294967295 subj=system_u:system_r:init_t:s0 msg='unit=abrt-oops comm="systemd" exe="/usr/lib/systemd/systemd" hostname=? addr=? terminal=? res=success'
Apr 01 16:33:00 fedora systemd[1]: abrt-vmcore.service - ABRT kernel panic detection was skipped because of an unmet condition check (ConditionDirectoryNotEmpty=/var/crash).
Apr 01 16:33:00 fedora systemd[1]: Started abrt-xorg.service - ABRT Xorg log watcher.
Apr 01 16:33:00 fedora audit[1]: SERVICE_START pid=1 uid=0 auid=4294967295 ses=4294967295 subj=system_u:system_r:init_t:s0 msg='unit=abrt-xorg comm="systemd" exe="/usr/lib/systemd/systemd" hostname=? addr=? terminal=? res=success'
Apr 01 16:33:00 fedora avahi-daemon[1002]: Server startup complete. Host name is fedora.local. Local service cookie is 1869300008.
Apr 01 16:33:01 fedora NetworkManager[1241]: <info>  [1775041381.0014] device (wlo1): set-hw-addr: set MAC address to 2A:78:68:41:62:DD (scanning)
Apr 01 16:33:01 fedora NetworkManager[1241]: <info>  [1775041381.0261] bus-manager: acquired D-Bus service "org.freedesktop.NetworkManager"
Apr 01 16:33:01 fedora NetworkManager[1241]: <info>  [1775041381.0267] device (lo): state change: disconnected -> prepare (reason 'none', managed-type: 'external')
Apr 01 16:33:01 fedora NetworkManager[1241]: <info>  [1775041381.0268] device (lo): state change: prepare -> config (reason 'none', managed-type: 'external')
Apr 01 16:33:01 fedora NetworkManager[1241]: <info>  [1775041381.0269] device (lo): state change: config -> ip-config (reason 'none', managed-type: 'external')
Apr 01 16:33:01 fedora systemd[1]: Started NetworkManager.service - Network Manager.
Apr 01 16:33:01 fedora audit[1]: SERVICE_START pid=1 uid=0 auid=4294967295 ses=4294967295 subj=system_u:system_r:init_t:s0 msg='unit=NetworkManager comm="systemd" exe="/usr/lib/systemd/systemd" hostname=? addr=? terminal=? res=success'
Apr 01 16:33:01 fedora NetworkManager[1241]: <info>  [1775041381.0272] device (lo): state change: ip-config -> ip-check (reason 'none', managed-type: 'external')
Apr 01 16:33:01 fedora NetworkManager[1241]: <info>  [1775041381.0284] modem-manager: ModemManager available
Apr 01 16:33:01 fedora NetworkManager[1241]: <info>  [1775041381.0290] device (lo): state change: ip-check -> secondaries (reason 'none', managed-type: 'external')
Apr 01 16:33:01 fedora NetworkManager[1241]: <info>  [1775041381.0291] device (lo): state change: secondaries -> activated (reason 'none', managed-type: 'external')
Apr 01 16:33:01 fedora NetworkManager[1241]: <info>  [1775041381.0293] device (lo): Activation: successful, device activated.
Apr 01 16:33:01 fedora systemd[1]: Starting NetworkManager-wait-online.service - Network Manager Wait Online...
Apr 01 16:33:01 fedora systemd[1]: Starting wpa_supplicant.service - WPA supplicant...
Apr 01 16:33:01 fedora systemd[1]: Started wpa_supplicant.service - WPA supplicant.
Apr 01 16:33:01 fedora wpa_supplicant[1270]: Successfully initialized wpa_supplicant
Apr 01 16:33:01 fedora audit[1]: SERVICE_START pid=1 uid=0 auid=4294967295 ses=4294967295 subj=system_u:system_r:init_t:s0 msg='unit=wpa_supplicant comm="systemd" exe="/usr/lib/systemd/systemd" hostname=? addr=? terminal=? res=success'
Apr 01 16:33:01 fedora systemd[1]: Reached target network.target - Network.
Apr 01 16:33:01 fedora systemd[1]: Starting cups.service - CUPS Scheduler...
Apr 01 16:33:01 fedora systemd[1]: Starting gssproxy.service - GSSAPI Proxy Daemon...
Apr 01 16:33:01 fedora systemd[1]: Starting tuned.service - Dynamic System Tuning Daemon...
Apr 01 16:33:01 fedora audit[1291]: AVC avc:  denied  { execute } for  pid=1291 comm="(tuned)" name="python3.13" dev="nvme1n1p3" ino=2007439 scontext=system_u:system_r:init_t:s0 tcontext=unconfined_u:object_r:user_home_t:s0 tclass=file permissive=0
Apr 01 16:33:01 fedora (tuned)[1291]: tuned.service: Failed to execute /usr/sbin/tuned: Permission denied
Apr 01 16:33:01 fedora (tuned)[1291]: tuned.service: Failed at step EXEC spawning /usr/sbin/tuned: Permission denied
Apr 01 16:33:01 fedora systemd[1]: tuned.service: Main process exited, code=exited, status=203/EXEC
Apr 01 16:33:01 fedora systemd[1]: tuned.service: Failed with result 'exit-code'.
Apr 01 16:33:01 fedora systemd[1]: Failed to start tuned.service - Dynamic System Tuning Daemon.
Apr 01 16:33:01 fedora systemd[1]: Dependency failed for tuned-ppd.service - PPD-to-TuneD API Translation Daemon.
Apr 01 16:33:01 fedora systemd[1]: tuned-ppd.service: Job tuned-ppd.service/start failed with result 'dependency'.
Apr 01 16:33:01 fedora audit[1]: SERVICE_START pid=1 uid=0 auid=4294967295 ses=4294967295 subj=system_u:system_r:init_t:s0 msg='unit=tuned comm="systemd" exe="/usr/lib/systemd/systemd" hostname=? addr=? terminal=? res=failed'
Apr 01 16:33:01 fedora systemd[1]: Started cups.service - CUPS Scheduler.
Apr 01 16:33:01 fedora audit[1]: SERVICE_START pid=1 uid=0 auid=4294967295 ses=4294967295 subj=system_u:system_r:init_t:s0 msg='unit=cups comm="systemd" exe="/usr/lib/systemd/systemd" hostname=? addr=? terminal=? res=success'
Apr 01 16:33:01 fedora NetworkManager[1241]: <info>  [1775041381.0823] device (wlo1): supplicant interface state: internal-starting -> disconnected
Apr 01 16:33:01 fedora NetworkManager[1241]: <info>  [1775041381.0825] Wi-Fi P2P device controlled by interface wlo1 created
Apr 01 16:33:01 fedora NetworkManager[1241]: <info>  [1775041381.0826] manager: (p2p-dev-wlo1): new 802.11 Wi-Fi P2P device (/org/freedesktop/NetworkManager/Devices/4)
Apr 01 16:33:01 fedora NetworkManager[1241]: <info>  [1775041381.0827] device (p2p-dev-wlo1): state change: unmanaged -> unavailable (reason 'managed', managed-type: 'external')
Apr 01 16:33:01 fedora NetworkManager[1241]: <info>  [1775041381.0829] device (wlo1): state change: unavailable -> disconnected (reason 'supplicant-available', managed-type: 'full')
Apr 01 16:33:01 fedora NetworkManager[1241]: <info>  [1775041381.0831] device (p2p-dev-wlo1): state change: unavailable -> disconnected (reason 'none', managed-type: 'full')
Apr 01 16:33:01 fedora systemd[1]: Started gssproxy.service - GSSAPI Proxy Daemon.
Apr 01 16:33:01 fedora audit[1]: SERVICE_START pid=1 uid=0 auid=4294967295 ses=4294967295 subj=system_u:system_r:init_t:s0 msg='unit=gssproxy comm="systemd" exe="/usr/lib/systemd/systemd" hostname=? addr=? terminal=? res=success'
Apr 01 16:33:01 fedora systemd[1]: rpc-gssd.service - RPC security service for NFS client and server was skipped because of an unmet condition check (ConditionPathExists=/etc/krb5.keytab).
Apr 01 16:33:01 fedora systemd[1]: Reached target nfs-client.target - NFS client services.
Apr 01 16:33:01 fedora systemd[1]: Reached target remote-fs-pre.target - Preparation for Remote File Systems.
Apr 01 16:33:01 fedora systemd[1]: Reached target remote-cryptsetup.target - Remote Encrypted Volumes.
Apr 01 16:33:01 fedora akmods[1001]: Checking kmods exist for 6.18.13-100.fc42.x86_64[  OK  ]
Apr 01 16:33:01 fedora systemd[1]: Finished akmods.service - Builds and install new kmods from akmod packages.
Apr 01 16:33:01 fedora audit[1]: SERVICE_START pid=1 uid=0 auid=4294967295 ses=4294967295 subj=system_u:system_r:init_t:s0 msg='unit=akmods comm="systemd" exe="/usr/lib/systemd/systemd" hostname=? addr=? terminal=? res=success'
Apr 01 16:33:01 fedora systemd[1]: nvidia-fallback.service - Fallback to nouveau as nvidia did not load was skipped because of an unmet condition check (ConditionPathExists=!/sys/module/nvidia).
Apr 01 16:33:03 fedora NetworkManager[1241]: <info>  [1775041383.0512] policy: auto-activating connection 'VITC-HOS2-4' (082a323e-c892-41b0-8000-863902770ac4)
Apr 01 16:33:03 fedora NetworkManager[1241]: <info>  [1775041383.0515] device (wlo1): Activation: starting connection 'VITC-HOS2-4' (082a323e-c892-41b0-8000-863902770ac4)
Apr 01 16:33:03 fedora NetworkManager[1241]: <info>  [1775041383.0516] device (wlo1): state change: disconnected -> prepare (reason 'none', managed-type: 'full')
Apr 01 16:33:03 fedora NetworkManager[1241]: <info>  [1775041383.0517] manager: NetworkManager state is now CONNECTING
Apr 01 16:33:03 fedora NetworkManager[1241]: <info>  [1775041383.0798] device (wlo1): set-hw-addr: set-cloned MAC address to 0A:E9:6D:CC:22:8E (stable-ssid)
Apr 01 16:33:03 fedora NetworkManager[1241]: <info>  [1775041383.0905] device (wlo1): state change: prepare -> config (reason 'none', managed-type: 'full')
Apr 01 16:33:03 fedora NetworkManager[1241]: <info>  [1775041383.0909] device (wlo1): Activation: (wifi) access point 'VITC-HOS2-4' has security, but secrets are required.
Apr 01 16:33:03 fedora NetworkManager[1241]: <info>  [1775041383.0909] device (wlo1): state change: config -> need-auth (reason 'none', managed-type: 'full')
Apr 01 16:33:03 fedora NetworkManager[1241]: <info>  [1775041383.0913] device (wlo1): supplicant interface state: disconnected -> interface_disabled
Apr 01 16:33:03 fedora NetworkManager[1241]: <info>  [1775041383.0913] device (p2p-dev-wlo1): supplicant management interface state: disconnected -> interface_disabled
Apr 01 16:33:03 fedora NetworkManager[1241]: <info>  [1775041383.0921] device (wlo1): state change: need-auth -> prepare (reason 'none', managed-type: 'full')
Apr 01 16:33:03 fedora NetworkManager[1241]: <info>  [1775041383.0922] device (wlo1): state change: prepare -> config (reason 'none', managed-type: 'full')
Apr 01 16:33:03 fedora NetworkManager[1241]: <info>  [1775041383.0924] device (wlo1): Activation: (wifi) connection 'VITC-HOS2-4' has security, and secrets exist.  No new secrets needed.
Apr 01 16:33:03 fedora NetworkManager[1241]: <info>  [1775041383.0924] Config: added 'ssid' value 'VITC-HOS2-4'
Apr 01 16:33:03 fedora NetworkManager[1241]: <info>  [1775041383.0924] Config: added 'scan_ssid' value '1'
Apr 01 16:33:03 fedora NetworkManager[1241]: <info>  [1775041383.0924] Config: added 'bgscan' value 'simple:30:-65:300'
Apr 01 16:33:03 fedora NetworkManager[1241]: <info>  [1775041383.0924] Config: added 'key_mgmt' value 'WPA-EAP FT-EAP FT-EAP-SHA384 WPA-EAP-SHA256'
Apr 01 16:33:03 fedora NetworkManager[1241]: <info>  [1775041383.0925] Config: added 'password' value '<hidden>'
Apr 01 16:33:03 fedora NetworkManager[1241]: <info>  [1775041383.0925] Config: added 'eap' value 'PEAP'
Apr 01 16:33:03 fedora NetworkManager[1241]: <info>  [1775041383.0925] Config: added 'fragment_size' value '1266'
Apr 01 16:33:03 fedora NetworkManager[1241]: <info>  [1775041383.0925] Config: added 'phase2' value 'auth=MSCHAPV2'
Apr 01 16:33:03 fedora NetworkManager[1241]: <info>  [1775041383.0925] Config: added 'domain_suffix_match' value 'jaze.vit.ac.in'
Apr 01 16:33:03 fedora NetworkManager[1241]: <info>  [1775041383.0925] Config: added 'identity' value '23BCE1352'
Apr 01 16:33:03 fedora NetworkManager[1241]: <info>  [1775041383.0925] Config: added 'anonymous_identity' value '23BCE1352'
Apr 01 16:33:03 fedora NetworkManager[1241]: <info>  [1775041383.0925] Config: added 'proactive_key_caching' value '1'
Apr 01 16:33:03 fedora NetworkManager[1241]: <info>  [1775041383.1047] device (wlo1): supplicant interface state: interface_disabled -> inactive
Apr 01 16:33:03 fedora NetworkManager[1241]: <info>  [1775041383.1048] device (p2p-dev-wlo1): supplicant management interface state: interface_disabled -> inactive
Apr 01 16:33:03 fedora wpa_supplicant[1270]: wlo1: SME: Trying to authenticate with 50:e4:e0:d7:86:e0 (SSID='VITC-HOS2-4' freq=2437 MHz)
Apr 01 16:33:03 fedora kernel: wlo1: authenticate with 50:e4:e0:d7:86:e0 (local address=0a:e9:6d:cc:22:8e)
Apr 01 16:33:03 fedora kernel: wlo1: send auth to 50:e4:e0:d7:86:e0 (try 1/3)
Apr 01 16:33:03 fedora NetworkManager[1241]: <info>  [1775041383.2562] device (wlo1): supplicant interface state: inactive -> authenticating
Apr 01 16:33:03 fedora NetworkManager[1241]: <info>  [1775041383.2562] device (p2p-dev-wlo1): supplicant management interface state: inactive -> authenticating
Apr 01 16:33:03 fedora kernel: wlo1: authenticated
Apr 01 16:33:03 fedora wpa_supplicant[1270]: wlo1: Trying to associate with 50:e4:e0:d7:86:e0 (SSID='VITC-HOS2-4' freq=2437 MHz)
Apr 01 16:33:03 fedora NetworkManager[1241]: <info>  [1775041383.2613] device (wlo1): supplicant interface state: authenticating -> associating
Apr 01 16:33:03 fedora NetworkManager[1241]: <info>  [1775041383.2614] device (p2p-dev-wlo1): supplicant management interface state: authenticating -> associating
Apr 01 16:33:03 fedora kernel: wlo1: associate with 50:e4:e0:d7:86:e0 (try 1/3)
Apr 01 16:33:03 fedora kernel: wlo1: RX AssocResp from 50:e4:e0:d7:86:e0 (capab=0x431 status=0 aid=2)
Apr 01 16:33:03 fedora kernel: wlo1: associated
Apr 01 16:33:03 fedora wpa_supplicant[1270]: wlo1: Associated with 50:e4:e0:d7:86:e0
Apr 01 16:33:03 fedora wpa_supplicant[1270]: wlo1: CTRL-EVENT-EAP-STARTED EAP authentication started
Apr 01 16:33:03 fedora wpa_supplicant[1270]: wlo1: CTRL-EVENT-SUBNET-STATUS-UPDATE status=0
Apr 01 16:33:03 fedora NetworkManager[1241]: <info>  [1775041383.2790] device (wlo1): supplicant interface state: associating -> associated
Apr 01 16:33:03 fedora NetworkManager[1241]: <info>  [1775041383.2791] device (p2p-dev-wlo1): supplicant management interface state: associating -> associated
Apr 01 16:33:03 fedora wpa_supplicant[1270]: wlo1: CTRL-EVENT-EAP-PROPOSED-METHOD vendor=0 method=25
Apr 01 16:33:03 fedora wpa_supplicant[1270]: wlo1: CTRL-EVENT-EAP-METHOD EAP vendor 0 method 25 (PEAP) selected
Apr 01 16:33:03 fedora wpa_supplicant[1270]: wlo1: CTRL-EVENT-EAP-PEER-CERT depth=3 subject='/C=GB/ST=Greater Manchester/L=Salford/O=Comodo CA Limited/CN=AAA Certificate Services' hash=d7a7a0fb5d7e2731d771e9484ebcdef71d5f0c3e0a2948782bc83ee0ea699ef4
Apr 01 16:33:03 fedora wpa_supplicant[1270]: wlo1: CTRL-EVENT-EAP-PEER-CERT depth=3 subject='/C=GB/ST=Greater Manchester/L=Salford/O=Comodo CA Limited/CN=AAA Certificate Services' hash=d7a7a0fb5d7e2731d771e9484ebcdef71d5f0c3e0a2948782bc83ee0ea699ef4
Apr 01 16:33:03 fedora wpa_supplicant[1270]: wlo1: CTRL-EVENT-EAP-PEER-CERT depth=2 subject='/C=US/ST=New Jersey/L=Jersey City/O=The USERTRUST Network/CN=USERTrust RSA Certification Authority' hash=68b9c761219a5b1f0131784474665db61bbdb109e00f05ca9f74244ee5f5f52b
Apr 01 16:33:03 fedora wpa_supplicant[1270]: wlo1: CTRL-EVENT-EAP-PEER-CERT depth=1 subject='/C=GB/ST=Greater Manchester/L=Salford/O=Sectigo Limited/CN=Sectigo RSA Domain Validation Secure Server CA' hash=7fa4ff68ec04a99d7528d5085f94907f4d1dd1c5381bacdc832ed5c960214676
Apr 01 16:33:03 fedora wpa_supplicant[1270]: wlo1: CTRL-EVENT-EAP-PEER-CERT depth=0 subject='/CN=jaze.vit.ac.in' hash=e75fff72167d808a797489b4f3a64781335d50b06485fa5c054679ac4aa861ab
Apr 01 16:33:03 fedora wpa_supplicant[1270]: wlo1: CTRL-EVENT-EAP-PEER-ALT depth=0 DNS:jaze.vit.ac.in
Apr 01 16:33:03 fedora wpa_supplicant[1270]: wlo1: CTRL-EVENT-EAP-PEER-ALT depth=0 DNS:www.jaze.vit.ac.in
Apr 01 16:33:03 fedora wpa_supplicant[1270]: EAP-MSCHAPV2: Authentication succeeded
Apr 01 16:33:03 fedora wpa_supplicant[1270]: EAP-TLV: TLV Result - Success - EAP-TLV/Phase2 Completed
Apr 01 16:33:03 fedora wpa_supplicant[1270]: wlo1: CTRL-EVENT-EAP-SUCCESS EAP authentication completed successfully
Apr 01 16:33:03 fedora wpa_supplicant[1270]: wlo1: PMKSA-CACHE-ADDED 50:e4:e0:d7:86:e0 0
Apr 01 16:33:03 fedora NetworkManager[1241]: <info>  [1775041383.4420] device (wlo1): supplicant interface state: associated -> 4way_handshake
Apr 01 16:33:03 fedora NetworkManager[1241]: <info>  [1775041383.4421] device (p2p-dev-wlo1): supplicant management interface state: associated -> 4way_handshake
Apr 01 16:33:03 fedora wpa_supplicant[1270]: wlo1: WPA: Key negotiation completed with 50:e4:e0:d7:86:e0 [PTK=CCMP GTK=CCMP]
Apr 01 16:33:03 fedora wpa_supplicant[1270]: wlo1: CTRL-EVENT-CONNECTED - Connection to 50:e4:e0:d7:86:e0 completed [id=0 id_str=]
Apr 01 16:33:03 fedora NetworkManager[1241]: <info>  [1775041383.4793] device (wlo1): supplicant interface state: 4way_handshake -> completed
Apr 01 16:33:03 fedora NetworkManager[1241]: <info>  [1775041383.4793] device (wlo1): Activation: (wifi) Stage 2 of 5 (Device Configure) successful. Connected to wireless network "VITC-HOS2-4"
Apr 01 16:33:03 fedora NetworkManager[1241]: <info>  [1775041383.4793] device (p2p-dev-wlo1): supplicant management interface state: 4way_handshake -> completed
Apr 01 16:33:03 fedora NetworkManager[1241]: <info>  [1775041383.4794] device (wlo1): state change: config -> ip-config (reason 'none', managed-type: 'full')
Apr 01 16:33:03 fedora NetworkManager[1241]: <info>  [1775041383.4798] dhcp4 (wlo1): activation: beginning transaction (timeout in 45 seconds)
Apr 01 16:33:03 fedora avahi-daemon[1002]: Joining mDNS multicast group on interface wlo1.IPv6 with address fe80::caee:4ac2:9404:2d07.
Apr 01 16:33:03 fedora avahi-daemon[1002]: New relevant interface wlo1.IPv6 for mDNS.
Apr 01 16:33:03 fedora avahi-daemon[1002]: Registering new address record for fe80::caee:4ac2:9404:2d07 on wlo1.*.
Apr 01 16:33:03 fedora NetworkManager[1241]: <info>  [1775041383.4949] dhcp4 (wlo1): state changed new lease, address=172.20.167.1, acd pending
Apr 01 16:33:03 fedora NetworkManager[1241]: <info>  [1775041383.6661] dhcp4 (wlo1): state changed new lease, address=172.20.167.1
Apr 01 16:33:03 fedora avahi-daemon[1002]: Joining mDNS multicast group on interface wlo1.IPv4 with address 172.20.167.1.
Apr 01 16:33:03 fedora avahi-daemon[1002]: New relevant interface wlo1.IPv4 for mDNS.
Apr 01 16:33:03 fedora avahi-daemon[1002]: Registering new address record for 172.20.167.1 on wlo1.IPv4.
Apr 01 16:33:03 fedora NetworkManager[1241]: <info>  [1775041383.6684] policy: set 'VITC-HOS2-4' (wlo1) as default for IPv4 routing and DNS
Apr 01 16:33:03 fedora systemd-resolved[960]: wlo1: Bus client set search domain list to: VITCHOSDNS
Apr 01 16:33:03 fedora systemd-resolved[960]: wlo1: Bus client set default route setting: yes
Apr 01 16:33:03 fedora systemd-resolved[960]: wlo1: Bus client set DNS server list to: 172.20.72.11, 8.8.8.8, 8.8.4.4
Apr 01 16:33:03 fedora NetworkManager[1241]: <info>  [1775041383.6745] device (wlo1): state change: ip-config -> ip-check (reason 'none', managed-type: 'full')
Apr 01 16:33:03 fedora NetworkManager[1241]: <info>  [1775041383.6764] device (wlo1): state change: ip-check -> secondaries (reason 'none', managed-type: 'full')
Apr 01 16:33:03 fedora NetworkManager[1241]: <info>  [1775041383.6765] device (wlo1): state change: secondaries -> activated (reason 'none', managed-type: 'full')
Apr 01 16:33:03 fedora NetworkManager[1241]: <info>  [1775041383.6767] manager: NetworkManager state is now CONNECTED_SITE
Apr 01 16:33:03 fedora NetworkManager[1241]: <info>  [1775041383.6770] device (wlo1): Activation: successful, device activated.
Apr 01 16:33:03 fedora NetworkManager[1241]: <info>  [1775041383.9816] manager: NetworkManager state is now CONNECTED_GLOBAL
Apr 01 16:33:04 fedora systemd[1]: systemd-rfkill.service: Deactivated successfully.
Apr 01 16:33:04 fedora audit[1]: SERVICE_STOP pid=1 uid=0 auid=4294967295 ses=4294967295 subj=system_u:system_r:init_t:s0 msg='unit=systemd-rfkill comm="systemd" exe="/usr/lib/systemd/systemd" hostname=? addr=? terminal=? res=success'
Apr 01 16:33:04 fedora ModemManager[1204]: <msg> [base-manager] couldn't check support for device '/sys/devices/pci0000:00/0000:00:02.1/0000:02:00.0': not supported by any plugin
Apr 01 16:33:04 fedora ModemManager[1204]: <msg> [base-manager] couldn't check support for device '/sys/devices/pci0000:00/0000:00:02.2/0000:03:00.0': not supported by any plugin
Apr 01 16:33:06 fedora systemd[1]: NetworkManager-wait-online.service: start operation timed out. Terminating.
Apr 01 16:33:06 fedora systemd[1]: NetworkManager-wait-online.service: Main process exited, code=killed, status=15/TERM
Apr 01 16:33:06 fedora systemd[1]: NetworkManager-wait-online.service: Failed with result 'timeout'.
Apr 01 16:33:06 fedora systemd[1]: Failed to start NetworkManager-wait-online.service - Network Manager Wait Online.
Apr 01 16:33:06 fedora audit[1]: SERVICE_START pid=1 uid=0 auid=4294967295 ses=4294967295 subj=system_u:system_r:init_t:s0 msg='unit=NetworkManager-wait-online comm="systemd" exe="/usr/lib/systemd/systemd" hostname=? addr=? terminal=? res=failed'
Apr 01 16:33:06 fedora systemd[1]: Reached target network-online.target - Network is Online.
Apr 01 16:33:06 fedora systemd[1]: iscsi.service: Unit cannot be reloaded because it is inactive.
Apr 01 16:33:06 fedora systemd[1]: Reached target remote-fs.target - Remote File Systems.
Apr 01 16:33:06 fedora systemd[1]: Starting rpc-statd-notify.service - Notify NFS peers of a restart...
Apr 01 16:33:06 fedora systemd[1]: Starting rsyslog.service - System Logging Service...
Apr 01 16:33:06 fedora systemd[1]: systemd-pcrphase.service - TPM PCR Barrier (User) was skipped because of an unmet condition check (ConditionSecurity=measured-uki).
Apr 01 16:33:06 fedora systemd[1]: Starting systemd-user-sessions.service - Permit User Sessions...
Apr 01 16:33:06 fedora systemd[1]: Starting virtqemud.service - libvirt QEMU daemon...
Apr 01 16:33:06 fedora sm-notify[1393]: Version 2.8.4 starting
Apr 01 16:33:06 fedora systemd[1]: Started rpc-statd-notify.service - Notify NFS peers of a restart.
Apr 01 16:33:06 fedora audit[1]: SERVICE_START pid=1 uid=0 auid=4294967295 ses=4294967295 subj=system_u:system_r:init_t:s0 msg='unit=rpc-statd-notify comm="systemd" exe="/usr/lib/systemd/systemd" hostname=? addr=? terminal=? res=success'
Apr 01 16:33:06 fedora systemd[1]: Finished systemd-user-sessions.service - Permit User Sessions.
Apr 01 16:33:06 fedora audit[1]: SERVICE_START pid=1 uid=0 auid=4294967295 ses=4294967295 subj=system_u:system_r:init_t:s0 msg='unit=systemd-user-sessions comm="systemd" exe="/usr/lib/systemd/systemd" hostname=? addr=? terminal=? res=success'
Apr 01 16:33:06 fedora systemd[1]: Started atd.service - Deferred execution scheduler.
Apr 01 16:33:06 fedora audit[1]: SERVICE_START pid=1 uid=0 auid=4294967295 ses=4294967295 subj=system_u:system_r:init_t:s0 msg='unit=atd comm="systemd" exe="/usr/lib/systemd/systemd" hostname=? addr=? terminal=? res=success'
Apr 01 16:33:06 fedora systemd[1]: Started crond.service - Command Scheduler.
Apr 01 16:33:06 fedora audit[1]: SERVICE_START pid=1 uid=0 auid=4294967295 ses=4294967295 subj=system_u:system_r:init_t:s0 msg='unit=crond comm="systemd" exe="/usr/lib/systemd/systemd" hostname=? addr=? terminal=? res=success'
Apr 01 16:33:06 fedora (atd)[1399]: atd.service: Referenced but unset environment variable evaluates to an empty string: OPTS
Apr 01 16:33:06 fedora systemd[1]: Starting gdm.service - GNOME Display Manager...
Apr 01 16:33:06 fedora systemd[1]: Starting plymouth-quit-wait.service - Hold until boot process finishes up...
Apr 01 16:33:06 fedora crond[1400]: (CRON) STARTUP (1.7.2)
Apr 01 16:33:06 fedora crond[1400]: (CRON) INFO (Syslog will be used instead of sendmail.)
Apr 01 16:33:06 fedora crond[1400]: (CRON) INFO (RANDOM_DELAY will be scaled with factor 21% if used.)
Apr 01 16:33:06 fedora crond[1400]: (CRON) INFO (running with inotify support)
Apr 01 16:33:06 fedora systemd[1]: Started gdm.service - GNOME Display Manager.
Apr 01 16:33:06 fedora audit[1]: SERVICE_START pid=1 uid=0 auid=4294967295 ses=4294967295 subj=system_u:system_r:init_t:s0 msg='unit=gdm comm="systemd" exe="/usr/lib/systemd/systemd" hostname=? addr=? terminal=? res=success'
Apr 01 16:33:06 fedora systemd[1]: Started virtqemud.service - libvirt QEMU daemon.
Apr 01 16:33:06 fedora audit[1]: SERVICE_START pid=1 uid=0 auid=4294967295 ses=4294967295 subj=system_u:system_r:init_t:s0 msg='unit=virtqemud comm="systemd" exe="/usr/lib/systemd/systemd" hostname=? addr=? terminal=? res=success'
Apr 01 16:33:06 fedora rsyslogd[1394]: [origin software="rsyslogd" swVersion="8.2508.0-1.fc42" x-pid="1394" x-info="https://www.rsyslog.com"] start
Apr 01 16:33:06 fedora audit[1]: SERVICE_START pid=1 uid=0 auid=4294967295 ses=4294967295 subj=system_u:system_r:init_t:s0 msg='unit=rsyslog comm="systemd" exe="/usr/lib/systemd/systemd" hostname=? addr=? terminal=? res=success'
Apr 01 16:33:06 fedora systemd[1]: Started rsyslog.service - System Logging Service.
Apr 01 16:33:06 fedora systemd[1]: Received SIGRTMIN+21 from PID 480 (plymouthd).
Apr 01 16:33:06 fedora audit[1430]: USER_AUTH pid=1430 uid=0 auid=4294967295 ses=4294967295 subj=system_u:system_r:xdm_t:s0-s0:c0.c1023 msg='op=PAM:authentication grantors=pam_permit acct="gdm" exe="/usr/libexec/gdm-session-worker" hostname=fedora addr=? terminal=/dev/tty1 res=success'
Apr 01 16:33:06 fedora audit[1430]: USER_ACCT pid=1430 uid=0 auid=4294967295 ses=4294967295 subj=system_u:system_r:xdm_t:s0-s0:c0.c1023 msg='op=PAM:accounting grantors=pam_permit acct="gdm" exe="/usr/libexec/gdm-session-worker" hostname=fedora addr=? terminal=/dev/tty1 res=success'
Apr 01 16:33:06 fedora audit[1430]: CRED_ACQ pid=1430 uid=0 auid=4294967295 ses=4294967295 subj=system_u:system_r:xdm_t:s0-s0:c0.c1023 msg='op=PAM:setcred grantors=pam_permit acct="gdm" exe="/usr/libexec/gdm-session-worker" hostname=fedora addr=? terminal=/dev/tty1 res=success'
Apr 01 16:33:06 fedora systemd-logind[1059]: New session c1 of user gdm.
Apr 01 16:33:06 fedora systemd[1]: Created slice user-42.slice - User Slice of UID 42.
Apr 01 16:33:06 fedora systemd[1]: Starting uresourced.service - User resource assignment daemon...
Apr 01 16:33:06 fedora systemd[1]: Starting user-runtime-dir@42.service - User Runtime Directory /run/user/42...
Apr 01 16:33:06 fedora systemd[1]: Finished user-runtime-dir@42.service - User Runtime Directory /run/user/42.
Apr 01 16:33:06 fedora audit[1]: SERVICE_START pid=1 uid=0 auid=4294967295 ses=4294967295 subj=system_u:system_r:init_t:s0 msg='unit=user-runtime-dir@42 comm="systemd" exe="/usr/lib/systemd/systemd" hostname=? addr=? terminal=? res=success'
Apr 01 16:33:06 fedora NetworkManager[1241]: <info>  [1775041386.4300] manager: startup complete
Apr 01 16:33:06 fedora systemd[1]: Started uresourced.service - User resource assignment daemon.
Apr 01 16:33:06 fedora audit[1]: SERVICE_START pid=1 uid=0 auid=4294967295 ses=4294967295 subj=system_u:system_r:init_t:s0 msg='unit=uresourced comm="systemd" exe="/usr/lib/systemd/systemd" hostname=? addr=? terminal=? res=success'
Apr 01 16:33:06 fedora uresourced[1435]: Setting resources on user.slice (MemoryMin: 262144000, MemoryLow: 0, CPUWeight: -, IOWeight: -)
Apr 01 16:33:06 fedora uresourced[1435]: Setting resources on user-42.slice (MemoryMin: 262144000, MemoryLow: 0, CPUWeight: 500, IOWeight: 500)
Apr 01 16:33:06 fedora uresourced[1435]: Setting resources on user@42.service (MemoryMin: 0, MemoryLow: 0, CPUWeight: 100, IOWeight: 100)
Apr 01 16:33:06 fedora systemd[1]: Starting user@42.service - User Manager for UID 42...
Apr 01 16:33:06 fedora audit[1443]: USER_ACCT pid=1443 uid=0 auid=4294967295 ses=4294967295 subj=system_u:system_r:init_t:s0 msg='op=PAM:accounting grantors=pam_unix acct="gdm" exe="/usr/lib/systemd/systemd-executor" hostname=? addr=? terminal=? res=success'
Apr 01 16:33:06 fedora audit[1443]: CRED_ACQ pid=1443 uid=0 auid=4294967295 ses=4294967295 subj=system_u:system_r:init_t:s0 msg='op=PAM:setcred grantors=? acct="gdm" exe="/usr/lib/systemd/systemd-executor" hostname=? addr=? terminal=? res=failed'
Apr 01 16:33:06 fedora audit[1443]: USER_ROLE_CHANGE pid=1443 uid=0 auid=4294967295 ses=4294967295 subj=system_u:system_r:init_t:s0 msg='op=pam_selinux default-context=unconfined_u:unconfined_r:unconfined_t:s0-s0:c0.c1023 selected-context=unconfined_u:unconfined_r:unconfined_t:s0-s0:c0.c1023 exe="/usr/lib/systemd/systemd-executor" hostname=? addr=? terminal=? res=success'
Apr 01 16:33:06 fedora systemd-logind[1059]: New session 1 of user gdm.
Apr 01 16:33:06 fedora (systemd)[1443]: pam_unix(systemd-user:session): session opened for user gdm(uid=42) by gdm(uid=0)
Apr 01 16:33:06 fedora audit[1443]: USER_START pid=1443 uid=0 auid=42 ses=1 subj=system_u:system_r:init_t:s0 msg='op=PAM:session_open grantors=pam_selinux,pam_selinux,pam_loginuid,pam_keyinit,pam_namespace,pam_systemd_home,pam_umask,pam_keyinit,pam_limits,pam_systemd,pam_unix acct="gdm" exe="/usr/lib/systemd/systemd-executor" hostname=? addr=? terminal=? res=success'
Apr 01 16:33:06 fedora systemd[1443]: Queued start job for default target default.target.
Apr 01 16:33:06 fedora systemd[1443]: Created slice app.slice - User Application Slice.
Apr 01 16:33:06 fedora systemd[1443]: grub-boot-success.timer - Mark boot as successful after the user session has run 2 minutes was skipped because of an unmet condition check (ConditionUser=!@system).
Apr 01 16:33:06 fedora systemd[1443]: Started systemd-tmpfiles-clean.timer - Daily Cleanup of User's Temporary Directories.
Apr 01 16:33:06 fedora systemd[1443]: Reached target paths.target - Paths.
Apr 01 16:33:06 fedora systemd[1443]: Reached target timers.target - Timers.
Apr 01 16:33:06 fedora systemd[1443]: Starting dbus.socket - D-Bus User Message Bus Socket...
Apr 01 16:33:06 fedora systemd[1443]: Listening on pipewire-pulse.socket - PipeWire PulseAudio.
Apr 01 16:33:06 fedora systemd[1443]: Listening on pipewire.socket - PipeWire Multimedia System Sockets.
Apr 01 16:33:06 fedora systemd[1443]: Listening on snapd.session-agent.socket - REST API socket for snapd user session agent.
Apr 01 16:33:06 fedora systemd[1443]: Starting systemd-tmpfiles-setup.service - Create User Files and Directories...
Apr 01 16:33:06 fedora systemd[1443]: Listening on dbus.socket - D-Bus User Message Bus Socket.
Apr 01 16:33:06 fedora systemd[1443]: Reached target sockets.target - Sockets.
Apr 01 16:33:06 fedora systemd[1443]: Finished systemd-tmpfiles-setup.service - Create User Files and Directories.
Apr 01 16:33:06 fedora systemd[1443]: Reached target basic.target - Basic System.
Apr 01 16:33:06 fedora systemd[1443]: gnome-initial-setup-copy-worker.service - GNOME Initial Setup Copy Worker was skipped because of an unmet condition check (ConditionUser=!@system).
Apr 01 16:33:06 fedora systemd[1443]: Reached target default.target - Main User Target.
Apr 01 16:33:06 fedora systemd[1443]: Startup finished in 253ms.
Apr 01 16:33:06 fedora systemd[1]: Started user@42.service - User Manager for UID 42.
Apr 01 16:33:06 fedora audit[1]: SERVICE_START pid=1 uid=0 auid=4294967295 ses=4294967295 subj=system_u:system_r:init_t:s0 msg='unit=user@42 comm="systemd" exe="/usr/lib/systemd/systemd" hostname=? addr=? terminal=? res=success'
Apr 01 16:33:06 fedora systemd[1]: Started session-c1.scope - Session c1 of User gdm.
Apr 01 16:33:06 fedora gdm-launch-environment][1430]: pam_unix(gdm-launch-environment:session): session opened for user gdm(uid=42) by (uid=0)
Apr 01 16:33:06 fedora audit[1430]: USER_START pid=1430 uid=0 auid=4294967295 ses=4294967295 subj=system_u:system_r:xdm_t:s0-s0:c0.c1023 msg='op=PAM:session_open grantors=pam_keyinit,pam_keyinit,pam_limits,pam_systemd,pam_unix,pam_umask acct="gdm" exe="/usr/libexec/gdm-session-worker" hostname=fedora addr=? terminal=/dev/tty1 res=success'
Apr 01 16:33:06 fedora systemd[1443]: Created slice session.slice - User Core Session Slice.
Apr 01 16:33:06 fedora systemd[1443]: Starting dbus-broker.service - D-Bus User Message Bus...
Apr 01 16:33:06 fedora dbus-broker-launch[1464]: Policy to allow eavesdropping in /usr/share/dbus-1/session.conf +31: Eavesdropping is deprecated and ignored
Apr 01 16:33:06 fedora dbus-broker-launch[1464]: Policy to allow eavesdropping in /usr/share/dbus-1/session.conf +33: Eavesdropping is deprecated and ignored
Apr 01 16:33:06 fedora systemd[1443]: Started dbus-broker.service - D-Bus User Message Bus.
Apr 01 16:33:06 fedora dbus-broker-launch[1464]: Ready
Apr 01 16:33:06 fedora /usr/libexec/gdm-wayland-session[1468]: dbus-daemon[1468]: [session uid=42 pid=1468 pidfd=5] Cannot set up inotify for '/var/lib/snapd/dbus-1/services/': Permission denied
Apr 01 16:33:06 fedora /usr/libexec/gdm-wayland-session[1468]: dbus-daemon[1468]: [session uid=42 pid=1468 pidfd=5] Activating service name='org.freedesktop.systemd1' requested by ':1.2' (uid=42 pid=1469 comm="/usr/libexec/gnome-session-binary --autostart /usr" label="system_u:system_r:xdm_t:s0-s0:c0.c1023")
Apr 01 16:33:06 fedora /usr/libexec/gdm-wayland-session[1468]: dbus-daemon[1468]: [session uid=42 pid=1468 pidfd=5] Activated service 'org.freedesktop.systemd1' failed: Process org.freedesktop.systemd1 exited with status 1
Apr 01 16:33:06 fedora gnome-session[1469]: gnome-session-binary[1469]: WARNING: Could not check if unit gnome-session-wayland@gnome-login.target is active: Error calling StartServiceByName for org.freedesktop.systemd1: Process org.freedesktop.systemd1 exited with status 1
Apr 01 16:33:06 fedora gnome-session-binary[1469]: WARNING: Could not check if unit gnome-session-wayland@gnome-login.target is active: Error calling StartServiceByName for org.freedesktop.systemd1: Process org.freedesktop.systemd1 exited with status 1
Apr 01 16:33:06 fedora systemd-logind[1059]: /boot/loader/entries/3092e47ce2fc41378fb626141642a2f0-0-rescue.conf:6: Unknown line 'grub_users', ignoring.
Apr 01 16:33:06 fedora systemd-logind[1059]: /boot/loader/entries/3092e47ce2fc41378fb626141642a2f0-0-rescue.conf:7: Unknown line 'grub_arg', ignoring.
Apr 01 16:33:06 fedora systemd-logind[1059]: /boot/loader/entries/3092e47ce2fc41378fb626141642a2f0-0-rescue.conf:8: Unknown line 'grub_class', ignoring.
Apr 01 16:33:06 fedora systemd-logind[1059]: /boot/loader/entries/3092e47ce2fc41378fb626141642a2f0-6.18.13-100.fc42.x86_64.conf:6: Unknown line 'grub_users', ignoring.
Apr 01 16:33:06 fedora systemd-logind[1059]: /boot/loader/entries/3092e47ce2fc41378fb626141642a2f0-6.18.13-100.fc42.x86_64.conf:7: Unknown line 'grub_arg', ignoring.
Apr 01 16:33:06 fedora systemd-logind[1059]: /boot/loader/entries/3092e47ce2fc41378fb626141642a2f0-6.18.13-100.fc42.x86_64.conf:8: Unknown line 'grub_class', ignoring.
Apr 01 16:33:06 fedora systemd-logind[1059]: /boot/loader/entries/3092e47ce2fc41378fb626141642a2f0-6.18.10-100.fc42.x86_64.conf:6: Unknown line 'grub_users', ignoring.
Apr 01 16:33:06 fedora systemd-logind[1059]: /boot/loader/entries/3092e47ce2fc41378fb626141642a2f0-6.18.10-100.fc42.x86_64.conf:7: Unknown line 'grub_arg', ignoring.
Apr 01 16:33:06 fedora systemd-logind[1059]: /boot/loader/entries/3092e47ce2fc41378fb626141642a2f0-6.18.10-100.fc42.x86_64.conf:8: Unknown line 'grub_class', ignoring.
Apr 01 16:33:06 fedora systemd-logind[1059]: /boot/loader/entries/3092e47ce2fc41378fb626141642a2f0-6.18.7-100.fc42.x86_64.conf:6: Unknown line 'grub_users', ignoring.
Apr 01 16:33:06 fedora systemd-logind[1059]: /boot/loader/entries/3092e47ce2fc41378fb626141642a2f0-6.18.7-100.fc42.x86_64.conf:7: Unknown line 'grub_arg', ignoring.
Apr 01 16:33:06 fedora systemd-logind[1059]: /boot/loader/entries/3092e47ce2fc41378fb626141642a2f0-6.18.7-100.fc42.x86_64.conf:8: Unknown line 'grub_class', ignoring.
Apr 01 16:33:06 fedora gnome-shell[1481]: Running GNOME Shell (using mutter 48.7) as a Wayland display server
Apr 01 16:33:06 fedora systemd-logind[1059]: /boot/loader/entries/3092e47ce2fc41378fb626141642a2f0-0-rescue.conf:6: Unknown line 'grub_users', ignoring.
Apr 01 16:33:06 fedora systemd-logind[1059]: /boot/loader/entries/3092e47ce2fc41378fb626141642a2f0-0-rescue.conf:7: Unknown line 'grub_arg', ignoring.
Apr 01 16:33:06 fedora systemd-logind[1059]: /boot/loader/entries/3092e47ce2fc41378fb626141642a2f0-0-rescue.conf:8: Unknown line 'grub_class', ignoring.
Apr 01 16:33:06 fedora systemd-logind[1059]: /boot/loader/entries/3092e47ce2fc41378fb626141642a2f0-6.18.13-100.fc42.x86_64.conf:6: Unknown line 'grub_users', ignoring.
Apr 01 16:33:06 fedora systemd-logind[1059]: /boot/loader/entries/3092e47ce2fc41378fb626141642a2f0-6.18.13-100.fc42.x86_64.conf:7: Unknown line 'grub_arg', ignoring.
Apr 01 16:33:06 fedora systemd-logind[1059]: /boot/loader/entries/3092e47ce2fc41378fb626141642a2f0-6.18.13-100.fc42.x86_64.conf:8: Unknown line 'grub_class', ignoring.
Apr 01 16:33:06 fedora systemd-logind[1059]: /boot/loader/entries/3092e47ce2fc41378fb626141642a2f0-6.18.10-100.fc42.x86_64.conf:6: Unknown line 'grub_users', ignoring.
Apr 01 16:33:06 fedora systemd-logind[1059]: /boot/loader/entries/3092e47ce2fc41378fb626141642a2f0-6.18.10-100.fc42.x86_64.conf:7: Unknown line 'grub_arg', ignoring.
Apr 01 16:33:06 fedora systemd-logind[1059]: /boot/loader/entries/3092e47ce2fc41378fb626141642a2f0-6.18.10-100.fc42.x86_64.conf:8: Unknown line 'grub_class', ignoring.
Apr 01 16:33:06 fedora systemd-logind[1059]: /boot/loader/entries/3092e47ce2fc41378fb626141642a2f0-6.18.7-100.fc42.x86_64.conf:6: Unknown line 'grub_users', ignoring.
Apr 01 16:33:06 fedora systemd-logind[1059]: /boot/loader/entries/3092e47ce2fc41378fb626141642a2f0-6.18.7-100.fc42.x86_64.conf:7: Unknown line 'grub_arg', ignoring.
Apr 01 16:33:06 fedora systemd-logind[1059]: /boot/loader/entries/3092e47ce2fc41378fb626141642a2f0-6.18.7-100.fc42.x86_64.conf:8: Unknown line 'grub_class', ignoring.
Apr 01 16:33:06 fedora gnome-shell[1481]: Enabling experimental feature 'scale-monitor-framebuffer'
Apr 01 16:33:06 fedora gnome-shell[1481]: Enabling experimental feature 'xwayland-native-scaling'
Apr 01 16:33:06 fedora rsyslogd[1394]: imjournal: journal files changed, reloading...  [v8.2508.0-1.fc42 try https://www.rsyslog.com/e/0 ]
Apr 01 16:33:07 fedora rtkit-daemon[1024]: Successfully made thread 1499 of process 1481 (/usr/bin/gnome-shell) owned by '42' high priority at nice level -15.
Apr 01 16:33:07 fedora gnome-shell[1481]: Thread 'KMS thread' will be using high priority scheduling
Apr 01 16:33:07 fedora gnome-shell[1481]: Device '/dev/dri/card1' prefers shadow buffer
Apr 01 16:33:07 fedora gnome-shell[1481]: Added device '/dev/dri/card1' (nvidia-drm) using atomic mode setting.
Apr 01 16:33:07 fedora gnome-shell[1481]: Created gbm renderer for '/dev/dri/card1'
Apr 01 16:33:07 fedora gnome-shell[1481]: GPU /dev/dri/card1 selected primary from builtin panel presence
Apr 01 16:33:07 fedora gnome-shell[1481]: Obtained a high priority EGL context
Apr 01 16:33:07 fedora /usr/libexec/gdm-wayland-session[1468]: dbus-daemon[1468]: [session uid=42 pid=1468 pidfd=5] Activating service name='org.a11y.Bus' requested by ':1.4' (uid=42 pid=1481 comm="/usr/bin/gnome-shell" label="system_u:system_r:xdm_t:s0-s0:c0.c1023")
Apr 01 16:33:07 fedora /usr/libexec/gdm-wayland-session[1468]: dbus-daemon[1468]: [session uid=42 pid=1468 pidfd=5] Successfully activated service 'org.a11y.Bus'
Apr 01 16:33:07 fedora gnome-shell[1481]: Using public X11 display :1024, (using :1025 for managed services)
Apr 01 16:33:07 fedora gnome-shell[1481]: Using Wayland display name 'wayland-0'
Apr 01 16:33:07 fedora /usr/libexec/gdm-wayland-session[1522]: dbus-daemon[1522]: Activating service name='org.a11y.atspi.Registry' requested by ':1.0' (uid=42 pid=1481 comm="/usr/bin/gnome-shell" label="system_u:system_r:xdm_t:s0-s0:c0.c1023")
Apr 01 16:33:07 fedora /usr/libexec/gdm-wayland-session[1522]: dbus-daemon[1522]: Successfully activated service 'org.a11y.atspi.Registry'
Apr 01 16:33:07 fedora /usr/libexec/gdm-wayland-session[1525]: SpiRegistry daemon is running with well-known name - org.a11y.atspi.Registry
Apr 01 16:33:07 fedora systemd[1]: Starting colord.service - Manage, Install and Generate Color Profiles...
Apr 01 16:33:07 fedora systemd[1]: Started colord.service - Manage, Install and Generate Color Profiles.
Apr 01 16:33:07 fedora audit[1]: SERVICE_START pid=1 uid=0 auid=4294967295 ses=4294967295 subj=system_u:system_r:init_t:s0 msg='unit=colord comm="systemd" exe="/usr/lib/systemd/systemd" hostname=? addr=? terminal=? res=success'
Apr 01 16:33:08 fedora systemd-logind[1059]: /boot/loader/entries/3092e47ce2fc41378fb626141642a2f0-0-rescue.conf:6: Unknown line 'grub_users', ignoring.
Apr 01 16:33:08 fedora systemd-logind[1059]: /boot/loader/entries/3092e47ce2fc41378fb626141642a2f0-0-rescue.conf:7: Unknown line 'grub_arg', ignoring.
Apr 01 16:33:08 fedora systemd-logind[1059]: /boot/loader/entries/3092e47ce2fc41378fb626141642a2f0-0-rescue.conf:8: Unknown line 'grub_class', ignoring.
Apr 01 16:33:08 fedora systemd-logind[1059]: /boot/loader/entries/3092e47ce2fc41378fb626141642a2f0-6.18.13-100.fc42.x86_64.conf:6: Unknown line 'grub_users', ignoring.
Apr 01 16:33:08 fedora systemd-logind[1059]: /boot/loader/entries/3092e47ce2fc41378fb626141642a2f0-6.18.13-100.fc42.x86_64.conf:7: Unknown line 'grub_arg', ignoring.
Apr 01 16:33:08 fedora systemd-logind[1059]: /boot/loader/entries/3092e47ce2fc41378fb626141642a2f0-6.18.13-100.fc42.x86_64.conf:8: Unknown line 'grub_class', ignoring.
Apr 01 16:33:08 fedora systemd-logind[1059]: /boot/loader/entries/3092e47ce2fc41378fb626141642a2f0-6.18.10-100.fc42.x86_64.conf:6: Unknown line 'grub_users', ignoring.
Apr 01 16:33:08 fedora systemd-logind[1059]: /boot/loader/entries/3092e47ce2fc41378fb626141642a2f0-6.18.10-100.fc42.x86_64.conf:7: Unknown line 'grub_arg', ignoring.
Apr 01 16:33:08 fedora systemd-logind[1059]: /boot/loader/entries/3092e47ce2fc41378fb626141642a2f0-6.18.10-100.fc42.x86_64.conf:8: Unknown line 'grub_class', ignoring.
Apr 01 16:33:08 fedora systemd-logind[1059]: /boot/loader/entries/3092e47ce2fc41378fb626141642a2f0-6.18.7-100.fc42.x86_64.conf:6: Unknown line 'grub_users', ignoring.
Apr 01 16:33:08 fedora systemd-logind[1059]: /boot/loader/entries/3092e47ce2fc41378fb626141642a2f0-6.18.7-100.fc42.x86_64.conf:7: Unknown line 'grub_arg', ignoring.
Apr 01 16:33:08 fedora systemd-logind[1059]: /boot/loader/entries/3092e47ce2fc41378fb626141642a2f0-6.18.7-100.fc42.x86_64.conf:8: Unknown line 'grub_class', ignoring.
Apr 01 16:33:08 fedora gnome-shell[1481]: Unset XDG_SESSION_ID, getCurrentSessionProxy() called outside a user session. Asking logind directly.
Apr 01 16:33:08 fedora audit: BPF prog-id=80 op=LOAD
Apr 01 16:33:08 fedora audit: BPF prog-id=81 op=LOAD
Apr 01 16:33:08 fedora audit: BPF prog-id=82 op=LOAD
Apr 01 16:33:08 fedora systemd[1]: Starting systemd-localed.service - Locale Service...
Apr 01 16:33:08 fedora /usr/libexec/gdm-wayland-session[1468]: dbus-daemon[1468]: [session uid=42 pid=1468 pidfd=5] Activating service name='org.gnome.Shell.Screencast' requested by ':1.3' (uid=42 pid=1481 comm="/usr/bin/gnome-shell" label="system_u:system_r:xdm_t:s0-s0:c0.c1023")
Apr 01 16:33:08 fedora /usr/libexec/gdm-wayland-session[1468]: dbus-daemon[1468]: [session uid=42 pid=1468 pidfd=5] Activating service name='org.freedesktop.impl.portal.PermissionStore' requested by ':1.3' (uid=42 pid=1481 comm="/usr/bin/gnome-shell" label="system_u:system_r:xdm_t:s0-s0:c0.c1023")
Apr 01 16:33:08 fedora /usr/libexec/gdm-wayland-session[1468]: dbus-daemon[1468]: [session uid=42 pid=1468 pidfd=5] Successfully activated service 'org.freedesktop.impl.portal.PermissionStore'
Apr 01 16:33:08 fedora systemd[1]: Started systemd-localed.service - Locale Service.
Apr 01 16:33:08 fedora audit[1]: SERVICE_START pid=1 uid=0 auid=4294967295 ses=4294967295 subj=system_u:system_r:init_t:s0 msg='unit=systemd-localed comm="systemd" exe="/usr/lib/systemd/systemd" hostname=? addr=? terminal=? res=success'
Apr 01 16:33:08 fedora gnome-shell[1481]: Registering session with GDM
Apr 01 16:33:08 fedora /usr/libexec/gdm-wayland-session[1468]: dbus-daemon[1468]: [session uid=42 pid=1468 pidfd=5] Activating service name='org.gnome.Shell.Notifications' requested by ':1.3' (uid=42 pid=1481 comm="/usr/bin/gnome-shell" label="system_u:system_r:xdm_t:s0-s0:c0.c1023")
Apr 01 16:33:08 fedora gnome-shell[1481]: Extension apps-menu@gnome-shell-extensions.gcampax.github.com already installed in /usr/share/gnome-shell/extensions/apps-menu@gnome-shell-extensions.gcampax.github.com. /usr/share/gnome-shell/extensions/apps-menu@gnome-shell-extensions.gcampax.github.com will not be loaded
Apr 01 16:33:08 fedora systemd[1]: Starting packagekit.service - PackageKit Daemon...
Apr 01 16:33:08 fedora gnome-shell[1481]: Extension background-logo@fedorahosted.org already installed in /usr/share/gnome-shell/extensions/background-logo@fedorahosted.org. /usr/share/gnome-shell/extensions/background-logo@fedorahosted.org will not be loaded
Apr 01 16:33:08 fedora gnome-shell[1481]: Extension launch-new-instance@gnome-shell-extensions.gcampax.github.com already installed in /usr/share/gnome-shell/extensions/launch-new-instance@gnome-shell-extensions.gcampax.github.com. /usr/share/gnome-shell/extensions/launch-new-instance@gnome-shell-extensions.gcampax.github.com will not be loaded
Apr 01 16:33:08 fedora gnome-shell[1481]: Extension places-menu@gnome-shell-extensions.gcampax.github.com already installed in /usr/share/gnome-shell/extensions/places-menu@gnome-shell-extensions.gcampax.github.com. /usr/share/gnome-shell/extensions/places-menu@gnome-shell-extensions.gcampax.github.com will not be loaded
Apr 01 16:33:08 fedora gnome-shell[1481]: Extension window-list@gnome-shell-extensions.gcampax.github.com already installed in /usr/share/gnome-shell/extensions/window-list@gnome-shell-extensions.gcampax.github.com. /usr/share/gnome-shell/extensions/window-list@gnome-shell-extensions.gcampax.github.com will not be loaded
Apr 01 16:33:08 fedora gnome-shell[1481]: Failed to parse saved session file: Failed to open file “/var/lib/gdm/.config/mutter/sessions/10bd8a2175717ebea1177504138683636200000014690000.ms”: No such file or directory
Apr 01 16:33:08 fedora PackageKit[1562]: daemon start
Apr 01 16:33:08 fedora /usr/libexec/gdm-wayland-session[1468]: dbus-daemon[1468]: [session uid=42 pid=1468 pidfd=5] Successfully activated service 'org.gnome.Shell.Notifications'
Apr 01 16:33:08 fedora gnome-shell[1481]: Will monitor session c1
Apr 01 16:33:08 fedora gnome-shell[1481]: Error looking up permission: GDBus.Error:org.freedesktop.portal.Error.NotFound: No entry for geolocation
Apr 01 16:33:08 fedora kernel: rfkill: input handler disabled
Apr 01 16:33:08 fedora /usr/libexec/gdm-wayland-session[1468]: dbus-daemon[1468]: [session uid=42 pid=1468 pidfd=5] Activating service name='org.freedesktop.systemd1' requested by ':1.20' (uid=42 pid=1656 comm="/usr/libexec/gsd-housekeeping" label="system_u:system_r:xdm_t:s0-s0:c0.c1023")
Apr 01 16:33:08 fedora /usr/libexec/gdm-wayland-session[1468]: dbus-daemon[1468]: [session uid=42 pid=1468 pidfd=5] Activated service 'org.freedesktop.systemd1' failed: Process org.freedesktop.systemd1 exited with status 1
Apr 01 16:33:08 fedora systemd[1]: Started pcscd.service - PC/SC Smart Card Daemon.
Apr 01 16:33:08 fedora audit[1]: SERVICE_START pid=1 uid=0 auid=4294967295 ses=4294967295 subj=system_u:system_r:init_t:s0 msg='unit=pcscd comm="systemd" exe="/usr/lib/systemd/systemd" hostname=? addr=? terminal=? res=success'
Apr 01 16:33:08 fedora /usr/libexec/gdm-wayland-session[1468]: dbus-daemon[1468]: [session uid=42 pid=1468 pidfd=5] Activating service name='org.freedesktop.systemd1' requested by ':1.9' (uid=42 pid=1587 comm="/usr/libexec/gsd-sharing" label="system_u:system_r:xdm_t:s0-s0:c0.c1023")
Apr 01 16:33:08 fedora /usr/libexec/gdm-wayland-session[1468]: dbus-daemon[1468]: [session uid=42 pid=1468 pidfd=5] Activated service 'org.freedesktop.systemd1' failed: Process org.freedesktop.systemd1 exited with status 1
Apr 01 16:33:08 fedora gsd-sharing[1587]: Failed to handle service change: GDBus.Error:org.freedesktop.DBus.Error.Spawn.ChildExited: Process org.freedesktop.systemd1 exited with status 1
Apr 01 16:33:08 fedora gsd-sharing[1587]: Failed to handle service change: GDBus.Error:org.freedesktop.DBus.Error.Spawn.ChildExited: Process org.freedesktop.systemd1 exited with status 1
Apr 01 16:33:08 fedora /usr/libexec/gdm-wayland-session[1468]: dbus-daemon[1468]: [session uid=42 pid=1468 pidfd=5] Activating service name='org.freedesktop.portal.IBus' requested by ':1.24' (uid=42 pid=1595 comm="ibus-daemon --panel disable" label="system_u:system_r:xdm_t:s0-s0:c0.c1023")
Apr 01 16:33:08 fedora /usr/libexec/gdm-wayland-session[1468]: dbus-daemon[1468]: [session uid=42 pid=1468 pidfd=5] Successfully activated service 'org.freedesktop.portal.IBus'
Apr 01 16:33:08 fedora org.gnome.Shell.desktop[1718]: The XKEYBOARD keymap compiler (xkbcomp) reports:
Apr 01 16:33:08 fedora org.gnome.Shell.desktop[1718]: > Warning:          Could not resolve keysym XF86RefreshRateToggle
Apr 01 16:33:08 fedora org.gnome.Shell.desktop[1718]: > Warning:          Could not resolve keysym XF86Accessibility
Apr 01 16:33:08 fedora org.gnome.Shell.desktop[1718]: > Warning:          Could not resolve keysym XF86DoNotDisturb
Apr 01 16:33:08 fedora org.gnome.Shell.desktop[1718]: Errors from xkbcomp are not fatal to the X server
Apr 01 16:33:08 fedora systemd[1]: Started packagekit.service - PackageKit Daemon.
Apr 01 16:33:08 fedora audit[1]: SERVICE_START pid=1 uid=0 auid=4294967295 ses=4294967295 subj=system_u:system_r:init_t:s0 msg='unit=packagekit comm="systemd" exe="/usr/lib/systemd/systemd" hostname=? addr=? terminal=? res=success'
Apr 01 16:33:08 fedora NetworkManager[1241]: <info>  [1775041388.5328] agent-manager: agent[a6fdc83df305dab5,:1.36/org.gnome.Shell.NetworkAgent/42]: agent registered
Apr 01 16:33:08 fedora systemd[1443]: Started pipewire.service - PipeWire Multimedia Service.
Apr 01 16:33:08 fedora systemd[1443]: Started wireplumber.service - Multimedia Service Session Manager.
Apr 01 16:33:08 fedora systemd[1443]: Started pipewire-pulse.service - PipeWire PulseAudio.
Apr 01 16:33:08 fedora systemd[1]: Starting geoclue.service - Location Lookup Service...
Apr 01 16:33:08 fedora systemd[1]: Starting tuned.service - Dynamic System Tuning Daemon...
Apr 01 16:33:08 fedora audit[1823]: AVC avc:  denied  { execute } for  pid=1823 comm="(tuned)" name="python3.13" dev="nvme1n1p3" ino=2007439 scontext=system_u:system_r:init_t:s0 tcontext=unconfined_u:object_r:user_home_t:s0 tclass=file permissive=0
Apr 01 16:33:08 fedora (tuned)[1823]: tuned.service: Failed to execute /usr/sbin/tuned: Permission denied
Apr 01 16:33:08 fedora (tuned)[1823]: tuned.service: Failed at step EXEC spawning /usr/sbin/tuned: Permission denied
Apr 01 16:33:08 fedora systemd[1]: tuned.service: Main process exited, code=exited, status=203/EXEC
Apr 01 16:33:08 fedora systemd[1]: tuned.service: Failed with result 'exit-code'.
Apr 01 16:33:08 fedora systemd[1]: Failed to start tuned.service - Dynamic System Tuning Daemon.
Apr 01 16:33:08 fedora systemd[1]: Dependency failed for tuned-ppd.service - PPD-to-TuneD API Translation Daemon.
Apr 01 16:33:08 fedora systemd[1]: tuned-ppd.service: Job tuned-ppd.service/start failed with result 'dependency'.
Apr 01 16:33:08 fedora audit[1]: SERVICE_START pid=1 uid=0 auid=4294967295 ses=4294967295 subj=system_u:system_r:init_t:s0 msg='unit=tuned comm="systemd" exe="/usr/lib/systemd/systemd" hostname=? addr=? terminal=? res=failed'
Apr 01 16:33:08 fedora gnome-shell[1481]: Type interface of property NM.Object::client does not match return type void of getter get_client. Falling back to slow path
Apr 01 16:33:08 fedora systemd[1]: Started geoclue.service - Location Lookup Service.
Apr 01 16:33:08 fedora audit[1]: SERVICE_START pid=1 uid=0 auid=4294967295 ses=4294967295 subj=system_u:system_r:init_t:s0 msg='unit=geoclue comm="systemd" exe="/usr/lib/systemd/systemd" hostname=? addr=? terminal=? res=success'
Apr 01 16:33:08 fedora chronyd[1014]: Selected source 139.59.55.93 (2.fedora.pool.ntp.org)
Apr 01 16:33:08 fedora chronyd[1014]: System clock TAI offset set to 37 seconds
Apr 01 16:33:08 fedora org.gnome.Shell.desktop[1871]: The XKEYBOARD keymap compiler (xkbcomp) reports:
Apr 01 16:33:08 fedora org.gnome.Shell.desktop[1871]: > Warning:          Unsupported maximum keycode 708, clipping.
Apr 01 16:33:08 fedora org.gnome.Shell.desktop[1871]: >                   X11 cannot support keycodes above 255.
Apr 01 16:33:08 fedora org.gnome.Shell.desktop[1871]: > Warning:          Could not resolve keysym XF86RefreshRateToggle
Apr 01 16:33:08 fedora org.gnome.Shell.desktop[1871]: > Warning:          Could not resolve keysym XF86Accessibility
Apr 01 16:33:08 fedora org.gnome.Shell.desktop[1871]: > Warning:          Could not resolve keysym XF86DoNotDisturb
Apr 01 16:33:08 fedora org.gnome.Shell.desktop[1871]: Errors from xkbcomp are not fatal to the X server
Apr 01 16:33:08 fedora systemd-logind[1059]: /boot/loader/entries/3092e47ce2fc41378fb626141642a2f0-0-rescue.conf:6: Unknown line 'grub_users', ignoring.
Apr 01 16:33:08 fedora systemd-logind[1059]: /boot/loader/entries/3092e47ce2fc41378fb626141642a2f0-0-rescue.conf:7: Unknown line 'grub_arg', ignoring.
Apr 01 16:33:08 fedora systemd-logind[1059]: /boot/loader/entries/3092e47ce2fc41378fb626141642a2f0-0-rescue.conf:8: Unknown line 'grub_class', ignoring.
Apr 01 16:33:08 fedora systemd-logind[1059]: /boot/loader/entries/3092e47ce2fc41378fb626141642a2f0-6.18.13-100.fc42.x86_64.conf:6: Unknown line 'grub_users', ignoring.
Apr 01 16:33:08 fedora systemd-logind[1059]: /boot/loader/entries/3092e47ce2fc41378fb626141642a2f0-6.18.13-100.fc42.x86_64.conf:7: Unknown line 'grub_arg', ignoring.
Apr 01 16:33:08 fedora systemd-logind[1059]: /boot/loader/entries/3092e47ce2fc41378fb626141642a2f0-6.18.13-100.fc42.x86_64.conf:8: Unknown line 'grub_class', ignoring.
Apr 01 16:33:08 fedora systemd-logind[1059]: /boot/loader/entries/3092e47ce2fc41378fb626141642a2f0-6.18.10-100.fc42.x86_64.conf:6: Unknown line 'grub_users', ignoring.
Apr 01 16:33:08 fedora systemd-logind[1059]: /boot/loader/entries/3092e47ce2fc41378fb626141642a2f0-6.18.10-100.fc42.x86_64.conf:7: Unknown line 'grub_arg', ignoring.
Apr 01 16:33:08 fedora systemd-logind[1059]: /boot/loader/entries/3092e47ce2fc41378fb626141642a2f0-6.18.10-100.fc42.x86_64.conf:8: Unknown line 'grub_class', ignoring.
Apr 01 16:33:08 fedora systemd-logind[1059]: /boot/loader/entries/3092e47ce2fc41378fb626141642a2f0-6.18.7-100.fc42.x86_64.conf:6: Unknown line 'grub_users', ignoring.
Apr 01 16:33:08 fedora systemd-logind[1059]: /boot/loader/entries/3092e47ce2fc41378fb626141642a2f0-6.18.7-100.fc42.x86_64.conf:7: Unknown line 'grub_arg', ignoring.
Apr 01 16:33:08 fedora systemd-logind[1059]: /boot/loader/entries/3092e47ce2fc41378fb626141642a2f0-6.18.7-100.fc42.x86_64.conf:8: Unknown line 'grub_class', ignoring.
Apr 01 16:33:08 fedora systemd-logind[1059]: /boot/loader/entries/3092e47ce2fc41378fb626141642a2f0-0-rescue.conf:6: Unknown line 'grub_users', ignoring.
Apr 01 16:33:08 fedora systemd-logind[1059]: /boot/loader/entries/3092e47ce2fc41378fb626141642a2f0-0-rescue.conf:7: Unknown line 'grub_arg', ignoring.
Apr 01 16:33:08 fedora systemd-logind[1059]: /boot/loader/entries/3092e47ce2fc41378fb626141642a2f0-0-rescue.conf:8: Unknown line 'grub_class', ignoring.
Apr 01 16:33:08 fedora systemd-logind[1059]: /boot/loader/entries/3092e47ce2fc41378fb626141642a2f0-6.18.13-100.fc42.x86_64.conf:6: Unknown line 'grub_users', ignoring.
Apr 01 16:33:08 fedora systemd-logind[1059]: /boot/loader/entries/3092e47ce2fc41378fb626141642a2f0-6.18.13-100.fc42.x86_64.conf:7: Unknown line 'grub_arg', ignoring.
Apr 01 16:33:08 fedora systemd-logind[1059]: /boot/loader/entries/3092e47ce2fc41378fb626141642a2f0-6.18.13-100.fc42.x86_64.conf:8: Unknown line 'grub_class', ignoring.
Apr 01 16:33:08 fedora systemd-logind[1059]: /boot/loader/entries/3092e47ce2fc41378fb626141642a2f0-6.18.10-100.fc42.x86_64.conf:6: Unknown line 'grub_users', ignoring.
Apr 01 16:33:08 fedora systemd-logind[1059]: /boot/loader/entries/3092e47ce2fc41378fb626141642a2f0-6.18.10-100.fc42.x86_64.conf:7: Unknown line 'grub_arg', ignoring.
Apr 01 16:33:08 fedora systemd-logind[1059]: /boot/loader/entries/3092e47ce2fc41378fb626141642a2f0-6.18.10-100.fc42.x86_64.conf:8: Unknown line 'grub_class', ignoring.
Apr 01 16:33:08 fedora systemd-logind[1059]: /boot/loader/entries/3092e47ce2fc41378fb626141642a2f0-6.18.7-100.fc42.x86_64.conf:6: Unknown line 'grub_users', ignoring.
Apr 01 16:33:08 fedora systemd-logind[1059]: /boot/loader/entries/3092e47ce2fc41378fb626141642a2f0-6.18.7-100.fc42.x86_64.conf:7: Unknown line 'grub_arg', ignoring.
Apr 01 16:33:08 fedora systemd-logind[1059]: /boot/loader/entries/3092e47ce2fc41378fb626141642a2f0-6.18.7-100.fc42.x86_64.conf:8: Unknown line 'grub_class', ignoring.
Apr 01 16:33:08 fedora spice-vdagent[1878]: vdagent virtio channel /dev/virtio-ports/com.redhat.spice.0 does not exist, exiting
Apr 01 16:33:08 fedora gnome-session-binary[1469]: Entering running state
Apr 01 16:33:08 fedora /usr/libexec/gdm-wayland-session[1468]: dbus-daemon[1468]: [session uid=42 pid=1468 pidfd=5] Activating service name='org.freedesktop.portal.IBus' requested by ':1.33' (uid=42 pid=1855 comm="ibus-daemon --panel disable -r --xim" label="system_u:system_r:xdm_t:s0-s0:c0.c1023")
Apr 01 16:33:08 fedora /usr/libexec/gdm-wayland-session[1468]: dbus-daemon[1468]: [session uid=42 pid=1468 pidfd=5] Successfully activated service 'org.freedesktop.portal.IBus'
Apr 01 16:33:08 fedora audit: BPF prog-id=83 op=LOAD
Apr 01 16:33:08 fedora systemd[1]: Starting realmd.service - Realm and Domain Configuration...
Apr 01 16:33:08 fedora /usr/libexec/gdm-wayland-session[1468]: dbus-daemon[1468]: [session uid=42 pid=1468 pidfd=5] Activating service name='org.gnome.ScreenSaver' requested by ':1.22' (uid=42 pid=1659 comm="/usr/libexec/gsd-power" label="system_u:system_r:xdm_t:s0-s0:c0.c1023")
Apr 01 16:33:08 fedora gsd-media-keys[1625]: Failed to grab accelerator for keybinding settings:hibernate
Apr 01 16:33:08 fedora gsd-media-keys[1625]: Failed to grab accelerator for keybinding settings:playback-repeat
Apr 01 16:33:08 fedora audit: BPF prog-id=84 op=LOAD
Apr 01 16:33:08 fedora systemd[1]: Starting fprintd.service - Fingerprint Authentication Daemon...
Apr 01 16:33:08 fedora /usr/libexec/gdm-wayland-session[1468]: dbus-daemon[1468]: [session uid=42 pid=1468 pidfd=5] Activating service name='org.freedesktop.portal.Desktop' requested by ':1.36' (uid=42 pid=1847 comm="/usr/libexec/mutter-x11-frames" label="system_u:system_r:xdm_t:s0-s0:c0.c1023")
Apr 01 16:33:08 fedora /usr/libexec/gdm-wayland-session[1468]: dbus-daemon[1468]: [session uid=42 pid=1468 pidfd=5] Successfully activated service 'org.gnome.ScreenSaver'
Apr 01 16:33:08 fedora realmd[1916]: Loaded settings from: /usr/lib/realmd/realmd-defaults.conf /usr/lib/realmd/realmd-distro.conf
Apr 01 16:33:08 fedora realmd[1916]: holding daemon: startup
Apr 01 16:33:08 fedora realmd[1916]: starting service
Apr 01 16:33:08 fedora realmd[1916]: connected to bus
Apr 01 16:33:08 fedora rtkit-daemon[1024]: Successfully made thread 1816 of process 1816 (/usr/bin/pipewire) owned by '42' high priority at nice level -11.
Apr 01 16:33:08 fedora realmd[1916]: GLib-GIO: _g_io_module_get_default: Found default implementation local (GLocalVfs) for ‘gio-vfs’
Apr 01 16:33:08 fedora realmd[1916]: released daemon: startup
Apr 01 16:33:08 fedora realmd[1916]: claimed name on bus: org.freedesktop.realmd
Apr 01 16:33:08 fedora systemd[1]: Started realmd.service - Realm and Domain Configuration.
Apr 01 16:33:08 fedora audit[1]: SERVICE_START pid=1 uid=0 auid=4294967295 ses=4294967295 subj=system_u:system_r:init_t:s0 msg='unit=realmd comm="systemd" exe="/usr/lib/systemd/systemd" hostname=? addr=? terminal=? res=success'
Apr 01 16:33:08 fedora /usr/libexec/gdm-wayland-session[1468]: dbus-daemon[1468]: [session uid=42 pid=1468 pidfd=5] Activating service name='org.freedesktop.portal.Documents' requested by ':1.38' (uid=42 pid=1956 comm="/usr/libexec/xdg-desktop-portal" label="system_u:system_r:xdm_t:s0-s0:c0.c1023")
Apr 01 16:33:08 fedora systemd[1]: Starting tuned.service - Dynamic System Tuning Daemon...
Apr 01 16:33:08 fedora /usr/libexec/gdm-wayland-session[1468]: dbus-daemon[1468]: [session uid=42 pid=1468 pidfd=5] Successfully activated service 'org.freedesktop.portal.Documents'
Apr 01 16:33:08 fedora audit[1973]: AVC avc:  denied  { execute } for  pid=1973 comm="(tuned)" name="python3.13" dev="nvme1n1p3" ino=2007439 scontext=system_u:system_r:init_t:s0 tcontext=unconfined_u:object_r:user_home_t:s0 tclass=file permissive=0
Apr 01 16:33:08 fedora (tuned)[1973]: tuned.service: Failed to execute /usr/sbin/tuned: Permission denied
Apr 01 16:33:08 fedora (tuned)[1973]: tuned.service: Failed at step EXEC spawning /usr/sbin/tuned: Permission denied
Apr 01 16:33:08 fedora /usr/libexec/gdm-wayland-session[1468]: dbus-daemon[1468]: [session uid=42 pid=1468 pidfd=5] Activating service name='org.freedesktop.impl.portal.desktop.gnome' requested by ':1.38' (uid=42 pid=1956 comm="/usr/libexec/xdg-desktop-portal" label="system_u:system_r:xdm_t:s0-s0:c0.c1023")
Apr 01 16:33:08 fedora systemd[1]: tuned.service: Main process exited, code=exited, status=203/EXEC
Apr 01 16:33:08 fedora systemd[1]: tuned.service: Failed with result 'exit-code'.
Apr 01 16:33:08 fedora systemd[1]: Failed to start tuned.service - Dynamic System Tuning Daemon.
Apr 01 16:33:08 fedora systemd[1]: Dependency failed for tuned-ppd.service - PPD-to-TuneD API Translation Daemon.
Apr 01 16:33:08 fedora systemd[1]: tuned-ppd.service: Job tuned-ppd.service/start failed with result 'dependency'.
Apr 01 16:33:08 fedora audit[1]: SERVICE_START pid=1 uid=0 auid=4294967295 ses=4294967295 subj=system_u:system_r:init_t:s0 msg='unit=tuned comm="systemd" exe="/usr/lib/systemd/systemd" hostname=? addr=? terminal=? res=failed'
Apr 01 16:33:08 fedora systemd[1]: Started fprintd.service - Fingerprint Authentication Daemon.
Apr 01 16:33:08 fedora audit[1]: SERVICE_START pid=1 uid=0 auid=4294967295 ses=4294967295 subj=system_u:system_r:init_t:s0 msg='unit=fprintd comm="systemd" exe="/usr/lib/systemd/systemd" hostname=? addr=? terminal=? res=success'
Apr 01 16:33:08 fedora rtkit-daemon[1024]: Successfully made thread 1818 of process 1818 (/usr/bin/pipewire) owned by '42' high priority at nice level -11.
Apr 01 16:33:08 fedora /usr/libexec/gdm-wayland-session[1468]: dbus-daemon[1468]: [session uid=42 pid=1468 pidfd=5] Successfully activated service 'org.gnome.Shell.Screencast'
Apr 01 16:33:08 fedora rtkit-daemon[1024]: Successfully made thread 1830 of process 1816 (/usr/bin/pipewire) owned by '42' RT at priority 20.
Apr 01 16:33:08 fedora /usr/libexec/gdm-wayland-session[1468]: dbus-daemon[1468]: [session uid=42 pid=1468 pidfd=5] Activating service name='org.gnome.Settings.GlobalShortcutsProvider' requested by ':1.40' (uid=42 pid=1990 comm="/usr/libexec/xdg-desktop-portal-gnome" label="system_u:system_r:xdm_t:s0-s0:c0.c1023")
Apr 01 16:33:08 fedora rtkit-daemon[1024]: Successfully made thread 1831 of process 1818 (/usr/bin/pipewire) owned by '42' RT at priority 20.
Apr 01 16:33:08 fedora rtkit-daemon[1024]: Successfully made thread 1817 of process 1817 (/usr/bin/wireplumber) owned by '42' high priority at nice level -11.
Apr 01 16:33:08 fedora rtkit-daemon[1024]: Successfully made thread 1842 of process 1817 (/usr/bin/wireplumber) owned by '42' RT at priority 20.
Apr 01 16:33:08 fedora /usr/libexec/gdm-wayland-session[1468]: dbus-daemon[1468]: [session uid=42 pid=1468 pidfd=5] Successfully activated service 'org.gnome.Settings.GlobalShortcutsProvider'
Apr 01 16:33:08 fedora /usr/libexec/gdm-wayland-session[1468]: dbus-daemon[1468]: [session uid=42 pid=1468 pidfd=5] Successfully activated service 'org.freedesktop.impl.portal.desktop.gnome'
Apr 01 16:33:08 fedora /usr/libexec/gdm-wayland-session[1468]: dbus-daemon[1468]: [session uid=42 pid=1468 pidfd=5] Activating service name='org.freedesktop.impl.portal.desktop.gtk' requested by ':1.38' (uid=42 pid=1956 comm="/usr/libexec/xdg-desktop-portal" label="system_u:system_r:xdm_t:s0-s0:c0.c1023")
Apr 01 16:33:08 fedora gsd-media-keys[1625]: Unable to get default sink
Apr 01 16:33:08 fedora kernel: Bluetooth: RFCOMM TTY layer initialized
Apr 01 16:33:08 fedora kernel: Bluetooth: RFCOMM socket layer initialized
Apr 01 16:33:08 fedora kernel: Bluetooth: RFCOMM ver 1.11
Apr 01 16:33:08 fedora bluetoothd[1003]: Endpoint registered: sender=:1.78 path=/MediaEndpoint/A2DPSource/ldac
Apr 01 16:33:08 fedora bluetoothd[1003]: Endpoint registered: sender=:1.78 path=/MediaEndpoint/A2DPSink/aac
Apr 01 16:33:08 fedora bluetoothd[1003]: Endpoint registered: sender=:1.78 path=/MediaEndpoint/A2DPSource/aac
Apr 01 16:33:08 fedora bluetoothd[1003]: Endpoint registered: sender=:1.78 path=/MediaEndpoint/A2DPSink/opus_g
Apr 01 16:33:08 fedora bluetoothd[1003]: Endpoint registered: sender=:1.78 path=/MediaEndpoint/A2DPSource/opus_g
Apr 01 16:33:08 fedora bluetoothd[1003]: Endpoint registered: sender=:1.78 path=/MediaEndpoint/A2DPSink/sbc
Apr 01 16:33:08 fedora bluetoothd[1003]: Endpoint registered: sender=:1.78 path=/MediaEndpoint/A2DPSource/sbc
Apr 01 16:33:08 fedora bluetoothd[1003]: Endpoint registered: sender=:1.78 path=/MediaEndpoint/A2DPSource/faststream
Apr 01 16:33:08 fedora bluetoothd[1003]: Endpoint registered: sender=:1.78 path=/MediaEndpoint/A2DPSource/faststream_duplex
Apr 01 16:33:08 fedora bluetoothd[1003]: Endpoint registered: sender=:1.78 path=/MediaEndpoint/A2DPSink/opus_05
Apr 01 16:33:08 fedora bluetoothd[1003]: Endpoint registered: sender=:1.78 path=/MediaEndpoint/A2DPSource/opus_05
Apr 01 16:33:08 fedora bluetoothd[1003]: Endpoint registered: sender=:1.78 path=/MediaEndpoint/A2DPSink/opus_05_duplex
Apr 01 16:33:08 fedora bluetoothd[1003]: Endpoint registered: sender=:1.78 path=/MediaEndpoint/A2DPSource/opus_05_duplex
Apr 01 16:33:08 fedora gnome-shell[1481]: gvc_mixer_ui_device_get_description: assertion 'GVC_IS_MIXER_UI_DEVICE (device)' failed
Apr 01 16:33:08 fedora gnome-shell[1481]: gvc_mixer_ui_device_get_id: assertion 'GVC_IS_MIXER_UI_DEVICE (device)' failed
Apr 01 16:33:09 fedora /usr/libexec/gdm-wayland-session[1468]: dbus-daemon[1468]: [session uid=42 pid=1468 pidfd=5] Successfully activated service 'org.freedesktop.impl.portal.desktop.gtk'
Apr 01 16:33:09 fedora /usr/libexec/gdm-wayland-session[1468]: dbus-daemon[1468]: [session uid=42 pid=1468 pidfd=5] Activating service name='org.freedesktop.secrets' requested by ':1.38' (uid=42 pid=1956 comm="/usr/libexec/xdg-desktop-portal" label="system_u:system_r:xdm_t:s0-s0:c0.c1023")
Apr 01 16:33:09 fedora wireplumber[1817]: [0:00:20.228666977] [1817]  INFO Camera camera_manager.cpp:327 libcamera v0.4.0
Apr 01 16:33:09 fedora gnome-keyring-daemon[2067]: couldn't access control socket: /run/user/42/keyring/control: No such file or directory
Apr 01 16:33:09 fedora gnome-keyring-daemon[2067]: discover_other_daemon: 0
Apr 01 16:33:09 fedora gnome-keyring-d[2067]: couldn't access control socket: /run/user/42/keyring/control: No such file or directory
Apr 01 16:33:09 fedora /usr/libexec/gdm-wayland-session[2067]: discover_other_daemon: 0
Apr 01 16:33:09 fedora /usr/libexec/gdm-wayland-session[1468]: dbus-daemon[1468]: [session uid=42 pid=1468 pidfd=5] Successfully activated service 'org.freedesktop.secrets'
Apr 01 16:33:09 fedora /usr/libexec/gdm-wayland-session[1468]: dbus-daemon[1468]: [session uid=42 pid=1468 pidfd=5] Successfully activated service 'org.freedesktop.portal.Desktop'
Apr 01 16:33:09 fedora systemd[1]: Starting tuned.service - Dynamic System Tuning Daemon...
Apr 01 16:33:09 fedora audit[2077]: AVC avc:  denied  { execute } for  pid=2077 comm="(tuned)" name="python3.13" dev="nvme1n1p3" ino=2007439 scontext=system_u:system_r:init_t:s0 tcontext=unconfined_u:object_r:user_home_t:s0 tclass=file permissive=0
Apr 01 16:33:09 fedora (tuned)[2077]: tuned.service: Failed to execute /usr/sbin/tuned: Permission denied
Apr 01 16:33:09 fedora (tuned)[2077]: tuned.service: Failed at step EXEC spawning /usr/sbin/tuned: Permission denied
Apr 01 16:33:09 fedora systemd[1]: tuned.service: Main process exited, code=exited, status=203/EXEC
Apr 01 16:33:09 fedora systemd[1]: tuned.service: Failed with result 'exit-code'.
Apr 01 16:33:09 fedora systemd[1]: Failed to start tuned.service - Dynamic System Tuning Daemon.
Apr 01 16:33:09 fedora systemd[1]: Dependency failed for tuned-ppd.service - PPD-to-TuneD API Translation Daemon.
Apr 01 16:33:09 fedora systemd[1]: tuned-ppd.service: Job tuned-ppd.service/start failed with result 'dependency'.
Apr 01 16:33:09 fedora audit[1]: SERVICE_START pid=1 uid=0 auid=4294967295 ses=4294967295 subj=system_u:system_r:init_t:s0 msg='unit=tuned comm="systemd" exe="/usr/lib/systemd/systemd" hostname=? addr=? terminal=? res=failed'
Apr 01 16:33:09 fedora systemd[1]: Received SIGRTMIN+21 from PID 480 (plymouthd).
Apr 01 16:33:09 fedora systemd[1]: Finished plymouth-quit-wait.service - Hold until boot process finishes up.
Apr 01 16:33:09 fedora audit[1]: SERVICE_START pid=1 uid=0 auid=4294967295 ses=4294967295 subj=system_u:system_r:init_t:s0 msg='unit=plymouth-quit-wait comm="systemd" exe="/usr/lib/systemd/systemd" hostname=? addr=? terminal=? res=success'
Apr 01 16:33:09 fedora systemd[1]: Reached target multi-user.target - Multi-User System.
Apr 01 16:33:09 fedora systemd[1]: Reached target graphical.target - Graphical Interface.
Apr 01 16:33:09 fedora systemd[1]: Starting systemd-update-utmp-runlevel.service - Record Runlevel Change in UTMP...
Apr 01 16:33:09 fedora audit[2083]: SYSTEM_RUNLEVEL pid=2083 uid=0 auid=4294967295 ses=4294967295 subj=system_u:system_r:init_t:s0 msg='old-level=N new-level=5 comm="systemd-update-utmp" exe="/usr/lib/systemd/systemd-update-utmp" hostname=? addr=? terminal=? res=success'
Apr 01 16:33:09 fedora systemd[1]: systemd-update-utmp-runlevel.service: Deactivated successfully.
Apr 01 16:33:09 fedora systemd[1]: Finished systemd-update-utmp-runlevel.service - Record Runlevel Change in UTMP.
Apr 01 16:33:09 fedora systemd[1]: Startup finished in 5.378s (firmware) + 5.627s (loader) + 932ms (kernel) + 6.672s (initrd) + 12.973s (userspace) = 31.584s.
Apr 01 16:33:09 fedora audit[1]: SERVICE_START pid=1 uid=0 auid=4294967295 ses=4294967295 subj=system_u:system_r:init_t:s0 msg='unit=systemd-update-utmp-runlevel comm="systemd" exe="/usr/lib/systemd/systemd" hostname=? addr=? terminal=? res=success'
Apr 01 16:33:09 fedora audit[1]: SERVICE_STOP pid=1 uid=0 auid=4294967295 ses=4294967295 subj=system_u:system_r:init_t:s0 msg='unit=systemd-update-utmp-runlevel comm="systemd" exe="/usr/lib/systemd/systemd" hostname=? addr=? terminal=? res=success'
Apr 01 16:33:09 fedora cupsd[1286]: REQUEST localhost - - "POST / HTTP/1.1" 200 359 Create-Printer-Subscriptions successful-ok
Apr 01 16:33:10 fedora systemd[1443]: Starting xdg-permission-store.service - sandboxed app permission store...
Apr 01 16:33:10 fedora systemd[1443]: Started xdg-permission-store.service - sandboxed app permission store.
Apr 01 16:33:10 fedora irqbalance[1010]: Cannot change IRQ 55 affinity: Permission denied
Apr 01 16:33:10 fedora irqbalance[1010]: IRQ 55 affinity is now unmanaged
Apr 01 16:33:10 fedora irqbalance[1010]: Cannot change IRQ 63 affinity: Permission denied
Apr 01 16:33:10 fedora irqbalance[1010]: IRQ 63 affinity is now unmanaged
Apr 01 16:33:10 fedora irqbalance[1010]: Cannot change IRQ 61 affinity: Permission denied
Apr 01 16:33:10 fedora irqbalance[1010]: IRQ 61 affinity is now unmanaged
Apr 01 16:33:10 fedora irqbalance[1010]: Cannot change IRQ 58 affinity: Permission denied
Apr 01 16:33:10 fedora irqbalance[1010]: IRQ 58 affinity is now unmanaged
Apr 01 16:33:10 fedora irqbalance[1010]: Cannot change IRQ 66 affinity: Permission denied
Apr 01 16:33:10 fedora irqbalance[1010]: IRQ 66 affinity is now unmanaged
Apr 01 16:33:10 fedora irqbalance[1010]: Cannot change IRQ 56 affinity: Permission denied
Apr 01 16:33:10 fedora irqbalance[1010]: IRQ 56 affinity is now unmanaged
Apr 01 16:33:10 fedora irqbalance[1010]: Cannot change IRQ 64 affinity: Permission denied
Apr 01 16:33:10 fedora irqbalance[1010]: IRQ 64 affinity is now unmanaged
Apr 01 16:33:10 fedora irqbalance[1010]: Cannot change IRQ 62 affinity: Permission denied
Apr 01 16:33:10 fedora irqbalance[1010]: IRQ 62 affinity is now unmanaged
Apr 01 16:33:10 fedora irqbalance[1010]: Cannot change IRQ 70 affinity: Permission denied
Apr 01 16:33:10 fedora irqbalance[1010]: IRQ 70 affinity is now unmanaged
Apr 01 16:33:10 fedora irqbalance[1010]: Cannot change IRQ 60 affinity: Permission denied
Apr 01 16:33:10 fedora irqbalance[1010]: IRQ 60 affinity is now unmanaged
Apr 01 16:33:10 fedora irqbalance[1010]: Cannot change IRQ 69 affinity: Permission denied
Apr 01 16:33:10 fedora irqbalance[1010]: IRQ 69 affinity is now unmanaged
Apr 01 16:33:10 fedora irqbalance[1010]: Cannot change IRQ 59 affinity: Permission denied
Apr 01 16:33:10 fedora irqbalance[1010]: IRQ 59 affinity is now unmanaged
Apr 01 16:33:10 fedora irqbalance[1010]: Cannot change IRQ 67 affinity: Permission denied
Apr 01 16:33:10 fedora irqbalance[1010]: IRQ 67 affinity is now unmanaged
Apr 01 16:33:10 fedora irqbalance[1010]: Cannot change IRQ 57 affinity: Permission denied
Apr 01 16:33:10 fedora irqbalance[1010]: IRQ 57 affinity is now unmanaged
Apr 01 16:33:10 fedora irqbalance[1010]: Cannot change IRQ 65 affinity: Permission denied
Apr 01 16:33:10 fedora irqbalance[1010]: IRQ 65 affinity is now unmanaged
Apr 01 16:33:10 fedora irqbalance[1010]: Cannot change IRQ 83 affinity: Permission denied
Apr 01 16:33:10 fedora irqbalance[1010]: IRQ 83 affinity is now unmanaged
Apr 01 16:33:10 fedora irqbalance[1010]: Cannot change IRQ 73 affinity: Permission denied
Apr 01 16:33:10 fedora irqbalance[1010]: IRQ 73 affinity is now unmanaged
Apr 01 16:33:10 fedora irqbalance[1010]: Cannot change IRQ 81 affinity: Permission denied
Apr 01 16:33:10 fedora irqbalance[1010]: IRQ 81 affinity is now unmanaged
Apr 01 16:33:10 fedora irqbalance[1010]: Cannot change IRQ 71 affinity: Permission denied
Apr 01 16:33:10 fedora irqbalance[1010]: IRQ 71 affinity is now unmanaged
Apr 01 16:33:10 fedora irqbalance[1010]: Cannot change IRQ 78 affinity: Permission denied
Apr 01 16:33:10 fedora irqbalance[1010]: IRQ 78 affinity is now unmanaged
Apr 01 16:33:10 fedora irqbalance[1010]: Cannot change IRQ 86 affinity: Permission denied
Apr 01 16:33:10 fedora irqbalance[1010]: IRQ 86 affinity is now unmanaged
Apr 01 16:33:10 fedora irqbalance[1010]: Cannot change IRQ 76 affinity: Permission denied
Apr 01 16:33:10 fedora irqbalance[1010]: IRQ 76 affinity is now unmanaged
Apr 01 16:33:10 fedora irqbalance[1010]: Cannot change IRQ 84 affinity: Permission denied
Apr 01 16:33:10 fedora irqbalance[1010]: IRQ 84 affinity is now unmanaged
Apr 01 16:33:10 fedora irqbalance[1010]: Cannot change IRQ 74 affinity: Permission denied
Apr 01 16:33:10 fedora irqbalance[1010]: IRQ 74 affinity is now unmanaged
Apr 01 16:33:10 fedora irqbalance[1010]: Cannot change IRQ 82 affinity: Permission denied
Apr 01 16:33:10 fedora irqbalance[1010]: IRQ 82 affinity is now unmanaged
Apr 01 16:33:10 fedora irqbalance[1010]: Cannot change IRQ 72 affinity: Permission denied
Apr 01 16:33:10 fedora irqbalance[1010]: IRQ 72 affinity is now unmanaged
Apr 01 16:33:10 fedora irqbalance[1010]: Cannot change IRQ 80 affinity: Permission denied
Apr 01 16:33:10 fedora irqbalance[1010]: IRQ 80 affinity is now unmanaged
Apr 01 16:33:10 fedora irqbalance[1010]: Cannot change IRQ 79 affinity: Permission denied
Apr 01 16:33:10 fedora irqbalance[1010]: IRQ 79 affinity is now unmanaged
Apr 01 16:33:10 fedora irqbalance[1010]: Cannot change IRQ 77 affinity: Permission denied
Apr 01 16:33:10 fedora irqbalance[1010]: IRQ 77 affinity is now unmanaged
Apr 01 16:33:10 fedora irqbalance[1010]: Cannot change IRQ 75 affinity: Permission denied
Apr 01 16:33:10 fedora irqbalance[1010]: IRQ 75 affinity is now unmanaged
Apr 01 16:33:14 fedora systemd[1]: NetworkManager-dispatcher.service: Deactivated successfully.
Apr 01 16:33:14 fedora audit[1]: SERVICE_STOP pid=1 uid=0 auid=4294967295 ses=4294967295 subj=system_u:system_r:init_t:s0 msg='unit=NetworkManager-dispatcher comm="systemd" exe="/usr/lib/systemd/systemd" hostname=? addr=? terminal=? res=success'
Apr 01 16:33:38 fedora systemd[1]: systemd-localed.service: Deactivated successfully.
Apr 01 16:33:38 fedora audit[1]: SERVICE_STOP pid=1 uid=0 auid=4294967295 ses=4294967295 subj=system_u:system_r:init_t:s0 msg='unit=systemd-localed comm="systemd" exe="/usr/lib/systemd/systemd" hostname=? addr=? terminal=? res=success'
Apr 01 16:33:38 fedora audit: BPF prog-id=82 op=UNLOAD
Apr 01 16:33:38 fedora audit: BPF prog-id=81 op=UNLOAD
Apr 01 16:33:38 fedora audit: BPF prog-id=80 op=UNLOAD
Apr 01 16:33:38 fedora systemd[1]: systemd-hostnamed.service: Deactivated successfully.
Apr 01 16:33:38 fedora audit[1]: SERVICE_STOP pid=1 uid=0 auid=4294967295 ses=4294967295 subj=system_u:system_r:init_t:s0 msg='unit=systemd-hostnamed comm="systemd" exe="/usr/lib/systemd/systemd" hostname=? addr=? terminal=? res=success'
Apr 01 16:33:38 fedora audit: BPF prog-id=76 op=UNLOAD
Apr 01 16:33:38 fedora gdm-password][2106]: gkr-pam: unable to locate daemon control file
Apr 01 16:33:38 fedora audit[2106]: USER_AUTH pid=2106 uid=0 auid=4294967295 ses=4294967295 subj=system_u:system_r:xdm_t:s0-s0:c0.c1023 msg='op=PAM:authentication grantors=pam_unix,pam_gnome_keyring acct="nigam" exe="/usr/libexec/gdm-session-worker" hostname=fedora addr=? terminal=/dev/tty1 res=success'
Apr 01 16:33:38 fedora gdm-password][2106]: gkr-pam: stashed password to try later in open session
Apr 01 16:33:38 fedora audit[2106]: USER_ACCT pid=2106 uid=0 auid=4294967295 ses=4294967295 subj=system_u:system_r:xdm_t:s0-s0:c0.c1023 msg='op=PAM:accounting grantors=pam_unix acct="nigam" exe="/usr/libexec/gdm-session-worker" hostname=fedora addr=? terminal=/dev/tty1 res=success'
Apr 01 16:33:38 fedora audit[2106]: CRED_ACQ pid=2106 uid=0 auid=4294967295 ses=4294967295 subj=system_u:system_r:xdm_t:s0-s0:c0.c1023 msg='op=PAM:setcred grantors=pam_unix,pam_gnome_keyring acct="nigam" exe="/usr/libexec/gdm-session-worker" hostname=fedora addr=? terminal=/dev/tty1 res=success'
Apr 01 16:33:38 fedora audit[2106]: USER_ROLE_CHANGE pid=2106 uid=0 auid=1000 ses=2 subj=system_u:system_r:xdm_t:s0-s0:c0.c1023 msg='op=pam_selinux default-context=unconfined_u:unconfined_r:unconfined_t:s0-s0:c0.c1023 selected-context=unconfined_u:unconfined_r:unconfined_t:s0-s0:c0.c1023 exe="/usr/libexec/gdm-session-worker" hostname=fedora addr=? terminal=/dev/tty2 res=success'
Apr 01 16:33:38 fedora systemd[1]: Created slice user-1000.slice - User Slice of UID 1000.
Apr 01 16:33:38 fedora systemd[1]: Starting user-runtime-dir@1000.service - User Runtime Directory /run/user/1000...
Apr 01 16:33:38 fedora systemd-logind[1059]: New session 2 of user nigam.
Apr 01 16:33:38 fedora systemd[1]: Finished user-runtime-dir@1000.service - User Runtime Directory /run/user/1000.
Apr 01 16:33:38 fedora audit[1]: SERVICE_START pid=1 uid=0 auid=4294967295 ses=4294967295 subj=system_u:system_r:init_t:s0 msg='unit=user-runtime-dir@1000 comm="systemd" exe="/usr/lib/systemd/systemd" hostname=? addr=? terminal=? res=success'
Apr 01 16:33:38 fedora systemd[1]: Starting user@1000.service - User Manager for UID 1000...
Apr 01 16:33:38 fedora audit[2123]: USER_ACCT pid=2123 uid=0 auid=4294967295 ses=4294967295 subj=system_u:system_r:init_t:s0 msg='op=PAM:accounting grantors=pam_unix acct="nigam" exe="/usr/lib/systemd/systemd-executor" hostname=? addr=? terminal=? res=success'
Apr 01 16:33:38 fedora audit[2123]: CRED_ACQ pid=2123 uid=0 auid=4294967295 ses=4294967295 subj=system_u:system_r:init_t:s0 msg='op=PAM:setcred grantors=? acct="nigam" exe="/usr/lib/systemd/systemd-executor" hostname=? addr=? terminal=? res=failed'
Apr 01 16:33:38 fedora audit[2123]: USER_ROLE_CHANGE pid=2123 uid=0 auid=4294967295 ses=4294967295 subj=system_u:system_r:init_t:s0 msg='op=pam_selinux default-context=unconfined_u:unconfined_r:unconfined_t:s0-s0:c0.c1023 selected-context=unconfined_u:unconfined_r:unconfined_t:s0-s0:c0.c1023 exe="/usr/lib/systemd/systemd-executor" hostname=? addr=? terminal=? res=success'
Apr 01 16:33:38 fedora systemd-logind[1059]: New session 3 of user nigam.
Apr 01 16:33:38 fedora (systemd)[2123]: pam_unix(systemd-user:session): session opened for user nigam(uid=1000) by nigam(uid=0)
Apr 01 16:33:38 fedora audit[2123]: USER_START pid=2123 uid=0 auid=1000 ses=3 subj=system_u:system_r:init_t:s0 msg='op=PAM:session_open grantors=pam_selinux,pam_selinux,pam_loginuid,pam_keyinit,pam_namespace,pam_systemd_home,pam_umask,pam_keyinit,pam_limits,pam_systemd,pam_unix acct="nigam" exe="/usr/lib/systemd/systemd-executor" hostname=? addr=? terminal=? res=success'
Apr 01 16:33:38 fedora systemd[1]: fprintd.service: Deactivated successfully.
Apr 01 16:33:38 fedora audit[1]: SERVICE_STOP pid=1 uid=0 auid=4294967295 ses=4294967295 subj=system_u:system_r:init_t:s0 msg='unit=fprintd comm="systemd" exe="/usr/lib/systemd/systemd" hostname=? addr=? terminal=? res=success'
Apr 01 16:33:38 fedora audit: BPF prog-id=84 op=UNLOAD
Apr 01 16:33:38 fedora uresourced[1435]: Setting resources on user-1000.slice (MemoryMin: 0, MemoryLow: 0, CPUWeight: 100, IOWeight: 100)
Apr 01 16:33:38 fedora uresourced[1435]: Setting resources on user@1000.service (MemoryMin: 0, MemoryLow: 0, CPUWeight: 100, IOWeight: 100)
Apr 01 16:33:39 fedora systemd[2123]: Queued start job for default target default.target.
Apr 01 16:33:39 fedora systemd[2123]: Created slice app.slice - User Application Slice.
Apr 01 16:33:39 fedora systemd[2123]: Started grub-boot-success.timer - Mark boot as successful after the user session has run 2 minutes.
Apr 01 16:33:39 fedora systemd[2123]: Started systemd-tmpfiles-clean.timer - Daily Cleanup of User's Temporary Directories.
Apr 01 16:33:39 fedora systemd[2123]: Reached target paths.target - Paths.
Apr 01 16:33:39 fedora systemd[2123]: Reached target timers.target - Timers.
Apr 01 16:33:39 fedora systemd[2123]: Starting dbus.socket - D-Bus User Message Bus Socket...
Apr 01 16:33:39 fedora systemd[2123]: Listening on pipewire-pulse.socket - PipeWire PulseAudio.
Apr 01 16:33:39 fedora systemd[2123]: Listening on pipewire.socket - PipeWire Multimedia System Sockets.
Apr 01 16:33:39 fedora systemd[2123]: Listening on snapd.session-agent.socket - REST API socket for snapd user session agent.
Apr 01 16:33:39 fedora systemd[2123]: Starting systemd-tmpfiles-setup.service - Create User Files and Directories...
Apr 01 16:33:39 fedora systemd[2123]: Listening on dbus.socket - D-Bus User Message Bus Socket.
Apr 01 16:33:39 fedora systemd[2123]: Reached target sockets.target - Sockets.
Apr 01 16:33:39 fedora systemd[2123]: Finished systemd-tmpfiles-setup.service - Create User Files and Directories.
Apr 01 16:33:39 fedora systemd[2123]: Reached target basic.target - Basic System.
Apr 01 16:33:39 fedora systemd[2123]: gnome-initial-setup-copy-worker.service - GNOME Initial Setup Copy Worker was skipped because of an unmet condition check (ConditionPathExists=!/home/nigam/.config/gnome-initial-setup-done).
Apr 01 16:33:39 fedora systemd[2123]: Reached target default.target - Main User Target.
Apr 01 16:33:39 fedora systemd[2123]: Startup finished in 242ms.
Apr 01 16:33:39 fedora systemd[1]: Started user@1000.service - User Manager for UID 1000.
Apr 01 16:33:39 fedora audit[1]: SERVICE_START pid=1 uid=0 auid=4294967295 ses=4294967295 subj=system_u:system_r:init_t:s0 msg='unit=user@1000 comm="systemd" exe="/usr/lib/systemd/systemd" hostname=? addr=? terminal=? res=success'
Apr 01 16:33:39 fedora systemd[1]: Started session-2.scope - Session 2 of User nigam.
Apr 01 16:33:39 fedora gdm-password][2106]: pam_unix(gdm-password:session): session opened for user nigam(uid=1000) by nigam(uid=0)
Apr 01 16:33:39 fedora gdm-password][2106]: gkr-pam: gnome-keyring-daemon started properly and unlocked keyring
Apr 01 16:33:39 fedora audit[2106]: USER_START pid=2106 uid=0 auid=1000 ses=2 subj=system_u:system_r:xdm_t:s0-s0:c0.c1023 msg='op=PAM:session_open grantors=pam_selinux,pam_loginuid,pam_selinux,pam_keyinit,pam_namespace,pam_keyinit,pam_limits,pam_systemd,pam_unix,pam_gnome_keyring,pam_umask acct="nigam" exe="/usr/libexec/gdm-session-worker" hostname=fedora addr=? terminal=/dev/tty2 res=success'
Apr 01 16:33:39 fedora kernel: rfkill: input handler enabled
Apr 01 16:33:39 fedora bluetoothd[1003]: Endpoint unregistered: sender=:1.78 path=/MediaEndpoint/A2DPSource/ldac
Apr 01 16:33:39 fedora bluetoothd[1003]: Endpoint unregistered: sender=:1.78 path=/MediaEndpoint/A2DPSink/aac
Apr 01 16:33:39 fedora gsd-media-keys[1625]: Unable to get default source
Apr 01 16:33:39 fedora bluetoothd[1003]: Endpoint unregistered: sender=:1.78 path=/MediaEndpoint/A2DPSource/aac
Apr 01 16:33:39 fedora gsd-media-keys[1625]: Unable to get default sink
Apr 01 16:33:39 fedora bluetoothd[1003]: Endpoint unregistered: sender=:1.78 path=/MediaEndpoint/A2DPSink/opus_g
Apr 01 16:33:39 fedora bluetoothd[1003]: Endpoint unregistered: sender=:1.78 path=/MediaEndpoint/A2DPSource/opus_g
Apr 01 16:33:39 fedora bluetoothd[1003]: Endpoint unregistered: sender=:1.78 path=/MediaEndpoint/A2DPSink/sbc
Apr 01 16:33:39 fedora bluetoothd[1003]: Endpoint unregistered: sender=:1.78 path=/MediaEndpoint/A2DPSource/sbc
Apr 01 16:33:39 fedora bluetoothd[1003]: Endpoint unregistered: sender=:1.78 path=/MediaEndpoint/A2DPSource/faststream
Apr 01 16:33:39 fedora bluetoothd[1003]: Endpoint unregistered: sender=:1.78 path=/MediaEndpoint/A2DPSource/faststream_duplex
Apr 01 16:33:39 fedora bluetoothd[1003]: Endpoint unregistered: sender=:1.78 path=/MediaEndpoint/A2DPSink/opus_05
Apr 01 16:33:39 fedora bluetoothd[1003]: Endpoint unregistered: sender=:1.78 path=/MediaEndpoint/A2DPSource/opus_05
Apr 01 16:33:39 fedora bluetoothd[1003]: Endpoint unregistered: sender=:1.78 path=/MediaEndpoint/A2DPSink/opus_05_duplex
Apr 01 16:33:39 fedora bluetoothd[1003]: Endpoint unregistered: sender=:1.78 path=/MediaEndpoint/A2DPSource/opus_05_duplex
Apr 01 16:33:39 fedora systemd[2123]: Created slice session.slice - User Core Session Slice.
Apr 01 16:33:39 fedora systemd[2123]: Starting dbus-broker.service - D-Bus User Message Bus...
Apr 01 16:33:39 fedora dbus-broker-launch[2175]: Policy to allow eavesdropping in /usr/share/dbus-1/session.conf +31: Eavesdropping is deprecated and ignored
Apr 01 16:33:39 fedora dbus-broker-launch[2175]: Policy to allow eavesdropping in /usr/share/dbus-1/session.conf +33: Eavesdropping is deprecated and ignored
Apr 01 16:33:39 fedora systemd[2123]: Started dbus-broker.service - D-Bus User Message Bus.
Apr 01 16:33:39 fedora dbus-broker-launch[2175]: Ready
Apr 01 16:33:39 fedora audit: BPF prog-id=78 op=UNLOAD
Apr 01 16:33:39 fedora audit: BPF prog-id=77 op=UNLOAD
Apr 01 16:33:39 fedora audit: BPF prog-id=85 op=LOAD
Apr 01 16:33:39 fedora audit: BPF prog-id=86 op=LOAD
Apr 01 16:33:39 fedora audit: BPF prog-id=87 op=LOAD
Apr 01 16:33:39 fedora systemd[1]: Starting systemd-hostnamed.service - Hostname Service...
Apr 01 16:33:39 fedora systemd[1]: Started systemd-hostnamed.service - Hostname Service.
Apr 01 16:33:39 fedora audit[1]: SERVICE_START pid=1 uid=0 auid=4294967295 ses=4294967295 subj=system_u:system_r:init_t:s0 msg='unit=systemd-hostnamed comm="systemd" exe="/usr/lib/systemd/systemd" hostname=? addr=? terminal=? res=success'
Apr 01 16:33:39 fedora systemd[2123]: Created slice app-gnome\x2dsession\x2dmanager.slice - Slice /app/gnome-session-manager.
Apr 01 16:33:39 fedora systemd[2123]: Reached target gnome-session-wayland.target - GNOME Wayland Session.
Apr 01 16:33:39 fedora systemd[2123]: Reached target org.gnome.Shell.target - GNOME Shell.
Apr 01 16:33:39 fedora systemd[2123]: Starting gnome-session-monitor.service - Monitor Session leader for GNOME Session...
Apr 01 16:33:39 fedora systemd[2123]: Starting uresourced.service - User resource assignment daemon...
Apr 01 16:33:39 fedora systemd[2123]: Starting xdg-user-dirs.service - User folders update...
Apr 01 16:33:39 fedora systemd[2123]: Finished xdg-user-dirs.service - User folders update.
Apr 01 16:33:39 fedora systemd[2123]: Started gnome-session-monitor.service - Monitor Session leader for GNOME Session.
Apr 01 16:33:39 fedora systemd[2123]: Reached target graphical-session-pre.target - Session services which should run early before the graphical session is brought up.
Apr 01 16:33:39 fedora systemd[2123]: Reached target gnome-session-pre.target - Tasks to be run before GNOME Session starts.
Apr 01 16:33:39 fedora systemd[2123]: Starting gnome-session-manager@gnome.service - GNOME Session Manager (session: gnome)...
Apr 01 16:33:39 fedora systemd[2123]: Starting gvfs-daemon.service - Virtual filesystem service...
Apr 01 16:33:39 fedora systemd[2123]: Started gvfs-daemon.service - Virtual filesystem service.
Apr 01 16:33:39 fedora uresourced[1435]: Setting resources on user-42.slice (MemoryMin: 262144000, MemoryLow: 0, CPUWeight: 500, IOWeight: 500)
Apr 01 16:33:39 fedora uresourced[1435]: Setting resources on user@42.service (MemoryMin: 0, MemoryLow: 0, CPUWeight: 100, IOWeight: 100)
Apr 01 16:33:39 fedora systemd[2123]: Started uresourced.service - User resource assignment daemon.
Apr 01 16:33:39 fedora systemd[2123]: Started pipewire.service - PipeWire Multimedia Service.
Apr 01 16:33:39 fedora systemd[2123]: Started wireplumber.service - Multimedia Service Session Manager.
Apr 01 16:33:39 fedora systemd-logind[1059]: /boot/loader/entries/3092e47ce2fc41378fb626141642a2f0-0-rescue.conf:6: Unknown line 'grub_users', ignoring.
Apr 01 16:33:39 fedora systemd-logind[1059]: /boot/loader/entries/3092e47ce2fc41378fb626141642a2f0-0-rescue.conf:7: Unknown line 'grub_arg', ignoring.
Apr 01 16:33:39 fedora systemd-logind[1059]: /boot/loader/entries/3092e47ce2fc41378fb626141642a2f0-0-rescue.conf:8: Unknown line 'grub_class', ignoring.
Apr 01 16:33:39 fedora systemd-logind[1059]: /boot/loader/entries/3092e47ce2fc41378fb626141642a2f0-6.18.13-100.fc42.x86_64.conf:6: Unknown line 'grub_users', ignoring.
Apr 01 16:33:39 fedora systemd-logind[1059]: /boot/loader/entries/3092e47ce2fc41378fb626141642a2f0-6.18.13-100.fc42.x86_64.conf:7: Unknown line 'grub_arg', ignoring.
Apr 01 16:33:39 fedora systemd-logind[1059]: /boot/loader/entries/3092e47ce2fc41378fb626141642a2f0-6.18.13-100.fc42.x86_64.conf:8: Unknown line 'grub_class', ignoring.
Apr 01 16:33:39 fedora systemd-logind[1059]: /boot/loader/entries/3092e47ce2fc41378fb626141642a2f0-6.18.10-100.fc42.x86_64.conf:6: Unknown line 'grub_users', ignoring.
Apr 01 16:33:39 fedora systemd-logind[1059]: /boot/loader/entries/3092e47ce2fc41378fb626141642a2f0-6.18.10-100.fc42.x86_64.conf:7: Unknown line 'grub_arg', ignoring.
Apr 01 16:33:39 fedora systemd-logind[1059]: /boot/loader/entries/3092e47ce2fc41378fb626141642a2f0-6.18.10-100.fc42.x86_64.conf:8: Unknown line 'grub_class', ignoring.
Apr 01 16:33:39 fedora systemd-logind[1059]: /boot/loader/entries/3092e47ce2fc41378fb626141642a2f0-6.18.7-100.fc42.x86_64.conf:6: Unknown line 'grub_users', ignoring.
Apr 01 16:33:39 fedora systemd-logind[1059]: /boot/loader/entries/3092e47ce2fc41378fb626141642a2f0-6.18.7-100.fc42.x86_64.conf:7: Unknown line 'grub_arg', ignoring.
Apr 01 16:33:39 fedora systemd-logind[1059]: /boot/loader/entries/3092e47ce2fc41378fb626141642a2f0-6.18.7-100.fc42.x86_64.conf:8: Unknown line 'grub_class', ignoring.
Apr 01 16:33:39 fedora rtkit-daemon[1024]: Successfully made thread 2268 of process 2268 (/usr/bin/pipewire) owned by '1000' high priority at nice level -11.
Apr 01 16:33:39 fedora gnome-keyring-daemon[2291]: discover_other_daemon: 1
Apr 01 16:33:39 fedora gnome-keyring-pkcs11.desktop[2291]: discover_other_daemon: 1
Apr 01 16:33:39 fedora systemd[2123]: app-gnome-gnome\x2dkeyring\x2dpkcs11-2283.scope: PID 2283 vanished before we could move it to target cgroup '/user.slice/user-1000.slice/user@1000.service/app.slice/app-gnome-gnome\x2dkeyring\x2dpkcs11-2283.scope', skipping: No such process
Apr 01 16:33:39 fedora systemd[2123]: app-gnome-gnome\x2dkeyring\x2dpkcs11-2283.scope: No PIDs left to attach to the scope's control group, refusing.
Apr 01 16:33:39 fedora systemd[2123]: app-gnome-gnome\x2dkeyring\x2dpkcs11-2283.scope: Failed with result 'resources'.
Apr 01 16:33:39 fedora systemd[2123]: Failed to start app-gnome-gnome\x2dkeyring\x2dpkcs11-2283.scope - Application launched by gnome-session-binary.
Apr 01 16:33:39 fedora systemd[2123]: Started app-gnome-gnome\x2dkeyring\x2dsecrets-2286.scope - Application launched by gnome-session-binary.
Apr 01 16:33:39 fedora systemd[2123]: Started app-gnome-gnome\x2dkeyring\x2dssh-2289.scope - Application launched by gnome-session-binary.
Apr 01 16:33:39 fedora gnome-keyring-daemon[2296]: discover_other_daemon: 1
Apr 01 16:33:39 fedora gnome-keyring-ssh.desktop[2297]: discover_other_daemon: 1SSH_AUTH_SOCK=/run/user/1000/keyring/ssh
Apr 01 16:33:39 fedora gnome-keyring-daemon[2297]: discover_other_daemon: 1
Apr 01 16:33:39 fedora gnome-keyring-secrets.desktop[2296]: discover_other_daemon: 1
Apr 01 16:33:39 fedora systemd[2123]: Started gnome-session-manager@gnome.service - GNOME Session Manager (session: gnome).
Apr 01 16:33:39 fedora systemd[2123]: Reached target gnome-session-manager.target - GNOME Session Manager is ready.
Apr 01 16:33:39 fedora systemd[2123]: Starting org.gnome.Shell@wayland.service - GNOME Shell on Wayland...
Apr 01 16:33:39 fedora systemd[2123]: org.gnome.Shell@x11.service - GNOME Shell on X11 was skipped because of an unmet condition check (ConditionEnvironment=XDG_SESSION_TYPE=x11).
Apr 01 16:33:39 fedora rtkit-daemon[1024]: Successfully made thread 2274 of process 2268 (/usr/bin/pipewire) owned by '1000' RT at priority 20.
Apr 01 16:33:39 fedora gnome-session[2245]: gnome-session-binary[2245]: GnomeDesktop-WARNING: Could not create transient scope for PID 2303: GDBus.Error:org.freedesktop.DBus.Error.UnixProcessIdUnknown: Failed to set unit properties: No such process
Apr 01 16:33:39 fedora gnome-session-binary[2245]: GnomeDesktop-WARNING: Could not create transient scope for PID 2303: GDBus.Error:org.freedesktop.DBus.Error.UnixProcessIdUnknown: Failed to set unit properties: No such process
Apr 01 16:33:39 fedora systemd[2123]: app-gnome-liveinst\x2dsetup-2306.scope: PID 2306 vanished before we could move it to target cgroup '/user.slice/user-1000.slice/user@1000.service/app.slice/app-gnome-liveinst\x2dsetup-2306.scope', skipping: No such process
Apr 01 16:33:39 fedora systemd[2123]: app-gnome-liveinst\x2dsetup-2306.scope: No PIDs left to attach to the scope's control group, refusing.
Apr 01 16:33:39 fedora systemd[2123]: app-gnome-liveinst\x2dsetup-2306.scope: Failed with result 'resources'.
Apr 01 16:33:39 fedora systemd[2123]: Failed to start app-gnome-liveinst\x2dsetup-2306.scope - Application launched by gnome-session-binary.
Apr 01 16:33:39 fedora uresourced[1435]: Setting resources on user-42.slice (MemoryMin: 0, MemoryLow: 0, CPUWeight: 100, IOWeight: 100)
Apr 01 16:33:39 fedora uresourced[1435]: Setting resources on user@42.service (MemoryMin: 0, MemoryLow: 0, CPUWeight: 100, IOWeight: 100)
Apr 01 16:33:39 fedora uresourced[1435]: Setting resources on user-1000.slice (MemoryMin: 262144000, MemoryLow: 0, CPUWeight: 500, IOWeight: 500)
Apr 01 16:33:39 fedora uresourced[1435]: Setting resources on user@1000.service (MemoryMin: 262144000, MemoryLow: 0, CPUWeight: 500, IOWeight: 500)
Apr 01 16:33:39 fedora rtkit-daemon[1024]: Successfully made thread 2270 of process 2270 (/usr/bin/wireplumber) owned by '1000' high priority at nice level -11.
Apr 01 16:33:39 fedora rtkit-daemon[1024]: Successfully made thread 2284 of process 2270 (/usr/bin/wireplumber) owned by '1000' RT at priority 20.
Apr 01 16:33:39 fedora gnome-shell[2305]: Running GNOME Shell (using mutter 48.7) as a Wayland display server
Apr 01 16:33:39 fedora systemd-logind[1059]: /boot/loader/entries/3092e47ce2fc41378fb626141642a2f0-0-rescue.conf:6: Unknown line 'grub_users', ignoring.
Apr 01 16:33:39 fedora systemd-logind[1059]: /boot/loader/entries/3092e47ce2fc41378fb626141642a2f0-0-rescue.conf:7: Unknown line 'grub_arg', ignoring.
Apr 01 16:33:39 fedora systemd-logind[1059]: /boot/loader/entries/3092e47ce2fc41378fb626141642a2f0-0-rescue.conf:8: Unknown line 'grub_class', ignoring.
Apr 01 16:33:39 fedora systemd-logind[1059]: /boot/loader/entries/3092e47ce2fc41378fb626141642a2f0-6.18.13-100.fc42.x86_64.conf:6: Unknown line 'grub_users', ignoring.
Apr 01 16:33:39 fedora systemd-logind[1059]: /boot/loader/entries/3092e47ce2fc41378fb626141642a2f0-6.18.13-100.fc42.x86_64.conf:7: Unknown line 'grub_arg', ignoring.
Apr 01 16:33:39 fedora systemd-logind[1059]: /boot/loader/entries/3092e47ce2fc41378fb626141642a2f0-6.18.13-100.fc42.x86_64.conf:8: Unknown line 'grub_class', ignoring.
Apr 01 16:33:39 fedora systemd-logind[1059]: /boot/loader/entries/3092e47ce2fc41378fb626141642a2f0-6.18.10-100.fc42.x86_64.conf:6: Unknown line 'grub_users', ignoring.
Apr 01 16:33:39 fedora systemd-logind[1059]: /boot/loader/entries/3092e47ce2fc41378fb626141642a2f0-6.18.10-100.fc42.x86_64.conf:7: Unknown line 'grub_arg', ignoring.
Apr 01 16:33:39 fedora systemd-logind[1059]: /boot/loader/entries/3092e47ce2fc41378fb626141642a2f0-6.18.10-100.fc42.x86_64.conf:8: Unknown line 'grub_class', ignoring.
Apr 01 16:33:39 fedora systemd-logind[1059]: /boot/loader/entries/3092e47ce2fc41378fb626141642a2f0-6.18.7-100.fc42.x86_64.conf:6: Unknown line 'grub_users', ignoring.
Apr 01 16:33:39 fedora systemd-logind[1059]: /boot/loader/entries/3092e47ce2fc41378fb626141642a2f0-6.18.7-100.fc42.x86_64.conf:7: Unknown line 'grub_arg', ignoring.
Apr 01 16:33:39 fedora systemd-logind[1059]: /boot/loader/entries/3092e47ce2fc41378fb626141642a2f0-6.18.7-100.fc42.x86_64.conf:8: Unknown line 'grub_class', ignoring.
Apr 01 16:33:39 fedora gnome-shell[2305]: Enabling experimental feature 'scale-monitor-framebuffer'
Apr 01 16:33:39 fedora gnome-shell[2305]: Enabling experimental feature 'xwayland-native-scaling'
Apr 01 16:33:39 fedora rtkit-daemon[1024]: Successfully made thread 2333 of process 2305 (/usr/bin/gnome-shell) owned by '1000' high priority at nice level -15.
Apr 01 16:33:39 fedora gnome-shell[2305]: Thread 'KMS thread' will be using high priority scheduling
Apr 01 16:33:40 fedora gnome-shell[2305]: Device '/dev/dri/card1' prefers shadow buffer
Apr 01 16:33:40 fedora gnome-shell[2305]: Added device '/dev/dri/card1' (nvidia-drm) using atomic mode setting.
Apr 01 16:33:40 fedora gnome-shell[2305]: Created gbm renderer for '/dev/dri/card1'
Apr 01 16:33:40 fedora gnome-shell[2305]: GPU /dev/dri/card1 selected primary from builtin panel presence
Apr 01 16:33:40 fedora gnome-shell[2305]: Obtained a high priority EGL context
Apr 01 16:33:40 fedora bluetoothd[1003]: Endpoint registered: sender=:1.105 path=/MediaEndpoint/A2DPSource/ldac
Apr 01 16:33:40 fedora bluetoothd[1003]: Endpoint registered: sender=:1.105 path=/MediaEndpoint/A2DPSink/aac
Apr 01 16:33:40 fedora bluetoothd[1003]: Endpoint registered: sender=:1.105 path=/MediaEndpoint/A2DPSource/aac
Apr 01 16:33:40 fedora bluetoothd[1003]: Endpoint registered: sender=:1.105 path=/MediaEndpoint/A2DPSink/opus_g
Apr 01 16:33:40 fedora bluetoothd[1003]: Endpoint registered: sender=:1.105 path=/MediaEndpoint/A2DPSource/opus_g
Apr 01 16:33:40 fedora bluetoothd[1003]: Endpoint registered: sender=:1.105 path=/MediaEndpoint/A2DPSink/sbc
Apr 01 16:33:40 fedora bluetoothd[1003]: Endpoint registered: sender=:1.105 path=/MediaEndpoint/A2DPSource/sbc
Apr 01 16:33:40 fedora bluetoothd[1003]: Endpoint registered: sender=:1.105 path=/MediaEndpoint/A2DPSource/faststream
Apr 01 16:33:40 fedora bluetoothd[1003]: Endpoint registered: sender=:1.105 path=/MediaEndpoint/A2DPSource/faststream_duplex
Apr 01 16:33:40 fedora bluetoothd[1003]: Endpoint registered: sender=:1.105 path=/MediaEndpoint/A2DPSink/opus_05
Apr 01 16:33:40 fedora bluetoothd[1003]: Endpoint registered: sender=:1.105 path=/MediaEndpoint/A2DPSource/opus_05
Apr 01 16:33:40 fedora bluetoothd[1003]: Endpoint registered: sender=:1.105 path=/MediaEndpoint/A2DPSink/opus_05_duplex
Apr 01 16:33:40 fedora bluetoothd[1003]: Endpoint registered: sender=:1.105 path=/MediaEndpoint/A2DPSource/opus_05_duplex
Apr 01 16:33:40 fedora wireplumber[2270]: [0:00:51.340234197] [2270]  INFO Camera camera_manager.cpp:327 libcamera v0.4.0
Apr 01 16:33:40 fedora systemd[2123]: Starting at-spi-dbus-bus.service - Accessibility services bus...
Apr 01 16:33:40 fedora systemd[2123]: Started at-spi-dbus-bus.service - Accessibility services bus.
Apr 01 16:33:40 fedora dbus-broker-launch[2358]: Ready
Apr 01 16:33:40 fedora gnome-shell[2305]: Using public X11 display :0, (using :1 for managed services)
Apr 01 16:33:40 fedora gnome-shell[2305]: Using Wayland display name 'wayland-0'
Apr 01 16:33:40 fedora systemd[2123]: Started dbus-:1.28-org.a11y.atspi.Registry@0.service.
Apr 01 16:33:40 fedora at-spi2-registryd[2360]: SpiRegistry daemon is running with well-known name - org.a11y.atspi.Registry
Apr 01 16:33:40 fedora systemd-logind[1059]: /boot/loader/entries/3092e47ce2fc41378fb626141642a2f0-0-rescue.conf:6: Unknown line 'grub_users', ignoring.
Apr 01 16:33:40 fedora systemd-logind[1059]: /boot/loader/entries/3092e47ce2fc41378fb626141642a2f0-0-rescue.conf:7: Unknown line 'grub_arg', ignoring.
Apr 01 16:33:40 fedora systemd-logind[1059]: /boot/loader/entries/3092e47ce2fc41378fb626141642a2f0-0-rescue.conf:8: Unknown line 'grub_class', ignoring.
Apr 01 16:33:40 fedora systemd-logind[1059]: /boot/loader/entries/3092e47ce2fc41378fb626141642a2f0-6.18.13-100.fc42.x86_64.conf:6: Unknown line 'grub_users', ignoring.
Apr 01 16:33:40 fedora systemd-logind[1059]: /boot/loader/entries/3092e47ce2fc41378fb626141642a2f0-6.18.13-100.fc42.x86_64.conf:7: Unknown line 'grub_arg', ignoring.
Apr 01 16:33:40 fedora systemd-logind[1059]: /boot/loader/entries/3092e47ce2fc41378fb626141642a2f0-6.18.13-100.fc42.x86_64.conf:8: Unknown line 'grub_class', ignoring.
Apr 01 16:33:40 fedora systemd-logind[1059]: /boot/loader/entries/3092e47ce2fc41378fb626141642a2f0-6.18.10-100.fc42.x86_64.conf:6: Unknown line 'grub_users', ignoring.
Apr 01 16:33:40 fedora systemd-logind[1059]: /boot/loader/entries/3092e47ce2fc41378fb626141642a2f0-6.18.10-100.fc42.x86_64.conf:7: Unknown line 'grub_arg', ignoring.
Apr 01 16:33:40 fedora systemd-logind[1059]: /boot/loader/entries/3092e47ce2fc41378fb626141642a2f0-6.18.10-100.fc42.x86_64.conf:8: Unknown line 'grub_class', ignoring.
Apr 01 16:33:40 fedora systemd-logind[1059]: /boot/loader/entries/3092e47ce2fc41378fb626141642a2f0-6.18.7-100.fc42.x86_64.conf:6: Unknown line 'grub_users', ignoring.
Apr 01 16:33:40 fedora systemd-logind[1059]: /boot/loader/entries/3092e47ce2fc41378fb626141642a2f0-6.18.7-100.fc42.x86_64.conf:7: Unknown line 'grub_arg', ignoring.
Apr 01 16:33:40 fedora systemd-logind[1059]: /boot/loader/entries/3092e47ce2fc41378fb626141642a2f0-6.18.7-100.fc42.x86_64.conf:8: Unknown line 'grub_class', ignoring.
Apr 01 16:33:40 fedora gnome-shell[2305]: Unset XDG_SESSION_ID, getCurrentSessionProxy() called outside a user session. Asking logind directly.
Apr 01 16:33:40 fedora systemd[2123]: Started dbus-:1.2-org.gnome.Shell.Screencast@0.service.
Apr 01 16:33:40 fedora systemd[2123]: Started dbus-:1.2-org.gnome.Shell.CalendarServer@0.service.
Apr 01 16:33:40 fedora systemd[2123]: Starting xdg-permission-store.service - sandboxed app permission store...
Apr 01 16:33:40 fedora systemd[2123]: Started xdg-permission-store.service - sandboxed app permission store.
Apr 01 16:33:40 fedora systemd[2123]: Starting dconf.service - User preferences database...
Apr 01 16:33:40 fedora systemd[2123]: Starting evolution-source-registry.service - Evolution source registry...
Apr 01 16:33:40 fedora systemd[2123]: Started dconf.service - User preferences database.
Apr 01 16:33:40 fedora irqbalance[1010]: Cannot change IRQ 68 affinity: Permission denied
Apr 01 16:33:40 fedora irqbalance[1010]: IRQ 68 affinity is now unmanaged
Apr 01 16:33:40 fedora gnome-shell[2305]: Registering session with GDM
Apr 01 16:33:40 fedora gnome-shell[1481]: Connection to xwayland lost
Apr 01 16:33:40 fedora gnome-shell[1481]: Xwayland terminated, exiting since it was mandatory
Apr 01 16:33:40 fedora gnome-shell[1481]: JS ERROR: Gio.IOErrorEnum: Xwayland exited unexpectedly
                                          @resource:///org/gnome/shell/ui/init.js:21:20
Apr 01 16:33:40 fedora gnome-shell[1481]: Execution of main.js threw exception: Module resource:///org/gnome/shell/ui/init.js threw an exception
Apr 01 16:33:40 fedora cupsd[1286]: REQUEST localhost - - "POST / HTTP/1.1" 200 151 Cancel-Subscription successful-ok
Apr 01 16:33:40 fedora /usr/libexec/gdm-wayland-session[1468]: dbus-daemon[1468]: [session uid=42 pid=1468 pidfd=5] Activating service name='org.freedesktop.systemd1' requested by ':1.9' (uid=42 pid=1587 comm="/usr/libexec/gsd-sharing" label="system_u:system_r:xdm_t:s0-s0:c0.c1023")
Apr 01 16:33:40 fedora systemd[2123]: Started dbus-:1.2-org.gnome.Shell.Notifications@0.service.
Apr 01 16:33:40 fedora systemd[2123]: Started org.gnome.Shell@wayland.service - GNOME Shell on Wayland.
Apr 01 16:33:40 fedora systemd[2123]: Reached target gnome-session-initialized.target - GNOME Session is initialized.
Apr 01 16:33:40 fedora systemd[2123]: gnome-session-x11-services.target - GNOME session X11 services is inactive.
Apr 01 16:33:40 fedora systemd[2123]: Dependency failed for org.gnome.SettingsDaemon.XSettings.service - GNOME XSettings service.
Apr 01 16:33:40 fedora systemd[2123]: org.gnome.SettingsDaemon.XSettings.service: Job org.gnome.SettingsDaemon.XSettings.service/start failed with result 'dependency'.
Apr 01 16:33:40 fedora systemd[2123]: gnome-session-x11-services-ready.target: Job gnome-session-x11-services-ready.target/verify-active failed with result 'dependency'.
Apr 01 16:33:40 fedora systemd[2123]: Reached target gnome-session@gnome.target - GNOME Session (session: gnome).
Apr 01 16:33:40 fedora systemd[2123]: Reached target org.gnome.SettingsDaemon.XSettings.target - GNOME XSettings target.
Apr 01 16:33:40 fedora systemd[2123]: Starting gnome-session-signal-init.service - Signal initialization done to GNOME Session Manager...
Apr 01 16:33:40 fedora xdg-document-po[1972]: Error releasing name org.freedesktop.portal.Documents: The connection is closed
Apr 01 16:33:40 fedora systemd[2123]: Starting org.freedesktop.IBus.session.GNOME.service - IBus Daemon for GNOME...
Apr 01 16:33:40 fedora systemd[2123]: Starting org.gnome.SettingsDaemon.A11ySettings.service - GNOME accessibility service...
Apr 01 16:33:40 fedora systemd[2123]: Starting org.gnome.SettingsDaemon.Color.service - GNOME color management service...
Apr 01 16:33:40 fedora systemd[2123]: Starting org.gnome.SettingsDaemon.Datetime.service - GNOME date & time service...
Apr 01 16:33:40 fedora systemd[1]: run-user-42-doc.mount: Deactivated successfully.
Apr 01 16:33:40 fedora systemd[2123]: Starting org.gnome.SettingsDaemon.Housekeeping.service - GNOME maintenance of expirable data service...
Apr 01 16:33:40 fedora systemd[2123]: Starting org.gnome.SettingsDaemon.Keyboard.service - GNOME keyboard configuration service...
Apr 01 16:33:40 fedora systemd[2123]: Starting org.gnome.SettingsDaemon.MediaKeys.service - GNOME keyboard shortcuts service...
Apr 01 16:33:40 fedora systemd[2123]: Starting org.gnome.SettingsDaemon.Power.service - GNOME power management service...
Apr 01 16:33:40 fedora systemd[2123]: Starting org.gnome.SettingsDaemon.PrintNotifications.service - GNOME printer notifications service...
Apr 01 16:33:40 fedora systemd[2123]: Starting org.gnome.SettingsDaemon.Rfkill.service - GNOME RFKill support service...
Apr 01 16:33:40 fedora systemd[2123]: Starting org.gnome.SettingsDaemon.ScreensaverProxy.service - GNOME FreeDesktop screensaver service...
Apr 01 16:33:40 fedora spice-vdagent[2457]: vdagent virtio channel /dev/virtio-ports/com.redhat.spice.0 does not exist, exiting
Apr 01 16:33:40 fedora systemd[2123]: Starting org.gnome.SettingsDaemon.Sharing.service - GNOME file sharing service...
Apr 01 16:33:40 fedora systemd[2123]: Starting org.gnome.SettingsDaemon.Smartcard.service - GNOME smartcard service...
Apr 01 16:33:40 fedora systemd[2123]: Starting org.gnome.SettingsDaemon.Sound.service - GNOME sound sample caching service...
Apr 01 16:33:40 fedora systemd[2123]: Starting org.gnome.SettingsDaemon.UsbProtection.service - GNOME USB protection service...
Apr 01 16:33:40 fedora systemd[2123]: Starting org.gnome.SettingsDaemon.Wacom.service - GNOME Wacom tablet support service...
Apr 01 16:33:40 fedora pcscd[1703]: 00000000 ../src/auth.c:148:IsClientAuthorized() Error in authorization: GDBus.Error:org.gtk.GDBus.UnmappedGError.Quark._g_2dfile_2derror_2dquark.Code4: Failed to open file “/proc/1608/status”: No such file or directory
Apr 01 16:33:40 fedora pcscd[1703]: 00000084 ../src/auth.c:166:IsClientAuthorized() Process 1608 (user: 42) is NOT authorized for action: access_pcsc
Apr 01 16:33:40 fedora pcscd[1703]: 00000056 ../src/winscard_svc.c:357:ContextThread() Rejected unauthorized PC/SC client
Apr 01 16:33:40 fedora gdm-launch-environment][1430]: pam_unix(gdm-launch-environment:session): session closed for user gdm
Apr 01 16:33:40 fedora audit[1430]: USER_END pid=1430 uid=0 auid=4294967295 ses=4294967295 subj=system_u:system_r:xdm_t:s0-s0:c0.c1023 msg='op=PAM:session_close grantors=pam_keyinit,pam_keyinit,pam_limits,pam_systemd,pam_unix,pam_umask acct="gdm" exe="/usr/libexec/gdm-session-worker" hostname=fedora addr=? terminal=/dev/tty1 res=success'
Apr 01 16:33:40 fedora audit[1430]: CRED_DISP pid=1430 uid=0 auid=4294967295 ses=4294967295 subj=system_u:system_r:xdm_t:s0-s0:c0.c1023 msg='op=PAM:setcred grantors=pam_permit acct="gdm" exe="/usr/libexec/gdm-session-worker" hostname=fedora addr=? terminal=/dev/tty1 res=success'
Apr 01 16:33:40 fedora systemd[2123]: Finished gnome-session-signal-init.service - Signal initialization done to GNOME Session Manager.
Apr 01 16:33:40 fedora systemd-logind[1059]: Session c1 logged out. Waiting for processes to exit.
Apr 01 16:33:40 fedora systemd[2123]: Started org.gnome.SettingsDaemon.A11ySettings.service - GNOME accessibility service.
Apr 01 16:33:40 fedora systemd[2123]: Reached target org.gnome.SettingsDaemon.A11ySettings.target - GNOME accessibility target.
Apr 01 16:33:40 fedora systemd[2123]: Started org.freedesktop.IBus.session.GNOME.service - IBus Daemon for GNOME.
Apr 01 16:33:40 fedora systemd[2123]: Started dbus-:1.2-org.freedesktop.portal.IBus@0.service.
Apr 01 16:33:40 fedora vmware-user.desktop[2591]: vmware-user: could not open /proc/fs/vmblock/dev
Apr 01 16:33:40 fedora gnome-session-binary[2245]: Entering running state
Apr 01 16:33:40 fedora systemd[1]: session-c1.scope: Deactivated successfully.
Apr 01 16:33:40 fedora systemd[1]: session-c1.scope: Consumed 4.223s CPU time, 813.4M memory peak.
Apr 01 16:33:40 fedora systemd[2123]: Started dbus-:1.2-org.freedesktop.problems.applet@0.service.
Apr 01 16:33:40 fedora systemd-logind[1059]: Removed session c1.
Apr 01 16:33:40 fedora gnome-session[2245]: gnome-session-binary[2245]: GnomeDesktop-WARNING: Could not create transient scope for PID 2457: GDBus.Error:org.freedesktop.DBus.Error.UnixProcessIdUnknown: Failed to set unit properties: No such process
Apr 01 16:33:40 fedora gnome-session-binary[2245]: GnomeDesktop-WARNING: Could not create transient scope for PID 2457: GDBus.Error:org.freedesktop.DBus.Error.UnixProcessIdUnknown: Failed to set unit properties: No such process
Apr 01 16:33:40 fedora systemd[2123]: Started org.gnome.SettingsDaemon.Housekeeping.service - GNOME maintenance of expirable data service.
Apr 01 16:33:40 fedora systemd[2123]: Started org.gnome.SettingsDaemon.Sharing.service - GNOME file sharing service.
Apr 01 16:33:40 fedora systemd[2123]: Started org.gnome.SettingsDaemon.Smartcard.service - GNOME smartcard service.
Apr 01 16:33:40 fedora systemd[2123]: Started org.gnome.SettingsDaemon.PrintNotifications.service - GNOME printer notifications service.
Apr 01 16:33:40 fedora systemd[2123]: Started org.gnome.SettingsDaemon.Datetime.service - GNOME date & time service.
Apr 01 16:33:40 fedora systemd[2123]: Started org.gnome.SettingsDaemon.ScreensaverProxy.service - GNOME FreeDesktop screensaver service.
Apr 01 16:33:40 fedora systemd[2123]: Started org.gnome.SettingsDaemon.Rfkill.service - GNOME RFKill support service.
Apr 01 16:33:40 fedora kernel: rfkill: input handler disabled
Apr 01 16:33:40 fedora systemd[2123]: Started org.gnome.SettingsDaemon.UsbProtection.service - GNOME USB protection service.
Apr 01 16:33:40 fedora gdm[1401]: Gdm: Child process -1461 was already dead.
Apr 01 16:33:40 fedora gnome-session[2245]: gnome-session-binary[2245]: GnomeDesktop-WARNING: Could not create transient scope for PID 2544: GDBus.Error:org.freedesktop.DBus.Error.UnixProcessIdUnknown: Failed to set unit properties: No such process
Apr 01 16:33:40 fedora gnome-session-binary[2245]: GnomeDesktop-WARNING: Could not create transient scope for PID 2544: GDBus.Error:org.freedesktop.DBus.Error.UnixProcessIdUnknown: Failed to set unit properties: No such process
Apr 01 16:33:40 fedora gnome-session[2245]: gnome-session-binary[2245]: GnomeDesktop-WARNING: Could not create transient scope for PID 2564: GDBus.Error:org.freedesktop.DBus.Error.UnixProcessIdUnknown: Failed to set unit properties: No such process
Apr 01 16:33:40 fedora gnome-session-binary[2245]: GnomeDesktop-WARNING: Could not create transient scope for PID 2564: GDBus.Error:org.freedesktop.DBus.Error.UnixProcessIdUnknown: Failed to set unit properties: No such process
Apr 01 16:33:40 fedora gnome-session[2245]: gnome-session-binary[2245]: GnomeDesktop-WARNING: Could not create transient scope for PID 2575: GDBus.Error:org.freedesktop.DBus.Error.UnixProcessIdUnknown: Failed to set unit properties: No such process
Apr 01 16:33:40 fedora gnome-session-binary[2245]: GnomeDesktop-WARNING: Could not create transient scope for PID 2575: GDBus.Error:org.freedesktop.DBus.Error.UnixProcessIdUnknown: Failed to set unit properties: No such process
Apr 01 16:33:40 fedora systemd[2123]: Started org.gnome.SettingsDaemon.Sound.service - GNOME sound sample caching service.
Apr 01 16:33:40 fedora abrt-applet[2605]: Failed to rename ‘/home/nigam/.abrt/spool’ to ‘/home/nigam/.cache/abrt/spool’: No such file or directory
Apr 01 16:33:40 fedora abrt-applet[2605]: Failed to rename ‘/home/nigam/.abrt/settings’ to ‘/home/nigam/.config/abrt/settings’: No such file or directory
Apr 01 16:33:40 fedora systemd[2123]: Started app-gnome-libcanberra\x2dlogin\x2dsound-2570.scope - Application launched by gnome-session-binary.
Apr 01 16:33:40 fedora systemd[2123]: Started app-gnome-nvidia\x2dsettings\x2duser-2558.scope - Application launched by gnome-session-binary.
Apr 01 16:33:40 fedora systemd[2123]: Started app-gnome-org.gnome.Evolution\x2dalarm\x2dnotify-2586.scope - Application launched by gnome-session-binary.
Apr 01 16:33:40 fedora systemd[2123]: Started app-gnome-org.gnome.SettingsDaemon.DiskUtilityNotify-2533.scope - Application launched by gnome-session-binary.
Apr 01 16:33:40 fedora systemd[2123]: Started app-gnome-org.gnome.Software-2509.scope - Application launched by gnome-session-binary.
Apr 01 16:33:40 fedora systemd[2123]: app-gnome-snap\x2duserd\x2dautostart-2573.scope: PID 2573 vanished before we could move it to target cgroup '/user.slice/user-1000.slice/user@1000.service/app.slice/app-gnome-snap\x2duserd\x2dautostart-2573.scope', skipping: No such process
Apr 01 16:33:40 fedora systemd[2123]: app-gnome-snap\x2duserd\x2dautostart-2573.scope: No PIDs left to attach to the scope's control group, refusing.
Apr 01 16:33:40 fedora systemd[2123]: app-gnome-snap\x2duserd\x2dautostart-2573.scope: Failed with result 'resources'.
Apr 01 16:33:40 fedora systemd[2123]: Failed to start app-gnome-snap\x2duserd\x2dautostart-2573.scope - Application launched by gnome-session-binary.
Apr 01 16:33:40 fedora systemd[2123]: Reached target org.gnome.SettingsDaemon.Datetime.target - GNOME date & time target.
Apr 01 16:33:40 fedora systemd[2123]: Reached target org.gnome.SettingsDaemon.Housekeeping.target - GNOME maintenance of expirable data target.
Apr 01 16:33:40 fedora systemd[2123]: Reached target org.gnome.SettingsDaemon.PrintNotifications.target - GNOME printer notifications target.
Apr 01 16:33:40 fedora systemd[2123]: Reached target org.gnome.SettingsDaemon.Rfkill.target - GNOME RFKill support target.
Apr 01 16:33:40 fedora systemd[2123]: Reached target org.gnome.SettingsDaemon.ScreensaverProxy.target - GNOME FreeDesktop screensaver target.
Apr 01 16:33:40 fedora systemd[2123]: Reached target org.gnome.SettingsDaemon.Sharing.target - GNOME file sharing target.
Apr 01 16:33:40 fedora systemd[2123]: Reached target org.gnome.SettingsDaemon.Smartcard.target - GNOME smartcard target.
Apr 01 16:33:40 fedora systemd[2123]: Reached target org.gnome.SettingsDaemon.Sound.target - GNOME sound sample caching target.
Apr 01 16:33:40 fedora systemd[2123]: Reached target org.gnome.SettingsDaemon.UsbProtection.target - GNOME USB protection target.
Apr 01 16:33:40 fedora systemd[2123]: Started dbus-:1.2-org.gnome.ScreenSaver@0.service.
Apr 01 16:33:40 fedora systemd[2123]: Starting gvfs-udisks2-volume-monitor.service - Virtual filesystem service - disk device monitor...
Apr 01 16:33:40 fedora systemd[2123]: Started dbus-:1.2-org.gnome.OnlineAccounts@0.service.
Apr 01 16:33:40 fedora systemd[2123]: Started evolution-source-registry.service - Evolution source registry.
Apr 01 16:33:41 fedora systemd[2123]: Starting evolution-calendar-factory.service - Evolution calendar service...
Apr 01 16:33:41 fedora systemd[2123]: Started gvfs-udisks2-volume-monitor.service - Virtual filesystem service - disk device monitor.
Apr 01 16:33:41 fedora goa-daemon[2676]: goa-daemon version 3.54.10 starting
Apr 01 16:33:41 fedora systemd[2123]: Starting gvfs-mtp-volume-monitor.service - Virtual filesystem service - Media Transfer Protocol monitor...
Apr 01 16:33:41 fedora systemd[2123]: Started dbus-:1.2-org.gnome.Identity@0.service.
Apr 01 16:33:41 fedora systemd[2123]: Started gvfs-mtp-volume-monitor.service - Virtual filesystem service - Media Transfer Protocol monitor.
Apr 01 16:33:41 fedora systemd[1]: Starting sssd-kcm.service - SSSD Kerberos Cache Manager...
Apr 01 16:33:41 fedora systemd[2123]: Starting gvfs-gphoto2-volume-monitor.service - Virtual filesystem service - digital camera monitor...
Apr 01 16:33:41 fedora systemd[2123]: Started evolution-calendar-factory.service - Evolution calendar service.
Apr 01 16:33:41 fedora systemd[2123]: Started gvfs-gphoto2-volume-monitor.service - Virtual filesystem service - digital camera monitor.
Apr 01 16:33:41 fedora systemd[2123]: Starting evolution-addressbook-factory.service - Evolution address book service...
Apr 01 16:33:41 fedora systemd[2123]: Starting gvfs-afc-volume-monitor.service - Virtual filesystem service - Apple File Conduit monitor...
Apr 01 16:33:41 fedora systemd[2123]: Started gvfs-afc-volume-monitor.service - Virtual filesystem service - Apple File Conduit monitor.
Apr 01 16:33:41 fedora systemd[2123]: Starting gvfs-goa-volume-monitor.service - Virtual filesystem service - GNOME Online Accounts monitor...
Apr 01 16:33:41 fedora systemd[2123]: Started gvfs-goa-volume-monitor.service - Virtual filesystem service - GNOME Online Accounts monitor.
Apr 01 16:33:41 fedora systemd[2123]: Started evolution-addressbook-factory.service - Evolution address book service.
Apr 01 16:33:41 fedora systemd[1]: Started sssd-kcm.service - SSSD Kerberos Cache Manager.
Apr 01 16:33:41 fedora audit[1]: SERVICE_START pid=1 uid=0 auid=4294967295 ses=4294967295 subj=system_u:system_r:init_t:s0 msg='unit=sssd-kcm comm="systemd" exe="/usr/lib/systemd/systemd" hostname=? addr=? terminal=? res=success'
Apr 01 16:33:41 fedora gnome-shell[2305]: Error looking up permission: GDBus.Error:org.freedesktop.portal.Error.NotFound: No entry for geolocation
Apr 01 16:33:41 fedora gsd-usb-protect[2505]: Failed to fetch USBGuard parameters: GDBus.Error:org.freedesktop.DBus.Error.ServiceUnknown: The name is not activatable
Apr 01 16:33:41 fedora gnome-shell[2305]: Will monitor session 2
Apr 01 16:33:41 fedora sssd_kcm[2794]: Starting up
Apr 01 16:33:41 fedora goa-identity-se[2714]: GoaKerberosIdentityManager: Using polling for change notification for credential cache type 'KCM'
Apr 01 16:33:41 fedora systemd[1]: Created slice system-dbus\x2d:1.3\x2dorg.freedesktop.problems.slice - Slice /system/dbus-:1.3-org.freedesktop.problems.
Apr 01 16:33:41 fedora systemd[1]: Started dbus-:1.3-org.freedesktop.problems@0.service.
Apr 01 16:33:41 fedora audit[1]: SERVICE_START pid=1 uid=0 auid=4294967295 ses=4294967295 subj=system_u:system_r:init_t:s0 msg='unit=dbus-:1.3-org.freedesktop.problems@0 comm="systemd" exe="/usr/lib/systemd/systemd" hostname=? addr=? terminal=? res=success'
Apr 01 16:33:41 fedora NetworkManager[1241]: <info>  [1775041421.3109] agent-manager: agent[a6bda7db51e4af6b,:1.103/org.gnome.Shell.NetworkAgent/1000]: agent registered
Apr 01 16:33:41 fedora gnome-shell[2305]: Type interface of property NM.Object::client does not match return type void of getter get_client. Falling back to slow path
Apr 01 16:33:41 fedora systemd[2123]: Started pipewire-pulse.service - PipeWire PulseAudio.
Apr 01 16:33:41 fedora systemd[1]: Starting tuned.service - Dynamic System Tuning Daemon...
Apr 01 16:33:41 fedora audit[2882]: AVC avc:  denied  { execute } for  pid=2882 comm="(tuned)" name="python3.13" dev="nvme1n1p3" ino=2007439 scontext=system_u:system_r:init_t:s0 tcontext=unconfined_u:object_r:user_home_t:s0 tclass=file permissive=0
Apr 01 16:33:41 fedora (tuned)[2882]: tuned.service: Failed to execute /usr/sbin/tuned: Permission denied
Apr 01 16:33:41 fedora (tuned)[2882]: tuned.service: Failed at step EXEC spawning /usr/sbin/tuned: Permission denied
Apr 01 16:33:41 fedora systemd[1]: tuned.service: Main process exited, code=exited, status=203/EXEC
Apr 01 16:33:41 fedora systemd[1]: tuned.service: Failed with result 'exit-code'.
Apr 01 16:33:41 fedora systemd[1]: Failed to start tuned.service - Dynamic System Tuning Daemon.
Apr 01 16:33:41 fedora systemd[1]: Dependency failed for tuned-ppd.service - PPD-to-TuneD API Translation Daemon.
Apr 01 16:33:41 fedora systemd[1]: tuned-ppd.service: Job tuned-ppd.service/start failed with result 'dependency'.
Apr 01 16:33:41 fedora audit[1]: SERVICE_START pid=1 uid=0 auid=4294967295 ses=4294967295 subj=system_u:system_r:init_t:s0 msg='unit=tuned comm="systemd" exe="/usr/lib/systemd/systemd" hostname=? addr=? terminal=? res=failed'
Apr 01 16:33:41 fedora gnome-shell[2305]: gvc_mixer_ui_device_get_id: assertion 'GVC_IS_MIXER_UI_DEVICE (device)' failed
Apr 01 16:33:41 fedora gnome-shell[2305]: Can't find input for stream-id 2
Apr 01 16:33:41 fedora systemd[2123]: Started org.gnome.SettingsDaemon.Color.service - GNOME color management service.
Apr 01 16:33:41 fedora systemd[2123]: Reached target org.gnome.SettingsDaemon.Color.target - GNOME color management target.
Apr 01 16:33:41 fedora systemd[2123]: Started org.gnome.SettingsDaemon.Keyboard.service - GNOME keyboard configuration service.
Apr 01 16:33:41 fedora systemd[2123]: Reached target org.gnome.SettingsDaemon.Keyboard.target - GNOME keyboard configuration target.
Apr 01 16:33:41 fedora systemd-logind[1059]: /boot/loader/entries/3092e47ce2fc41378fb626141642a2f0-0-rescue.conf:6: Unknown line 'grub_users', ignoring.
Apr 01 16:33:41 fedora systemd-logind[1059]: /boot/loader/entries/3092e47ce2fc41378fb626141642a2f0-0-rescue.conf:7: Unknown line 'grub_arg', ignoring.
Apr 01 16:33:41 fedora systemd-logind[1059]: /boot/loader/entries/3092e47ce2fc41378fb626141642a2f0-0-rescue.conf:8: Unknown line 'grub_class', ignoring.
Apr 01 16:33:41 fedora systemd-logind[1059]: /boot/loader/entries/3092e47ce2fc41378fb626141642a2f0-6.18.13-100.fc42.x86_64.conf:6: Unknown line 'grub_users', ignoring.
Apr 01 16:33:41 fedora systemd-logind[1059]: /boot/loader/entries/3092e47ce2fc41378fb626141642a2f0-6.18.13-100.fc42.x86_64.conf:7: Unknown line 'grub_arg', ignoring.
Apr 01 16:33:41 fedora systemd-logind[1059]: /boot/loader/entries/3092e47ce2fc41378fb626141642a2f0-6.18.13-100.fc42.x86_64.conf:8: Unknown line 'grub_class', ignoring.
Apr 01 16:33:41 fedora systemd-logind[1059]: /boot/loader/entries/3092e47ce2fc41378fb626141642a2f0-6.18.10-100.fc42.x86_64.conf:6: Unknown line 'grub_users', ignoring.
Apr 01 16:33:41 fedora systemd-logind[1059]: /boot/loader/entries/3092e47ce2fc41378fb626141642a2f0-6.18.10-100.fc42.x86_64.conf:7: Unknown line 'grub_arg', ignoring.
Apr 01 16:33:41 fedora systemd-logind[1059]: /boot/loader/entries/3092e47ce2fc41378fb626141642a2f0-6.18.10-100.fc42.x86_64.conf:8: Unknown line 'grub_class', ignoring.
Apr 01 16:33:41 fedora systemd-logind[1059]: /boot/loader/entries/3092e47ce2fc41378fb626141642a2f0-6.18.7-100.fc42.x86_64.conf:6: Unknown line 'grub_users', ignoring.
Apr 01 16:33:41 fedora systemd-logind[1059]: /boot/loader/entries/3092e47ce2fc41378fb626141642a2f0-6.18.7-100.fc42.x86_64.conf:7: Unknown line 'grub_arg', ignoring.
Apr 01 16:33:41 fedora systemd-logind[1059]: /boot/loader/entries/3092e47ce2fc41378fb626141642a2f0-6.18.7-100.fc42.x86_64.conf:8: Unknown line 'grub_class', ignoring.
Apr 01 16:33:41 fedora audit: BPF prog-id=88 op=LOAD
Apr 01 16:33:41 fedora audit: BPF prog-id=89 op=LOAD
Apr 01 16:33:41 fedora audit: BPF prog-id=90 op=LOAD
Apr 01 16:33:41 fedora systemd[1]: Starting systemd-localed.service - Locale Service...
Apr 01 16:33:41 fedora systemd-logind[1059]: /boot/loader/entries/3092e47ce2fc41378fb626141642a2f0-0-rescue.conf:6: Unknown line 'grub_users', ignoring.
Apr 01 16:33:41 fedora systemd-logind[1059]: /boot/loader/entries/3092e47ce2fc41378fb626141642a2f0-0-rescue.conf:7: Unknown line 'grub_arg', ignoring.
Apr 01 16:33:41 fedora systemd-logind[1059]: /boot/loader/entries/3092e47ce2fc41378fb626141642a2f0-0-rescue.conf:8: Unknown line 'grub_class', ignoring.
Apr 01 16:33:41 fedora systemd-logind[1059]: /boot/loader/entries/3092e47ce2fc41378fb626141642a2f0-6.18.13-100.fc42.x86_64.conf:6: Unknown line 'grub_users', ignoring.
Apr 01 16:33:41 fedora systemd-logind[1059]: /boot/loader/entries/3092e47ce2fc41378fb626141642a2f0-6.18.13-100.fc42.x86_64.conf:7: Unknown line 'grub_arg', ignoring.
Apr 01 16:33:41 fedora systemd-logind[1059]: /boot/loader/entries/3092e47ce2fc41378fb626141642a2f0-6.18.13-100.fc42.x86_64.conf:8: Unknown line 'grub_class', ignoring.
Apr 01 16:33:41 fedora systemd-logind[1059]: /boot/loader/entries/3092e47ce2fc41378fb626141642a2f0-6.18.10-100.fc42.x86_64.conf:6: Unknown line 'grub_users', ignoring.
Apr 01 16:33:41 fedora systemd-logind[1059]: /boot/loader/entries/3092e47ce2fc41378fb626141642a2f0-6.18.10-100.fc42.x86_64.conf:7: Unknown line 'grub_arg', ignoring.
Apr 01 16:33:41 fedora systemd-logind[1059]: /boot/loader/entries/3092e47ce2fc41378fb626141642a2f0-6.18.10-100.fc42.x86_64.conf:8: Unknown line 'grub_class', ignoring.
Apr 01 16:33:41 fedora systemd-logind[1059]: /boot/loader/entries/3092e47ce2fc41378fb626141642a2f0-6.18.7-100.fc42.x86_64.conf:6: Unknown line 'grub_users', ignoring.
Apr 01 16:33:41 fedora systemd-logind[1059]: /boot/loader/entries/3092e47ce2fc41378fb626141642a2f0-6.18.7-100.fc42.x86_64.conf:7: Unknown line 'grub_arg', ignoring.
Apr 01 16:33:41 fedora systemd-logind[1059]: /boot/loader/entries/3092e47ce2fc41378fb626141642a2f0-6.18.7-100.fc42.x86_64.conf:8: Unknown line 'grub_class', ignoring.
Apr 01 16:33:41 fedora systemd[2123]: Started org.gnome.SettingsDaemon.MediaKeys.service - GNOME keyboard shortcuts service.
Apr 01 16:33:41 fedora systemd[2123]: Reached target org.gnome.SettingsDaemon.MediaKeys.target - GNOME keyboard shortcuts target.
Apr 01 16:33:41 fedora systemd[2123]: Started org.gnome.SettingsDaemon.Power.service - GNOME power management service.
Apr 01 16:33:41 fedora systemd[2123]: Reached target org.gnome.SettingsDaemon.Power.target - GNOME power management target.
Apr 01 16:33:41 fedora systemd[2123]: Started org.gnome.SettingsDaemon.Wacom.service - GNOME Wacom tablet support service.
Apr 01 16:33:41 fedora systemd[2123]: Reached target org.gnome.SettingsDaemon.Wacom.target - GNOME Wacom tablet support target.
Apr 01 16:33:41 fedora systemd[2123]: Reached target gnome-session.target - GNOME Session.
Apr 01 16:33:41 fedora systemd[2123]: Reached target gnome-session-wayland@gnome.target - GNOME Wayland Session (session: gnome).
Apr 01 16:33:41 fedora systemd[2123]: Reached target graphical-session.target - Current graphical user session.
Apr 01 16:33:41 fedora systemd[2123]: gnome-initial-setup-first-login.service - GNOME Initial Setup was skipped because of an unmet condition check (ConditionPathExists=!/home/nigam/.config/gnome-initial-setup-done).
Apr 01 16:33:41 fedora systemd[2123]: Starting xdg-desktop-portal.service - Portal service...
Apr 01 16:33:41 fedora systemd[2123]: Starting xdg-document-portal.service - flatpak document portal service...
Apr 01 16:33:41 fedora systemd[1]: Started systemd-localed.service - Locale Service.
Apr 01 16:33:41 fedora audit[1]: SERVICE_START pid=1 uid=0 auid=4294967295 ses=4294967295 subj=system_u:system_r:init_t:s0 msg='unit=systemd-localed comm="systemd" exe="/usr/lib/systemd/systemd" hostname=? addr=? terminal=? res=success'
Apr 01 16:33:41 fedora systemd[2123]: Started xdg-document-portal.service - flatpak document portal service.
Apr 01 16:33:41 fedora systemd[2123]: Starting xdg-desktop-portal-gnome.service - Portal service (GNOME implementation)...
Apr 01 16:33:41 fedora gsd-media-keys[2460]: Failed to grab accelerator for keybinding settings:hibernate
Apr 01 16:33:41 fedora gsd-media-keys[2460]: Failed to grab accelerator for keybinding settings:playback-repeat
Apr 01 16:33:41 fedora systemd[1]: Starting tuned.service - Dynamic System Tuning Daemon...
Apr 01 16:33:41 fedora audit[2962]: AVC avc:  denied  { execute } for  pid=2962 comm="(tuned)" name="python3.13" dev="nvme1n1p3" ino=2007439 scontext=system_u:system_r:init_t:s0 tcontext=unconfined_u:object_r:user_home_t:s0 tclass=file permissive=0
Apr 01 16:33:41 fedora (tuned)[2962]: tuned.service: Failed to execute /usr/sbin/tuned: Permission denied
Apr 01 16:33:41 fedora (tuned)[2962]: tuned.service: Failed at step EXEC spawning /usr/sbin/tuned: Permission denied
Apr 01 16:33:41 fedora systemd[1]: tuned.service: Main process exited, code=exited, status=203/EXEC
Apr 01 16:33:41 fedora systemd[1]: tuned.service: Failed with result 'exit-code'.
Apr 01 16:33:41 fedora systemd[1]: Failed to start tuned.service - Dynamic System Tuning Daemon.
Apr 01 16:33:41 fedora systemd[1]: Dependency failed for tuned-ppd.service - PPD-to-TuneD API Translation Daemon.
Apr 01 16:33:41 fedora systemd[1]: tuned-ppd.service: Job tuned-ppd.service/start failed with result 'dependency'.
Apr 01 16:33:41 fedora audit[1]: SERVICE_START pid=1 uid=0 auid=4294967295 ses=4294967295 subj=system_u:system_r:init_t:s0 msg='unit=tuned comm="systemd" exe="/usr/lib/systemd/systemd" hostname=? addr=? terminal=? res=failed'
Apr 01 16:33:41 fedora gnome-shell[2966]: The XKEYBOARD keymap compiler (xkbcomp) reports:
Apr 01 16:33:41 fedora gnome-shell[2966]: > Warning:          Could not resolve keysym XF86RefreshRateToggle
Apr 01 16:33:41 fedora gnome-shell[2966]: > Warning:          Could not resolve keysym XF86Accessibility
Apr 01 16:33:41 fedora gnome-shell[2966]: > Warning:          Could not resolve keysym XF86DoNotDisturb
Apr 01 16:33:41 fedora libcanberra-login-sound.desktop[2570]: Failed to play sound: File or data not found
Apr 01 16:33:41 fedora gnome-shell[2966]: Errors from xkbcomp are not fatal to the X server
Apr 01 16:33:41 fedora rtkit-daemon[1024]: Successfully made thread 2878 of process 2878 (/usr/bin/pipewire) owned by '1000' high priority at nice level -11.
Apr 01 16:33:41 fedora rtkit-daemon[1024]: Successfully made thread 2887 of process 2878 (/usr/bin/pipewire) owned by '1000' RT at priority 20.
Apr 01 16:33:41 fedora pcscd[1703]: 00888047 ../src/auth.c:166:IsClientAuthorized() Process 1822 (user: 994) is NOT authorized for action: access_pcsc
Apr 01 16:33:41 fedora pcscd[1703]: 00000193 ../src/winscard_svc.c:357:ContextThread() Rejected unauthorized PC/SC client
Apr 01 16:33:42 fedora cupsd[1286]: REQUEST localhost - - "POST / HTTP/1.1" 200 361 Create-Printer-Subscriptions successful-ok
Apr 01 16:33:42 fedora systemd[2123]: Reached target gnome-session-x11-services.target - GNOME session X11 services.
Apr 01 16:33:42 fedora systemd[2123]: Starting org.gnome.SettingsDaemon.XSettings.service - GNOME XSettings service...
Apr 01 16:33:42 fedora gnome-shell[3045]: The XKEYBOARD keymap compiler (xkbcomp) reports:
Apr 01 16:33:42 fedora gnome-shell[3045]: > Warning:          Unsupported maximum keycode 708, clipping.
Apr 01 16:33:42 fedora gnome-shell[3045]: >                   X11 cannot support keycodes above 255.
Apr 01 16:33:42 fedora gnome-shell[3045]: > Warning:          Could not resolve keysym XF86RefreshRateToggle
Apr 01 16:33:42 fedora gnome-shell[3045]: > Warning:          Could not resolve keysym XF86Accessibility
Apr 01 16:33:42 fedora gnome-shell[3045]: > Warning:          Could not resolve keysym XF86DoNotDisturb
Apr 01 16:33:42 fedora gnome-shell[3045]: Errors from xkbcomp are not fatal to the X server
Apr 01 16:33:42 fedora wpa_supplicant[1270]: wlo1: PMKSA-CACHE-ADDED 80:8d:b7:be:78:10 0
Apr 01 16:33:42 fedora wpa_supplicant[1270]: wlo1: PMKSA-CACHE-ADDED 24:f2:7f:ab:92:c0 0
Apr 01 16:33:42 fedora wpa_supplicant[1270]: wlo1: PMKSA-CACHE-ADDED 70:3a:0e:e7:f6:62 0
Apr 01 16:33:42 fedora wpa_supplicant[1270]: wlo1: PMKSA-CACHE-ADDED 80:8d:b7:be:78:00 0
Apr 01 16:33:42 fedora wpa_supplicant[1270]: wlo1: PMKSA-CACHE-ADDED b0:1f:8c:2b:f7:60 0
Apr 01 16:33:42 fedora wpa_supplicant[1270]: wlo1: PMKSA-CACHE-ADDED 70:3a:0e:e7:f6:e0 0
Apr 01 16:33:42 fedora wpa_supplicant[1270]: wlo1: PMKSA-CACHE-ADDED 70:3a:0e:e8:04:62 0
Apr 01 16:33:42 fedora wpa_supplicant[1270]: wlo1: PMKSA-CACHE-ADDED 70:3a:0e:e8:03:62 0
Apr 01 16:33:42 fedora wpa_supplicant[1270]: wlo1: PMKSA-CACHE-ADDED 70:3a:0e:e7:fe:80 0
Apr 01 16:33:42 fedora wpa_supplicant[1270]: wlo1: PMKSA-CACHE-ADDED fc:7f:f1:bd:c1:41 0
Apr 01 16:33:42 fedora wpa_supplicant[1270]: wlo1: PMKSA-CACHE-ADDED 70:3a:0e:e7:cc:21 0
Apr 01 16:33:42 fedora wpa_supplicant[1270]: wlo1: PMKSA-CACHE-ADDED bc:a9:93:a7:73:b0 0
Apr 01 16:33:42 fedora systemd[2123]: Started dbus-:1.2-org.gnome.Settings.GlobalShortcutsProvider@0.service.
Apr 01 16:33:42 fedora systemd[2123]: Started org.gnome.SettingsDaemon.XSettings.service - GNOME XSettings service.
Apr 01 16:33:42 fedora systemd[2123]: Reached target gnome-session-x11-services-ready.target - GNOME session X11 services.
Apr 01 16:33:42 fedora gsd-xsettings[3046]: Failed to get current UI scaling factor: GDBus.Error:org.freedesktop.DBus.Error.NameHasNoOwner: Destination does not exist
Apr 01 16:33:42 fedora systemd[2123]: Started xdg-desktop-portal-gnome.service - Portal service (GNOME implementation).
Apr 01 16:33:42 fedora systemd[2123]: Starting xdg-desktop-portal-gtk.service - Portal service (GTK/GNOME implementation)...
Apr 01 16:33:42 fedora gnome-shell[2305]: GNOME Shell started at Wed Apr 01 2026 16:33:40 GMT+0530 (India Standard Time)
Apr 01 16:33:42 fedora systemd[2123]: Started xdg-desktop-portal-gtk.service - Portal service (GTK/GNOME implementation).
Apr 01 16:33:42 fedora systemd[2123]: Started xdg-desktop-portal.service - Portal service.
Apr 01 16:33:43 fedora systemd[1]: Starting tuned.service - Dynamic System Tuning Daemon...
Apr 01 16:33:43 fedora audit[3115]: AVC avc:  denied  { execute } for  pid=3115 comm="(tuned)" name="python3.13" dev="nvme1n1p3" ino=2007439 scontext=system_u:system_r:init_t:s0 tcontext=unconfined_u:object_r:user_home_t:s0 tclass=file permissive=0
Apr 01 16:33:43 fedora (tuned)[3115]: tuned.service: Failed to execute /usr/sbin/tuned: Permission denied
Apr 01 16:33:43 fedora (tuned)[3115]: tuned.service: Failed at step EXEC spawning /usr/sbin/tuned: Permission denied
Apr 01 16:33:43 fedora systemd[1]: tuned.service: Main process exited, code=exited, status=203/EXEC
Apr 01 16:33:43 fedora systemd[1]: tuned.service: Failed with result 'exit-code'.
Apr 01 16:33:43 fedora systemd[1]: Failed to start tuned.service - Dynamic System Tuning Daemon.
Apr 01 16:33:43 fedora systemd[1]: Dependency failed for tuned-ppd.service - PPD-to-TuneD API Translation Daemon.
Apr 01 16:33:43 fedora audit[1]: SERVICE_START pid=1 uid=0 auid=4294967295 ses=4294967295 subj=system_u:system_r:init_t:s0 msg='unit=tuned comm="systemd" exe="/usr/lib/systemd/systemd" hostname=? addr=? terminal=? res=failed'
Apr 01 16:33:43 fedora systemd[1]: tuned-ppd.service: Job tuned-ppd.service/start failed with result 'dependency'.
Apr 01 16:33:43 fedora systemd[1]: Starting tuned.service - Dynamic System Tuning Daemon...
Apr 01 16:33:43 fedora audit[3118]: AVC avc:  denied  { execute } for  pid=3118 comm="(tuned)" name="python3.13" dev="nvme1n1p3" ino=2007439 scontext=system_u:system_r:init_t:s0 tcontext=unconfined_u:object_r:user_home_t:s0 tclass=file permissive=0
Apr 01 16:33:43 fedora (tuned)[3118]: tuned.service: Failed to execute /usr/sbin/tuned: Permission denied
Apr 01 16:33:43 fedora (tuned)[3118]: tuned.service: Failed at step EXEC spawning /usr/sbin/tuned: Permission denied
Apr 01 16:33:43 fedora systemd[1]: tuned.service: Main process exited, code=exited, status=203/EXEC
Apr 01 16:33:43 fedora systemd[1]: tuned.service: Failed with result 'exit-code'.
Apr 01 16:33:43 fedora systemd[1]: Failed to start tuned.service - Dynamic System Tuning Daemon.
Apr 01 16:33:43 fedora systemd[1]: Dependency failed for tuned-ppd.service - PPD-to-TuneD API Translation Daemon.
Apr 01 16:33:43 fedora systemd[1]: tuned-ppd.service: Job tuned-ppd.service/start failed with result 'dependency'.
Apr 01 16:33:43 fedora audit[1]: SERVICE_START pid=1 uid=0 auid=4294967295 ses=4294967295 subj=system_u:system_r:init_t:s0 msg='unit=tuned comm="systemd" exe="/usr/lib/systemd/systemd" hostname=? addr=? terminal=? res=failed'
Apr 01 16:33:43 fedora systemd[2123]: Started dbus-:1.2-org.gnome.Epiphany.WebAppProvider@0.service.
Apr 01 16:33:43 fedora systemd[1]: Starting modprobe@sd_mod.service - Load Kernel Module sd_mod...
Apr 01 16:33:43 fedora systemd[1]: modprobe@sd_mod.service: Deactivated successfully.
Apr 01 16:33:43 fedora systemd[1]: Finished modprobe@sd_mod.service - Load Kernel Module sd_mod.
Apr 01 16:33:43 fedora audit[1]: SERVICE_START pid=1 uid=0 auid=4294967295 ses=4294967295 subj=system_u:system_r:init_t:s0 msg='unit=modprobe@sd_mod comm="systemd" exe="/usr/lib/systemd/systemd" hostname=? addr=? terminal=? res=success'
Apr 01 16:33:43 fedora audit[1]: SERVICE_STOP pid=1 uid=0 auid=4294967295 ses=4294967295 subj=system_u:system_r:init_t:s0 msg='unit=modprobe@sd_mod comm="systemd" exe="/usr/lib/systemd/systemd" hostname=? addr=? terminal=? res=success'
Apr 01 16:33:43 fedora audit: BPF prog-id=91 op=LOAD
Apr 01 16:33:43 fedora systemd[1]: Starting fwupd.service - Firmware update daemon...
Apr 01 16:33:43 fedora udisksd[1072]: Cleaning up mount point /run/media/root/SYSTEM_DRV (device 259:5 is not mounted)
Apr 01 16:33:43 fedora systemd[1]: run-media-root-SYSTEM_DRV.mount: Deactivated successfully.
Apr 01 16:33:43 fedora udisksd[1072]: Cleaning up mount point /run/media/root/SYSTEM_DRV (device 259:5 is not mounted)
Apr 01 16:33:44 fedora systemd[1]: run-media-root-SYSTEM_DRV.mount: Deactivated successfully.
Apr 01 16:33:45 fedora fwupd[3132]: 11:03:45.372 FuMain               fwupd 2.0.19 ready for requests (locale en_US.UTF-8)
Apr 01 16:33:45 fedora systemd[1]: Started fwupd.service - Firmware update daemon.
Apr 01 16:33:45 fedora audit[1]: SERVICE_START pid=1 uid=0 auid=4294967295 ses=4294967295 subj=system_u:system_r:init_t:s0 msg='unit=fwupd comm="systemd" exe="/usr/lib/systemd/systemd" hostname=? addr=? terminal=? res=success'
Apr 01 16:33:45 fedora systemd[2123]: Started app-gnome-brave\x2dbrowser-3161.scope - Application launched by gnome-shell.
Apr 01 16:33:45 fedora PackageKit[1562]: uid 1000 is trying to obtain org.freedesktop.packagekit.system-sources-refresh auth (only_trusted:0)
Apr 01 16:33:45 fedora PackageKit[1562]: uid 1000 obtained auth for org.freedesktop.packagekit.system-sources-refresh
Apr 01 16:33:45 fedora PackageKit[1562]: refresh-cache transaction /15931_aecbdbbd from uid 1000 finished with success after 121ms
Apr 01 16:33:45 fedora gnome-keyring-daemon[2145]: asked to register item /org/freedesktop/secrets/collection/login/1, but it's already registered
Apr 01 16:33:45 fedora brave-browser.desktop[3169]: [3170:3170:0401/163345.890436:ERROR:chrome/browser/ui/views/user_education/impl/browser_user_education_interface_impl.cc:154] Attempting to show IPH IPH_DiscardRing before browser initialization complete; IPH will not be shown.
Apr 01 16:33:45 fedora gnome-shell[2305]: Invalid window geometry for xdg_surface@50. Ignoring for now, but this will result in client termination in the future.
Apr 01 16:33:45 fedora systemd[2123]: Started app-org.chromium.Chromium-3170.scope.
Apr 01 16:33:46 fedora brave-browser.desktop[3169]: [3216:3216:0401/163346.030423:ERROR:media/gpu/vaapi/vaapi_wrapper.cc:1626] vaInitialize failed: unknown libva error
Apr 01 16:33:46 fedora gnome-shell[2305]: Invalid sequence for VSYNC frame info
Apr 01 16:33:48 fedora wpa_supplicant[1270]: wlo1: PMKSA-CACHE-ADDED 70:3a:0e:e7:f6:71 0
Apr 01 16:33:48 fedora wpa_supplicant[1270]: wlo1: PMKSA-CACHE-ADDED 70:3a:0e:e7:f6:01 0
Apr 01 16:33:48 fedora wpa_supplicant[1270]: wlo1: PMKSA-CACHE-ADDED 70:3a:0e:e7:f6:f0 0
Apr 01 16:33:48 fedora wpa_supplicant[1270]: wlo1: SME: Trying to authenticate with 70:3a:0e:e7:f6:71 (SSID='VITC-HOS2-4' freq=5260 MHz)
Apr 01 16:33:48 fedora NetworkManager[1241]: <info>  [1775041428.1032] device (wlo1): ip:dhcp4: restarting
Apr 01 16:33:48 fedora kernel: wlo1: disconnect from AP 50:e4:e0:d7:86:e0 for new auth to 70:3a:0e:e7:f6:71
Apr 01 16:33:48 fedora NetworkManager[1241]: <info>  [1775041428.1032] dhcp4 (wlo1): canceled DHCP transaction
Apr 01 16:33:48 fedora NetworkManager[1241]: <info>  [1775041428.1032] dhcp4 (wlo1): activation: beginning transaction (timeout in 45 seconds)
Apr 01 16:33:48 fedora NetworkManager[1241]: <info>  [1775041428.1033] dhcp4 (wlo1): state changed no lease
Apr 01 16:33:48 fedora NetworkManager[1241]: <info>  [1775041428.1033] dhcp4 (wlo1): activation: beginning transaction (timeout in 45 seconds)
Apr 01 16:33:48 fedora kernel: wlo1: authenticate with 70:3a:0e:e7:f6:71 (local address=0a:e9:6d:cc:22:8e)
Apr 01 16:33:48 fedora PackageKit[1562]: resolve transaction /15932_ecabcdcb from uid 1000 finished with success after 786ms
Apr 01 16:33:48 fedora PackageKit[1562]: resolve transaction /15933_cccdeada from uid 1000 finished with success after 4ms
Apr 01 16:33:48 fedora PackageKit[1562]: resolve transaction /15934_ddcddbeb from uid 1000 finished with success after 4ms
Apr 01 16:33:48 fedora PackageKit[1562]: resolve transaction /15935_ecdbdebe from uid 1000 finished with success after 7ms
Apr 01 16:33:48 fedora PackageKit[1562]: resolve transaction /15936_edceddbd from uid 1000 finished with success after 3ms
Apr 01 16:33:48 fedora kernel: wlo1: send auth to 70:3a:0e:e7:f6:71 (try 1/3)
Apr 01 16:33:48 fedora NetworkManager[1241]: <info>  [1775041428.6782] device (wlo1): supplicant interface state: completed -> authenticating
Apr 01 16:33:48 fedora kernel: wlo1: authenticated
Apr 01 16:33:48 fedora wpa_supplicant[1270]: wlo1: Trying to associate with 70:3a:0e:e7:f6:71 (SSID='VITC-HOS2-4' freq=5260 MHz)
Apr 01 16:33:48 fedora NetworkManager[1241]: <info>  [1775041428.6783] device (p2p-dev-wlo1): supplicant management interface state: completed -> authenticating
Apr 01 16:33:48 fedora NetworkManager[1241]: <info>  [1775041428.6795] device (wlo1): supplicant interface state: authenticating -> associating
Apr 01 16:33:48 fedora NetworkManager[1241]: <info>  [1775041428.6795] device (p2p-dev-wlo1): supplicant management interface state: authenticating -> associating
Apr 01 16:33:48 fedora kernel: wlo1: associate with 70:3a:0e:e7:f6:71 (try 1/3)
Apr 01 16:33:48 fedora kernel: wlo1: RX ReassocResp from 70:3a:0e:e7:f6:71 (capab=0x11 status=0 aid=2)
Apr 01 16:33:48 fedora kernel: wlo1: associated
Apr 01 16:33:48 fedora wpa_supplicant[1270]: wlo1: Associated with 70:3a:0e:e7:f6:71
Apr 01 16:33:48 fedora wpa_supplicant[1270]: wlo1: CTRL-EVENT-SUBNET-STATUS-UPDATE status=0
Apr 01 16:33:48 fedora NetworkManager[1241]: <info>  [1775041428.6917] device (wlo1): supplicant interface state: associating -> 4way_handshake
Apr 01 16:33:48 fedora NetworkManager[1241]: <info>  [1775041428.6918] device (p2p-dev-wlo1): supplicant management interface state: associating -> 4way_handshake
Apr 01 16:33:48 fedora wpa_supplicant[1270]: wlo1: WPA: Key negotiation completed with 70:3a:0e:e7:f6:71 [PTK=CCMP GTK=CCMP]
Apr 01 16:33:48 fedora wpa_supplicant[1270]: wlo1: CTRL-EVENT-CONNECTED - Connection to 70:3a:0e:e7:f6:71 completed [id=0 id_str=]
Apr 01 16:33:48 fedora NetworkManager[1241]: <info>  [1775041428.8608] device (wlo1): supplicant interface state: 4way_handshake -> completed
Apr 01 16:33:48 fedora NetworkManager[1241]: <info>  [1775041428.8610] device (wlo1): ip:dhcp4: restarting
Apr 01 16:33:48 fedora NetworkManager[1241]: <info>  [1775041428.8774] dhcp4 (wlo1): canceled DHCP transaction
Apr 01 16:33:48 fedora NetworkManager[1241]: <info>  [1775041428.8774] dhcp4 (wlo1): state changed no lease
Apr 01 16:33:48 fedora NetworkManager[1241]: <info>  [1775041428.8775] dhcp4 (wlo1): activation: beginning transaction (timeout in 45 seconds)
Apr 01 16:33:48 fedora NetworkManager[1241]: <info>  [1775041428.8776] device (p2p-dev-wlo1): supplicant management interface state: 4way_handshake -> completed
Apr 01 16:33:48 fedora NetworkManager[1241]: <info>  [1775041428.8830] dhcp4 (wlo1): state changed new lease, address=172.20.167.1, acd pending
Apr 01 16:33:48 fedora NetworkManager[1241]: <info>  [1775041428.8832] dhcp4 (wlo1): state changed new lease, address=172.20.167.1
Apr 01 16:33:48 fedora systemd[1]: Starting NetworkManager-dispatcher.service - Network Manager Script Dispatcher Service...
Apr 01 16:33:48 fedora systemd[1]: Started NetworkManager-dispatcher.service - Network Manager Script Dispatcher Service.
Apr 01 16:33:48 fedora audit[1]: SERVICE_START pid=1 uid=0 auid=4294967295 ses=4294967295 subj=system_u:system_r:init_t:s0 msg='unit=NetworkManager-dispatcher comm="systemd" exe="/usr/lib/systemd/systemd" hostname=? addr=? terminal=? res=success'
Apr 01 16:33:50 fedora PackageKit[1562]: resolve transaction /15937_eaeeeecb from uid 1000 finished with success after 7ms
Apr 01 16:33:50 fedora PackageKit[1562]: resolve transaction /15938_cdadbdcd from uid 1000 finished with success after 3ms
Apr 01 16:33:50 fedora PackageKit[1562]: resolve transaction /15939_aacdddbe from uid 1000 finished with success after 6ms
Apr 01 16:33:50 fedora PackageKit[1562]: resolve transaction /15940_cccbbcca from uid 1000 finished with success after 4ms
Apr 01 16:33:50 fedora PackageKit[1562]: resolve transaction /15941_cbeaecda from uid 1000 finished with success after 4ms
Apr 01 16:33:50 fedora PackageKit[1562]: resolve transaction /15942_edeccdae from uid 1000 finished with success after 5ms
Apr 01 16:33:50 fedora PackageKit[1562]: resolve transaction /15943_ddbbbeed from uid 1000 finished with success after 4ms
Apr 01 16:33:51 fedora systemd[1]: Stopping user@42.service - User Manager for UID 42...
Apr 01 16:33:51 fedora systemd[1443]: Activating special unit exit.target...
Apr 01 16:33:51 fedora systemd[1443]: Stopped target default.target - Main User Target.
Apr 01 16:33:51 fedora systemd[1443]: Stopping pipewire-pulse.service - PipeWire PulseAudio...
Apr 01 16:33:51 fedora systemd[1443]: Stopping xdg-permission-store.service - sandboxed app permission store...
Apr 01 16:33:51 fedora systemd[1443]: Stopped xdg-permission-store.service - sandboxed app permission store.
Apr 01 16:33:51 fedora systemd[1443]: Stopped pipewire-pulse.service - PipeWire PulseAudio.
Apr 01 16:33:51 fedora systemd[1443]: Stopping wireplumber.service - Multimedia Service Session Manager...
Apr 01 16:33:51 fedora systemd[1443]: Stopped wireplumber.service - Multimedia Service Session Manager.
Apr 01 16:33:51 fedora systemd[1443]: Stopping pipewire.service - PipeWire Multimedia Service...
Apr 01 16:33:51 fedora systemd[1443]: Stopped pipewire.service - PipeWire Multimedia Service.
Apr 01 16:33:51 fedora systemd[1443]: Stopped target basic.target - Basic System.
Apr 01 16:33:51 fedora systemd[1443]: Stopped target paths.target - Paths.
Apr 01 16:33:51 fedora systemd[1443]: Stopped target sockets.target - Sockets.
Apr 01 16:33:51 fedora systemd[1443]: Stopped target timers.target - Timers.
Apr 01 16:33:51 fedora systemd[1443]: Stopped systemd-tmpfiles-clean.timer - Daily Cleanup of User's Temporary Directories.
Apr 01 16:33:51 fedora systemd[1443]: Closed pipewire-pulse.socket - PipeWire PulseAudio.
Apr 01 16:33:51 fedora systemd[1443]: Closed pipewire.socket - PipeWire Multimedia System Sockets.
Apr 01 16:33:51 fedora systemd[1443]: Closed snapd.session-agent.socket - REST API socket for snapd user session agent.
Apr 01 16:33:51 fedora dbus-broker[1465]: Dispatched 1459 messages @ 2(±17)μs / message.
Apr 01 16:33:51 fedora systemd[1443]: Stopping dbus-broker.service - D-Bus User Message Bus...
Apr 01 16:33:51 fedora systemd[1443]: Stopped systemd-tmpfiles-setup.service - Create User Files and Directories.
Apr 01 16:33:51 fedora systemd[1443]: Stopped dbus-broker.service - D-Bus User Message Bus.
Apr 01 16:33:51 fedora systemd[1443]: Removed slice session.slice - User Core Session Slice.
Apr 01 16:33:51 fedora systemd[1443]: Closed dbus.socket - D-Bus User Message Bus Socket.
Apr 01 16:33:51 fedora systemd[1443]: Removed slice app.slice - User Application Slice.
Apr 01 16:33:51 fedora systemd[1443]: Reached target shutdown.target - Shutdown.
Apr 01 16:33:51 fedora systemd[1443]: Finished systemd-exit.service - Exit the Session.
Apr 01 16:33:51 fedora systemd[1443]: Reached target exit.target - Exit the Session.
Apr 01 16:33:51 fedora systemd-logind[1059]: Removed session 1.
Apr 01 16:33:51 fedora systemd[1]: user@42.service: Deactivated successfully.
Apr 01 16:33:51 fedora systemd[1]: Stopped user@42.service - User Manager for UID 42.
Apr 01 16:33:51 fedora audit[1]: SERVICE_STOP pid=1 uid=0 auid=4294967295 ses=4294967295 subj=system_u:system_r:init_t:s0 msg='unit=user@42 comm="systemd" exe="/usr/lib/systemd/systemd" hostname=? addr=? terminal=? res=success'
Apr 01 16:33:51 fedora systemd[1]: Stopping user-runtime-dir@42.service - User Runtime Directory /run/user/42...
Apr 01 16:33:51 fedora systemd[1]: run-user-42.mount: Deactivated successfully.
Apr 01 16:33:51 fedora systemd[1]: user-runtime-dir@42.service: Deactivated successfully.
Apr 01 16:33:51 fedora systemd[1]: Stopped user-runtime-dir@42.service - User Runtime Directory /run/user/42.
Apr 01 16:33:51 fedora audit[1]: SERVICE_STOP pid=1 uid=0 auid=4294967295 ses=4294967295 subj=system_u:system_r:init_t:s0 msg='unit=user-runtime-dir@42 comm="systemd" exe="/usr/lib/systemd/systemd" hostname=? addr=? terminal=? res=success'
Apr 01 16:33:51 fedora systemd[1]: Removed slice user-42.slice - User Slice of UID 42.
Apr 01 16:33:51 fedora systemd[1]: user-42.slice: Consumed 4.916s CPU time, 851M memory peak.
Apr 01 16:33:51 fedora PackageKit[1562]: resolve transaction /15944_ebcddace from uid 1000 finished with success after 5ms
Apr 01 16:33:51 fedora PackageKit[1562]: resolve transaction /15945_ccedbdbc from uid 1000 finished with success after 4ms
Apr 01 16:33:52 fedora PackageKit[1562]: get-updates transaction /15946_bdacddce from uid 1000 finished with success after 1082ms
Apr 01 16:33:58 fedora systemd[1]: NetworkManager-dispatcher.service: Deactivated successfully.
Apr 01 16:33:58 fedora audit[1]: SERVICE_STOP pid=1 uid=0 auid=4294967295 ses=4294967295 subj=system_u:system_r:init_t:s0 msg='unit=NetworkManager-dispatcher comm="systemd" exe="/usr/lib/systemd/systemd" hostname=? addr=? terminal=? res=success'
Apr 01 16:34:07 fedora PackageKit[1562]: resolve transaction /15947_cedecead from uid 1000 finished with success after 17ms
Apr 01 16:34:07 fedora packagekitd[1562]: Failed to get cache filename for PackageKit
Apr 01 16:34:07 fedora packagekitd[1562]: Failed to get cache filename for PackageKit-glib
Apr 01 16:34:07 fedora packagekitd[1562]: Failed to get cache filename for appstream
Apr 01 16:34:07 fedora packagekitd[1562]: Failed to get cache filename for glib2
Apr 01 16:34:07 fedora packagekitd[1562]: Failed to get cache filename for glibc
Apr 01 16:34:07 fedora packagekitd[1562]: Failed to get cache filename for glibc
Apr 01 16:34:07 fedora packagekitd[1562]: Failed to get cache filename for libdnf
Apr 01 16:34:07 fedora packagekitd[1562]: Failed to get cache filename for libgcc
Apr 01 16:34:07 fedora packagekitd[1562]: Failed to get cache filename for polkit-libs
Apr 01 16:34:07 fedora packagekitd[1562]: Failed to get cache filename for sqlite-libs
Apr 01 16:34:07 fedora packagekitd[1562]: Failed to get cache filename for systemd
Apr 01 16:34:07 fedora packagekitd[1562]: Failed to get cache filename for systemd
Apr 01 16:34:07 fedora packagekitd[1562]: Failed to get cache filename for systemd-libs
Apr 01 16:34:07 fedora packagekitd[1562]: Failed to get cache filename for PackageKit-glib
Apr 01 16:34:07 fedora packagekitd[1562]: Failed to get cache filename for appstream
Apr 01 16:34:07 fedora packagekitd[1562]: Failed to get cache filename for bash
Apr 01 16:34:07 fedora packagekitd[1562]: Failed to get cache filename for glib2
Apr 01 16:34:07 fedora packagekitd[1562]: Failed to get cache filename for glibc
Apr 01 16:34:07 fedora packagekitd[1562]: Failed to get cache filename for glibc
Apr 01 16:34:07 fedora packagekitd[1562]: Failed to get cache filename for jansson
Apr 01 16:34:07 fedora packagekitd[1562]: Failed to get cache filename for libdnf
Apr 01 16:34:07 fedora packagekitd[1562]: Failed to get cache filename for libgcc
Apr 01 16:34:07 fedora packagekitd[1562]: Failed to get cache filename for polkit-libs
Apr 01 16:34:07 fedora packagekitd[1562]: Failed to get cache filename for rpm-libs
Apr 01 16:34:07 fedora packagekitd[1562]: Failed to get cache filename for shared-mime-info
Apr 01 16:34:07 fedora packagekitd[1562]: Failed to get cache filename for sqlite-libs
Apr 01 16:34:07 fedora packagekitd[1562]: Failed to get cache filename for systemd
Apr 01 16:34:07 fedora packagekitd[1562]: Failed to get cache filename for systemd
Apr 01 16:34:07 fedora packagekitd[1562]: Failed to get cache filename for systemd-libs
Apr 01 16:34:07 fedora packagekitd[1562]: Failed to get cache filename for PackageKit-command-not-found
Apr 01 16:34:07 fedora packagekitd[1562]: Failed to get cache filename for PackageKit
Apr 01 16:34:07 fedora packagekitd[1562]: Failed to get cache filename for PackageKit-glib
Apr 01 16:34:07 fedora packagekitd[1562]: Failed to get cache filename for glib2
Apr 01 16:34:07 fedora packagekitd[1562]: Failed to get cache filename for glibc
Apr 01 16:34:07 fedora packagekitd[1562]: Failed to get cache filename for glibc
Apr 01 16:34:07 fedora packagekitd[1562]: Failed to get cache filename for libgcc
Apr 01 16:34:07 fedora packagekitd[1562]: Failed to get cache filename for PackageKit-glib
Apr 01 16:34:07 fedora packagekitd[1562]: Failed to get cache filename for bash
Apr 01 16:34:07 fedora packagekitd[1562]: Failed to get cache filename for glib2
Apr 01 16:34:07 fedora packagekitd[1562]: Failed to get cache filename for glibc
Apr 01 16:34:07 fedora packagekitd[1562]: Failed to get cache filename for glibc
Apr 01 16:34:07 fedora packagekitd[1562]: Failed to get cache filename for libgcc
Apr 01 16:34:07 fedora packagekitd[1562]: Failed to get cache filename for PackageKit-glib
Apr 01 16:34:07 fedora packagekitd[1562]: Failed to get cache filename for glib2
Apr 01 16:34:07 fedora packagekitd[1562]: Failed to get cache filename for glib2
Apr 01 16:34:07 fedora packagekitd[1562]: Failed to get cache filename for glibc
Apr 01 16:34:07 fedora packagekitd[1562]: Failed to get cache filename for glibc
Apr 01 16:34:07 fedora packagekitd[1562]: Failed to get cache filename for libgcc
Apr 01 16:34:07 fedora packagekitd[1562]: Failed to get cache filename for dbus
Apr 01 16:34:07 fedora packagekitd[1562]: Failed to get cache filename for glib2
Apr 01 16:34:07 fedora packagekitd[1562]: Failed to get cache filename for glib2
Apr 01 16:34:07 fedora packagekitd[1562]: Failed to get cache filename for glibc
Apr 01 16:34:07 fedora packagekitd[1562]: Failed to get cache filename for glibc
Apr 01 16:34:07 fedora packagekitd[1562]: Failed to get cache filename for libgcc
Apr 01 16:34:07 fedora packagekitd[1562]: Failed to get cache filename for PackageKit-gstreamer-plugin
Apr 01 16:34:07 fedora packagekitd[1562]: Failed to get cache filename for PackageKit-glib
Apr 01 16:34:07 fedora packagekitd[1562]: Failed to get cache filename for glib2
Apr 01 16:34:07 fedora packagekitd[1562]: Failed to get cache filename for glibc
Apr 01 16:34:07 fedora packagekitd[1562]: Failed to get cache filename for glibc
Apr 01 16:34:07 fedora packagekitd[1562]: Failed to get cache filename for gstreamer1
Apr 01 16:34:07 fedora packagekitd[1562]: Failed to get cache filename for libgcc
Apr 01 16:34:07 fedora packagekitd[1562]: Failed to get cache filename for PackageKit-glib
Apr 01 16:34:07 fedora packagekitd[1562]: Failed to get cache filename for glib2
Apr 01 16:34:07 fedora packagekitd[1562]: Failed to get cache filename for glibc
Apr 01 16:34:07 fedora packagekitd[1562]: Failed to get cache filename for glibc
Apr 01 16:34:07 fedora packagekitd[1562]: Failed to get cache filename for gstreamer1
Apr 01 16:34:07 fedora packagekitd[1562]: Failed to get cache filename for libgcc
Apr 01 16:34:07 fedora packagekitd[1562]: Failed to get cache filename for PackageKit-gtk3-module
Apr 01 16:34:07 fedora packagekitd[1562]: Failed to get cache filename for PackageKit-glib
Apr 01 16:34:07 fedora packagekitd[1562]: Failed to get cache filename for glib2
Apr 01 16:34:07 fedora packagekitd[1562]: Failed to get cache filename for glibc
Apr 01 16:34:07 fedora packagekitd[1562]: Failed to get cache filename for glibc
Apr 01 16:34:07 fedora packagekitd[1562]: Failed to get cache filename for libgcc
Apr 01 16:34:07 fedora packagekitd[1562]: Failed to get cache filename for pango
Apr 01 16:34:07 fedora packagekitd[1562]: Failed to get cache filename for pango
Apr 01 16:34:07 fedora packagekitd[1562]: Failed to get cache filename for fontconfig
Apr 01 16:34:07 fedora packagekitd[1562]: Failed to get cache filename for glib2
Apr 01 16:34:07 fedora packagekitd[1562]: Failed to get cache filename for glibc
Apr 01 16:34:07 fedora packagekitd[1562]: Failed to get cache filename for glibc
Apr 01 16:34:07 fedora packagekitd[1562]: Failed to get cache filename for libgcc
Apr 01 16:34:07 fedora packagekitd[1562]: Failed to get cache filename for pango
Apr 01 16:34:07 fedora packagekitd[1562]: Failed to get cache filename for pango
Apr 01 16:34:07 fedora packagekitd[1562]: Failed to get cache filename for amd-gpu-firmware
Apr 01 16:34:07 fedora packagekitd[1562]: Failed to get cache filename for linux-firmware-whence
Apr 01 16:34:07 fedora packagekitd[1562]: Failed to get cache filename for amd-ucode-firmware
Apr 01 16:34:07 fedora packagekitd[1562]: Failed to get cache filename for linux-firmware-whence
Apr 01 16:34:07 fedora packagekitd[1562]: Failed to get cache filename for atheros-firmware
Apr 01 16:34:07 fedora packagekitd[1562]: Failed to get cache filename for linux-firmware-whence
Apr 01 16:34:07 fedora packagekitd[1562]: Failed to get cache filename for babl
Apr 01 16:34:07 fedora packagekitd[1562]: Failed to get cache filename for glibc
Apr 01 16:34:07 fedora packagekitd[1562]: Failed to get cache filename for glibc
Apr 01 16:34:07 fedora packagekitd[1562]: Failed to get cache filename for glibc
Apr 01 16:34:07 fedora packagekitd[1562]: Failed to get cache filename for glibc
Apr 01 16:34:07 fedora packagekitd[1562]: Failed to get cache filename for lcms2
Apr 01 16:34:07 fedora packagekitd[1562]: Failed to get cache filename for brcmfmac-firmware
Apr 01 16:34:07 fedora packagekitd[1562]: Failed to get cache filename for linux-firmware-whence
Apr 01 16:34:07 fedora packagekitd[1562]: Failed to get cache filename for btrfs-progs
Apr 01 16:34:07 fedora packagekitd[1562]: Failed to get cache filename for filesystem
Apr 01 16:34:07 fedora packagekitd[1562]: Failed to get cache filename for glibc
Apr 01 16:34:07 fedora packagekitd[1562]: Failed to get cache filename for glibc
Apr 01 16:34:07 fedora packagekitd[1562]: Failed to get cache filename for libblkid
Apr 01 16:34:07 fedora packagekitd[1562]: Failed to get cache filename for libuuid
Apr 01 16:34:07 fedora packagekitd[1562]: Failed to get cache filename for systemd-libs
Apr 01 16:34:07 fedora packagekitd[1562]: Failed to get cache filename for zlib-ng-compat
Apr 01 16:34:07 fedora packagekitd[1562]: Failed to get cache filename for bash
Apr 01 16:34:07 fedora packagekitd[1562]: Failed to get cache filename for e2fsprogs-libs
Apr 01 16:34:07 fedora packagekitd[1562]: Failed to get cache filename for filesystem
Apr 01 16:34:07 fedora packagekitd[1562]: Failed to get cache filename for glibc
Apr 01 16:34:07 fedora packagekitd[1562]: Failed to get cache filename for glibc
Apr 01 16:34:07 fedora packagekitd[1562]: Failed to get cache filename for libblkid
Apr 01 16:34:07 fedora packagekitd[1562]: Failed to get cache filename for libcom_err
Apr 01 16:34:07 fedora packagekitd[1562]: Failed to get cache filename for libgcrypt
Apr 01 16:34:07 fedora packagekitd[1562]: Failed to get cache filename for libuuid
Apr 01 16:34:07 fedora packagekitd[1562]: Failed to get cache filename for libzstd
Apr 01 16:34:07 fedora packagekitd[1562]: Failed to get cache filename for lzo
Apr 01 16:34:07 fedora packagekitd[1562]: Failed to get cache filename for systemd-libs
Apr 01 16:34:07 fedora packagekitd[1562]: Failed to get cache filename for zlib-ng-compat
Apr 01 16:34:07 fedora packagekitd[1562]: Failed to get cache filename for ca-certificates
Apr 01 16:34:07 fedora packagekitd[1562]: Failed to get cache filename for coreutils
Apr 01 16:34:07 fedora packagekitd[1562]: Failed to get cache filename for coreutils-single
Apr 01 16:34:07 fedora packagekitd[1562]: Failed to get cache filename for p11-kit
Apr 01 16:34:07 fedora packagekitd[1562]: Failed to get cache filename for p11-kit
Apr 01 16:34:07 fedora packagekitd[1562]: Failed to get cache filename for p11-kit-trust
Apr 01 16:34:07 fedora packagekitd[1562]: Failed to get cache filename for p11-kit-trust
Apr 01 16:34:07 fedora packagekitd[1562]: Failed to get cache filename for bash
Apr 01 16:34:07 fedora packagekitd[1562]: Failed to get cache filename for coreutils
Apr 01 16:34:07 fedora packagekitd[1562]: Failed to get cache filename for coreutils-single
Apr 01 16:34:07 fedora packagekitd[1562]: Failed to get cache filename for findutils
Apr 01 16:34:07 fedora packagekitd[1562]: Failed to get cache filename for grep
Apr 01 16:34:07 fedora packagekitd[1562]: Failed to get cache filename for libffi
Apr 01 16:34:07 fedora packagekitd[1562]: Failed to get cache filename for libffi
Apr 01 16:34:07 fedora packagekitd[1562]: Failed to get cache filename for p11-kit
Apr 01 16:34:07 fedora packagekitd[1562]: Failed to get cache filename for p11-kit
Apr 01 16:34:07 fedora packagekitd[1562]: Failed to get cache filename for p11-kit-trust
Apr 01 16:34:07 fedora packagekitd[1562]: Failed to get cache filename for p11-kit-trust
Apr 01 16:34:07 fedora packagekitd[1562]: Failed to get cache filename for sed
Apr 01 16:34:07 fedora packagekitd[1562]: Failed to get cache filename for cargo
Apr 01 16:34:07 fedora packagekitd[1562]: Failed to get cache filename for glibc
Apr 01 16:34:07 fedora packagekitd[1562]: Failed to get cache filename for glibc
Apr 01 16:34:07 fedora packagekitd[1562]: Failed to get cache filename for libcurl
Apr 01 16:34:07 fedora packagekitd[1562]: Failed to get cache filename for libcurl-minimal
Apr 01 16:34:07 fedora packagekitd[1562]: Failed to get cache filename for libgcc
Apr 01 16:34:07 fedora packagekitd[1562]: Failed to get cache filename for libgit2
Apr 01 16:34:07 fedora packagekitd[1562]: Failed to get cache filename for openssl-libs
Apr 01 16:34:07 fedora packagekitd[1562]: Failed to get cache filename for rust
Apr 01 16:34:07 fedora packagekitd[1562]: Failed to get cache filename for sqlite-libs
Apr 01 16:34:07 fedora packagekitd[1562]: Failed to get cache filename for glibc
Apr 01 16:34:07 fedora packagekitd[1562]: Failed to get cache filename for glibc
Apr 01 16:34:07 fedora packagekitd[1562]: Failed to get cache filename for libcurl
Apr 01 16:34:07 fedora packagekitd[1562]: Failed to get cache filename for libcurl-minimal
Apr 01 16:34:07 fedora packagekitd[1562]: Failed to get cache filename for libgcc
Apr 01 16:34:07 fedora packagekitd[1562]: Failed to get cache filename for libgit2
Apr 01 16:34:07 fedora packagekitd[1562]: Failed to get cache filename for libssh2
Apr 01 16:34:07 fedora packagekitd[1562]: Failed to get cache filename for openssl-libs
Apr 01 16:34:07 fedora packagekitd[1562]: Failed to get cache filename for sqlite-libs
Apr 01 16:34:07 fedora packagekitd[1562]: Failed to get cache filename for cirrus-audio-firmware
Apr 01 16:34:07 fedora packagekitd[1562]: Failed to get cache filename for linux-firmware-whence
Apr 01 16:34:07 fedora packagekitd[1562]: Failed to get cache filename for cockpit-bridge
Apr 01 16:34:07 fedora packagekitd[1562]: Failed to get cache filename for python3
Apr 01 16:34:07 fedora packagekitd[1562]: Failed to get cache filename for python3
Apr 01 16:34:07 fedora packagekitd[1562]: Failed to get cache filename for python3
Apr 01 16:34:07 fedora packagekitd[1562]: Failed to get cache filename for python3
Apr 01 16:34:07 fedora packagekitd[1562]: Failed to get cache filename for cockpit-storaged
Apr 01 16:34:07 fedora packagekitd[1562]: Failed to get cache filename for cockpit-system
Apr 01 16:34:07 fedora packagekitd[1562]: Failed to get cache filename for python3
Apr 01 16:34:07 fedora packagekitd[1562]: Failed to get cache filename for python3
Apr 01 16:34:07 fedora packagekitd[1562]: Failed to get cache filename for udisks2
Apr 01 16:34:07 fedora packagekitd[1562]: Failed to get cache filename for bash
Apr 01 16:34:07 fedora packagekitd[1562]: Failed to get cache filename for cockpit-system
Apr 01 16:34:07 fedora packagekitd[1562]: Failed to get cache filename for python3
Apr 01 16:34:07 fedora packagekitd[1562]: Failed to get cache filename for python3
Apr 01 16:34:07 fedora packagekitd[1562]: Failed to get cache filename for python3-dbus
Apr 01 16:34:07 fedora packagekitd[1562]: Failed to get cache filename for udisks2
Apr 01 16:34:07 fedora packagekitd[1562]: Failed to get cache filename for cockpit-system
Apr 01 16:34:07 fedora packagekitd[1562]: Failed to get cache filename for cockpit-bridge
Apr 01 16:34:07 fedora packagekitd[1562]: Failed to get cache filename for coreutils
Apr 01 16:34:07 fedora packagekitd[1562]: Failed to get cache filename for coreutils-single
Apr 01 16:34:07 fedora packagekitd[1562]: Failed to get cache filename for coreutils
Apr 01 16:34:07 fedora packagekitd[1562]: Failed to get cache filename for coreutils-single
Apr 01 16:34:07 fedora packagekitd[1562]: Failed to get cache filename for grep
Apr 01 16:34:07 fedora packagekitd[1562]: Failed to get cache filename for libpwquality
Apr 01 16:34:07 fedora packagekitd[1562]: Failed to get cache filename for libpwquality
Apr 01 16:34:07 fedora packagekitd[1562]: Failed to get cache filename for shadow-utils
Apr 01 16:34:07 fedora packagekitd[1562]: Failed to get cache filename for cockpit-ws
Apr 01 16:34:07 fedora packagekitd[1562]: Failed to get cache filename for cockpit-ws-selinux
Apr 01 16:34:07 fedora packagekitd[1562]: Failed to get cache filename for glib2
Apr 01 16:34:07 fedora packagekitd[1562]: Failed to get cache filename for glib2
Apr 01 16:34:07 fedora packagekitd[1562]: Failed to get cache filename for glibc
Apr 01 16:34:07 fedora packagekitd[1562]: Failed to get cache filename for glibc
Apr 01 16:34:07 fedora packagekitd[1562]: Failed to get cache filename for gnutls
Apr 01 16:34:07 fedora packagekitd[1562]: Failed to get cache filename for json-glib
Apr 01 16:34:07 fedora packagekitd[1562]: Failed to get cache filename for krb5-libs
Apr 01 16:34:07 fedora packagekitd[1562]: Failed to get cache filename for libgcc
Apr 01 16:34:07 fedora packagekitd[1562]: Failed to get cache filename for openssl
Apr 01 16:34:07 fedora packagekitd[1562]: Failed to get cache filename for pam-libs
Apr 01 16:34:07 fedora packagekitd[1562]: Failed to get cache filename for systemd-libs
Apr 01 16:34:07 fedora packagekitd[1562]: Failed to get cache filename for bash
Apr 01 16:34:07 fedora packagekitd[1562]: Failed to get cache filename for glib2
Apr 01 16:34:07 fedora packagekitd[1562]: Failed to get cache filename for glib2
Apr 01 16:34:07 fedora packagekitd[1562]: Failed to get cache filename for glibc
Apr 01 16:34:07 fedora packagekitd[1562]: Failed to get cache filename for glibc
Apr 01 16:34:07 fedora packagekitd[1562]: Failed to get cache filename for gnutls
Apr 01 16:34:07 fedora packagekitd[1562]: Failed to get cache filename for json-glib
Apr 01 16:34:07 fedora packagekitd[1562]: Failed to get cache filename for krb5-libs
Apr 01 16:34:07 fedora packagekitd[1562]: Failed to get cache filename for libgcc
Apr 01 16:34:07 fedora packagekitd[1562]: Failed to get cache filename for openssl
Apr 01 16:34:07 fedora packagekitd[1562]: Failed to get cache filename for pam-libs
Apr 01 16:34:07 fedora packagekitd[1562]: Failed to get cache filename for systemd-libs
Apr 01 16:34:07 fedora packagekitd[1562]: Failed to get cache filename for cockpit-ws-selinux
Apr 01 16:34:07 fedora packagekitd[1562]: Failed to get cache filename for libselinux-utils
Apr 01 16:34:07 fedora packagekitd[1562]: Failed to get cache filename for selinux-policy-targeted
Apr 01 16:34:07 fedora packagekitd[1562]: Failed to get cache filename for bash
Apr 01 16:34:07 fedora packagekitd[1562]: Failed to get cache filename for libselinux-utils
Apr 01 16:34:07 fedora packagekitd[1562]: Failed to get cache filename for policycoreutils
Apr 01 16:34:07 fedora packagekitd[1562]: Failed to get cache filename for conmon
Apr 01 16:34:07 fedora packagekitd[1562]: Failed to get cache filename for glib2
Apr 01 16:34:07 fedora packagekitd[1562]: Failed to get cache filename for glib2
Apr 01 16:34:07 fedora packagekitd[1562]: Failed to get cache filename for glibc
Apr 01 16:34:07 fedora packagekitd[1562]: Failed to get cache filename for glibc
Apr 01 16:34:07 fedora packagekitd[1562]: Failed to get cache filename for libgcc
Apr 01 16:34:07 fedora packagekitd[1562]: Failed to get cache filename for systemd-libs
Apr 01 16:34:07 fedora packagekitd[1562]: Failed to get cache filename for systemd-libs
Apr 01 16:34:07 fedora packagekitd[1562]: Failed to get cache filename for glib2
Apr 01 16:34:07 fedora packagekitd[1562]: Failed to get cache filename for glib2
Apr 01 16:34:07 fedora packagekitd[1562]: Failed to get cache filename for glibc
Apr 01 16:34:07 fedora packagekitd[1562]: Failed to get cache filename for glibc
Apr 01 16:34:07 fedora packagekitd[1562]: Failed to get cache filename for libgcc
Apr 01 16:34:07 fedora packagekitd[1562]: Failed to get cache filename for libseccomp
Apr 01 16:34:07 fedora packagekitd[1562]: Failed to get cache filename for libseccomp
Apr 01 16:34:07 fedora packagekitd[1562]: Failed to get cache filename for systemd-libs
Apr 01 16:34:07 fedora packagekitd[1562]: Failed to get cache filename for systemd-libs
Apr 01 16:34:07 fedora packagekitd[1562]: Failed to get cache filename for container-selinux
Apr 01 16:34:07 fedora packagekitd[1562]: Failed to get cache filename for libselinux-utils
Apr 01 16:34:07 fedora packagekitd[1562]: Failed to get cache filename for selinux-policy
Apr 01 16:34:07 fedora packagekitd[1562]: Failed to get cache filename for selinux-policy-minimum
Apr 01 16:34:07 fedora packagekitd[1562]: Failed to get cache filename for selinux-policy-mls
Apr 01 16:34:07 fedora packagekitd[1562]: Failed to get cache filename for selinux-policy-targeted
Apr 01 16:34:07 fedora packagekitd[1562]: Failed to get cache filename for bash
Apr 01 16:34:07 fedora packagekitd[1562]: Failed to get cache filename for libselinux-utils
Apr 01 16:34:07 fedora packagekitd[1562]: Failed to get cache filename for policycoreutils
Apr 01 16:34:07 fedora packagekitd[1562]: Failed to get cache filename for sed
Apr 01 16:34:07 fedora packagekitd[1562]: Failed to get cache filename for containers-common
Apr 01 16:34:07 fedora packagekitd[1562]: Failed to get cache filename for container-selinux
Apr 01 16:34:07 fedora packagekitd[1562]: Failed to get cache filename for container-selinux
Apr 01 16:34:07 fedora packagekitd[1562]: Failed to get cache filename for fuse-overlayfs
Apr 01 16:34:07 fedora packagekitd[1562]: Failed to get cache filename for containers-common-extra
Apr 01 16:34:07 fedora packagekitd[1562]: Failed to get cache filename for containernetworking-plugins
Apr 01 16:34:07 fedora packagekitd[1562]: Failed to get cache filename for containers-common
Apr 01 16:34:07 fedora packagekitd[1562]: Failed to get cache filename for crun
Apr 01 16:34:07 fedora packagekitd[1562]: Failed to get cache filename for netavark
Apr 01 16:34:07 fedora packagekitd[1562]: Failed to get cache filename for passt
Apr 01 16:34:07 fedora packagekitd[1562]: Failed to get cache filename for qemu-user-static-aarch64
Apr 01 16:34:07 fedora packagekitd[1562]: Failed to get cache filename for qemu-user-static-arm
Apr 01 16:34:07 fedora packagekitd[1562]: Failed to get cache filename for qemu-user-static-x86
Apr 01 16:34:07 fedora packagekitd[1562]: Failed to get cache filename for runc
Apr 01 16:34:07 fedora packagekitd[1562]: Failed to get cache filename for containernetworking-plugins
Apr 01 16:34:07 fedora packagekitd[1562]: Failed to get cache filename for crun
Apr 01 16:34:07 fedora packagekitd[1562]: Failed to get cache filename for netavark
Apr 01 16:34:07 fedora packagekitd[1562]: Failed to get cache filename for passt
Apr 01 16:34:07 fedora packagekitd[1562]: Failed to get cache filename for qemu-user-static-aarch64
Apr 01 16:34:07 fedora packagekitd[1562]: Failed to get cache filename for qemu-user-static-arm
Apr 01 16:34:07 fedora packagekitd[1562]: Failed to get cache filename for qemu-user-static-x86
Apr 01 16:34:07 fedora packagekitd[1562]: Failed to get cache filename for runc
Apr 01 16:34:07 fedora packagekitd[1562]: Failed to get cache filename for coreutils
Apr 01 16:34:07 fedora packagekitd[1562]: Failed to get cache filename for coreutils-common
Apr 01 16:34:07 fedora packagekitd[1562]: Failed to get cache filename for filesystem
Apr 01 16:34:07 fedora packagekitd[1562]: Failed to get cache filename for glibc
Apr 01 16:34:07 fedora packagekitd[1562]: Failed to get cache filename for glibc
Apr 01 16:34:07 fedora packagekitd[1562]: Failed to get cache filename for libselinux
Apr 01 16:34:07 fedora packagekitd[1562]: Failed to get cache filename for openssl-libs
Apr 01 16:34:07 fedora packagekitd[1562]: Failed to get cache filename for systemd-libs
Apr 01 16:34:07 fedora packagekitd[1562]: Failed to get cache filename for filesystem
Apr 01 16:34:07 fedora packagekitd[1562]: Failed to get cache filename for glibc
Apr 01 16:34:07 fedora packagekitd[1562]: Failed to get cache filename for glibc
Apr 01 16:34:07 fedora packagekitd[1562]: Failed to get cache filename for gmp
Apr 01 16:34:07 fedora packagekitd[1562]: Failed to get cache filename for libacl
Apr 01 16:34:07 fedora packagekitd[1562]: Failed to get cache filename for libattr
Apr 01 16:34:07 fedora packagekitd[1562]: Failed to get cache filename for libcap
Apr 01 16:34:07 fedora packagekitd[1562]: Failed to get cache filename for libselinux
Apr 01 16:34:07 fedora packagekitd[1562]: Failed to get cache filename for openssl-libs
Apr 01 16:34:07 fedora packagekitd[1562]: Failed to get cache filename for systemd-libs
Apr 01 16:34:07 fedora packagekitd[1562]: Failed to get cache filename for coreutils-common
Apr 01 16:34:07 fedora packagekitd[1562]: Failed to get cache filename for gnulib-l10n
Apr 01 16:34:07 fedora packagekitd[1562]: Failed to get cache filename for cups
Apr 01 16:34:07 fedora packagekitd[1562]: Failed to get cache filename for audit-libs
Apr 01 16:34:07 fedora packagekitd[1562]: Failed to get cache filename for cups-client
Apr 01 16:34:07 fedora packagekitd[1562]: Failed to get cache filename for cups-filesystem
Apr 01 16:34:07 fedora packagekitd[1562]: Failed to get cache filename for cups-filters
Apr 01 16:34:07 fedora packagekitd[1562]: Failed to get cache filename for cups-libs
Apr 01 16:34:07 fedora packagekitd[1562]: Failed to get cache filename for filesystem
Apr 01 16:34:07 fedora packagekitd[1562]: Failed to get cache filename for glibc
Apr 01 16:34:07 fedora packagekitd[1562]: Failed to get cache filename for glibc
Apr 01 16:34:07 fedora packagekitd[1562]: Failed to get cache filename for krb5-libs
Apr 01 16:34:07 fedora packagekitd[1562]: Failed to get cache filename for libgcc
Apr 01 16:34:07 fedora packagekitd[1562]: Failed to get cache filename for libselinux
Apr 01 16:34:07 fedora packagekitd[1562]: Failed to get cache filename for libstdc++
Apr 01 16:34:07 fedora packagekitd[1562]: Failed to get cache filename for libusb1
Apr 01 16:34:07 fedora packagekitd[1562]: Failed to get cache filename for pam-libs
Apr 01 16:34:07 fedora packagekitd[1562]: Failed to get cache filename for systemd
Apr 01 16:34:07 fedora packagekitd[1562]: Failed to get cache filename for systemd
Apr 01 16:34:07 fedora packagekitd[1562]: Failed to get cache filename for systemd-libs
Apr 01 16:34:07 fedora packagekitd[1562]: Failed to get cache filename for acl
Apr 01 16:34:07 fedora packagekitd[1562]: Failed to get cache filename for audit-libs
Apr 01 16:34:07 fedora packagekitd[1562]: Failed to get cache filename for authselect-libs
Apr 01 16:34:07 fedora packagekitd[1562]: Failed to get cache filename for authselect-libs
Apr 01 16:34:07 fedora packagekitd[1562]: Failed to get cache filename for avahi-libs
Apr 01 16:34:07 fedora packagekitd[1562]: Failed to get cache filename for bash
Apr 01 16:34:07 fedora packagekitd[1562]: Failed to get cache filename for cups-filters
Apr 01 16:34:07 fedora packagekitd[1562]: Failed to get cache filename for cups-libs
Apr 01 16:34:07 fedora packagekitd[1562]: Failed to get cache filename for dbus
Apr 01 16:34:07 fedora packagekitd[1562]: Failed to get cache filename for dbus-libs
Apr 01 16:34:07 fedora packagekitd[1562]: Failed to get cache filename for filesystem
Apr 01 16:34:07 fedora packagekitd[1562]: Failed to get cache filename for glibc
Apr 01 16:34:07 fedora packagekitd[1562]: Failed to get cache filename for glibc
Apr 01 16:34:07 fedora packagekitd[1562]: Failed to get cache filename for grep
Apr 01 16:34:07 fedora packagekitd[1562]: Failed to get cache filename for krb5-libs
Apr 01 16:34:07 fedora packagekitd[1562]: Failed to get cache filename for libacl
Apr 01 16:34:07 fedora packagekitd[1562]: Failed to get cache filename for libgcc
Apr 01 16:34:07 fedora packagekitd[1562]: Failed to get cache filename for libselinux
Apr 01 16:34:07 fedora packagekitd[1562]: Failed to get cache filename for libstdc++
Apr 01 16:34:07 fedora packagekitd[1562]: Failed to get cache filename for libusb1
Apr 01 16:34:07 fedora packagekitd[1562]: Failed to get cache filename for pam-libs
Apr 01 16:34:07 fedora packagekitd[1562]: Failed to get cache filename for sed
Apr 01 16:34:07 fedora packagekitd[1562]: Failed to get cache filename for setup
Apr 01 16:34:07 fedora packagekitd[1562]: Failed to get cache filename for systemd
Apr 01 16:34:07 fedora packagekitd[1562]: Failed to get cache filename for systemd
Apr 01 16:34:07 fedora packagekitd[1562]: Failed to get cache filename for systemd-libs
Apr 01 16:34:07 fedora packagekitd[1562]: Failed to get cache filename for cups-client
Apr 01 16:34:07 fedora packagekitd[1562]: Failed to get cache filename for alternatives
Apr 01 16:34:07 fedora packagekitd[1562]: Failed to get cache filename for cups-libs
Apr 01 16:34:07 fedora packagekitd[1562]: Failed to get cache filename for filesystem
Apr 01 16:34:07 fedora packagekitd[1562]: Failed to get cache filename for glibc
Apr 01 16:34:07 fedora packagekitd[1562]: Failed to get cache filename for glibc
Apr 01 16:34:07 fedora packagekitd[1562]: Failed to get cache filename for alternatives
Apr 01 16:34:07 fedora packagekitd[1562]: Failed to get cache filename for bash
Apr 01 16:34:07 fedora packagekitd[1562]: Failed to get cache filename for cups-libs
Apr 01 16:34:07 fedora packagekitd[1562]: Failed to get cache filename for filesystem
Apr 01 16:34:07 fedora packagekitd[1562]: Failed to get cache filename for glibc
Apr 01 16:34:07 fedora packagekitd[1562]: Failed to get cache filename for glibc
Apr 01 16:34:07 fedora packagekitd[1562]: Failed to get cache filename for cups-filesystem
Apr 01 16:34:07 fedora packagekitd[1562]: Failed to get cache filename for cups-ipptool
Apr 01 16:34:07 fedora packagekitd[1562]: Failed to get cache filename for cups-libs
Apr 01 16:34:07 fedora packagekitd[1562]: Failed to get cache filename for glibc
Apr 01 16:34:07 fedora packagekitd[1562]: Failed to get cache filename for glibc
Apr 01 16:34:07 fedora packagekitd[1562]: Failed to get cache filename for avahi
Apr 01 16:34:07 fedora packagekitd[1562]: Failed to get cache filename for avahi
Apr 01 16:34:07 fedora packagekitd[1562]: Failed to get cache filename for avahi-libs
Apr 01 16:34:07 fedora packagekitd[1562]: Failed to get cache filename for cups-libs
Apr 01 16:34:07 fedora packagekitd[1562]: Failed to get cache filename for glibc
Apr 01 16:34:07 fedora packagekitd[1562]: Failed to get cache filename for glibc
Apr 01 16:34:07 fedora packagekitd[1562]: Failed to get cache filename for cups-libs
Apr 01 16:34:07 fedora packagekitd[1562]: Failed to get cache filename for cups-filesystem
Apr 01 16:34:07 fedora packagekitd[1562]: Failed to get cache filename for glibc
Apr 01 16:34:07 fedora packagekitd[1562]: Failed to get cache filename for glibc
Apr 01 16:34:07 fedora packagekitd[1562]: Failed to get cache filename for gnutls
Apr 01 16:34:07 fedora packagekitd[1562]: Failed to get cache filename for krb5-libs
Apr 01 16:34:07 fedora packagekitd[1562]: Failed to get cache filename for zlib-ng-compat
Apr 01 16:34:07 fedora packagekitd[1562]: Failed to get cache filename for avahi-libs
Apr 01 16:34:07 fedora packagekitd[1562]: Failed to get cache filename for glibc
Apr 01 16:34:07 fedora packagekitd[1562]: Failed to get cache filename for glibc
Apr 01 16:34:07 fedora packagekitd[1562]: Failed to get cache filename for gnutls
Apr 01 16:34:07 fedora packagekitd[1562]: Failed to get cache filename for krb5-libs
Apr 01 16:34:07 fedora packagekitd[1562]: Failed to get cache filename for zlib-ng-compat
Apr 01 16:34:07 fedora packagekitd[1562]: Failed to get cache filename for cups-libs
Apr 01 16:34:07 fedora packagekitd[1562]: Failed to get cache filename for cups-filesystem
Apr 01 16:34:07 fedora packagekitd[1562]: Failed to get cache filename for glibc
Apr 01 16:34:07 fedora packagekitd[1562]: Failed to get cache filename for glibc
Apr 01 16:34:07 fedora packagekitd[1562]: Failed to get cache filename for gnutls
Apr 01 16:34:07 fedora packagekitd[1562]: Failed to get cache filename for krb5-libs
Apr 01 16:34:07 fedora packagekitd[1562]: Failed to get cache filename for zlib-ng-compat
Apr 01 16:34:07 fedora packagekitd[1562]: Failed to get cache filename for avahi-libs
Apr 01 16:34:07 fedora packagekitd[1562]: Failed to get cache filename for glibc
Apr 01 16:34:07 fedora packagekitd[1562]: Failed to get cache filename for glibc
Apr 01 16:34:07 fedora packagekitd[1562]: Failed to get cache filename for gnutls
Apr 01 16:34:07 fedora packagekitd[1562]: Failed to get cache filename for krb5-libs
Apr 01 16:34:07 fedora packagekitd[1562]: Failed to get cache filename for zlib-ng-compat
Apr 01 16:34:07 fedora packagekitd[1562]: Failed to get cache filename for cxl-libs
Apr 01 16:34:07 fedora packagekitd[1562]: Failed to get cache filename for daxctl-libs
Apr 01 16:34:07 fedora packagekitd[1562]: Failed to get cache filename for glibc
Apr 01 16:34:07 fedora packagekitd[1562]: Failed to get cache filename for glibc
Apr 01 16:34:07 fedora packagekitd[1562]: Failed to get cache filename for libuuid
Apr 01 16:34:07 fedora packagekitd[1562]: Failed to get cache filename for systemd-libs
Apr 01 16:34:07 fedora packagekitd[1562]: Failed to get cache filename for daxctl-libs
Apr 01 16:34:07 fedora packagekitd[1562]: Failed to get cache filename for glibc
Apr 01 16:34:07 fedora packagekitd[1562]: Failed to get cache filename for glibc
Apr 01 16:34:07 fedora packagekitd[1562]: Failed to get cache filename for kmod-libs
Apr 01 16:34:07 fedora packagekitd[1562]: Failed to get cache filename for libuuid
Apr 01 16:34:07 fedora packagekitd[1562]: Failed to get cache filename for systemd-libs
Apr 01 16:34:07 fedora packagekitd[1562]: Failed to get cache filename for daxctl-libs
Apr 01 16:34:07 fedora packagekitd[1562]: Failed to get cache filename for glibc
Apr 01 16:34:07 fedora packagekitd[1562]: Failed to get cache filename for glibc
Apr 01 16:34:07 fedora packagekitd[1562]: Failed to get cache filename for libuuid
Apr 01 16:34:07 fedora packagekitd[1562]: Failed to get cache filename for glibc
Apr 01 16:34:07 fedora packagekitd[1562]: Failed to get cache filename for glibc
Apr 01 16:34:07 fedora packagekitd[1562]: Failed to get cache filename for kmod-libs
Apr 01 16:34:07 fedora packagekitd[1562]: Failed to get cache filename for libuuid
Apr 01 16:34:07 fedora packagekitd[1562]: Failed to get cache filename for distribution-gpg-keys
Apr 01 16:34:07 fedora packagekitd[1562]: Failed to get cache filename for dnf5
Apr 01 16:34:07 fedora packagekitd[1562]: Failed to get cache filename for coreutils
Apr 01 16:34:07 fedora packagekitd[1562]: Failed to get cache filename for coreutils-single
Apr 01 16:34:07 fedora packagekitd[1562]: Failed to get cache filename for glibc
Apr 01 16:34:07 fedora packagekitd[1562]: Failed to get cache filename for glibc
Apr 01 16:34:07 fedora packagekitd[1562]: Failed to get cache filename for libdnf5
Apr 01 16:34:07 fedora packagekitd[1562]: Failed to get cache filename for libdnf5-cli
Apr 01 16:34:07 fedora packagekitd[1562]: Failed to get cache filename for libgcc
Apr 01 16:34:07 fedora packagekitd[1562]: Failed to get cache filename for libstdc++
Apr 01 16:34:07 fedora packagekitd[1562]: Failed to get cache filename for systemd-libs
Apr 01 16:34:07 fedora packagekitd[1562]: Failed to get cache filename for bash
Apr 01 16:34:07 fedora packagekitd[1562]: Failed to get cache filename for coreutils
Apr 01 16:34:07 fedora packagekitd[1562]: Failed to get cache filename for coreutils-single
Apr 01 16:34:07 fedora packagekitd[1562]: Failed to get cache filename for fmt
Apr 01 16:34:07 fedora packagekitd[1562]: Failed to get cache filename for glibc
Apr 01 16:34:07 fedora packagekitd[1562]: Failed to get cache filename for glibc
Apr 01 16:34:07 fedora packagekitd[1562]: Failed to get cache filename for libdnf5
Apr 01 16:34:07 fedora packagekitd[1562]: Failed to get cache filename for libdnf5-cli
Apr 01 16:34:07 fedora packagekitd[1562]: Failed to get cache filename for libgcc
Apr 01 16:34:07 fedora packagekitd[1562]: Failed to get cache filename for libstdc++
Apr 01 16:34:07 fedora packagekitd[1562]: Failed to get cache filename for rpm-libs
Apr 01 16:34:07 fedora packagekitd[1562]: Failed to get cache filename for sdbus-cpp
Apr 01 16:34:07 fedora packagekitd[1562]: Failed to get cache filename for systemd-libs
Apr 01 16:34:07 fedora packagekitd[1562]: Failed to get cache filename for dnf5-plugins
Apr 01 16:34:07 fedora packagekitd[1562]: Failed to get cache filename for dnf5
Apr 01 16:34:07 fedora packagekitd[1562]: Failed to get cache filename for glibc
Apr 01 16:34:07 fedora packagekitd[1562]: Failed to get cache filename for glibc
Apr 01 16:34:07 fedora packagekitd[1562]: Failed to get cache filename for libcurl
Apr 01 16:34:07 fedora packagekitd[1562]: Failed to get cache filename for libcurl-minimal
Apr 01 16:34:07 fedora packagekitd[1562]: Failed to get cache filename for libdnf5
Apr 01 16:34:07 fedora packagekitd[1562]: Failed to get cache filename for libdnf5-cli
Apr 01 16:34:07 fedora packagekitd[1562]: Failed to get cache filename for libgcc
Apr 01 16:34:07 fedora packagekitd[1562]: Failed to get cache filename for libstdc++
Apr 01 16:34:07 fedora packagekitd[1562]: Failed to get cache filename for zlib-ng-compat
Apr 01 16:34:07 fedora packagekitd[1562]: Failed to get cache filename for fmt
Apr 01 16:34:07 fedora packagekitd[1562]: Failed to get cache filename for glibc
Apr 01 16:34:07 fedora packagekitd[1562]: Failed to get cache filename for glibc
Apr 01 16:34:07 fedora packagekitd[1562]: Failed to get cache filename for json-c
Apr 01 16:34:07 fedora packagekitd[1562]: Failed to get cache filename for libcurl
Apr 01 16:34:07 fedora packagekitd[1562]: Failed to get cache filename for libcurl-minimal
Apr 01 16:34:07 fedora packagekitd[1562]: Failed to get cache filename for libdnf5
Apr 01 16:34:07 fedora packagekitd[1562]: Failed to get cache filename for libdnf5-cli
Apr 01 16:34:07 fedora packagekitd[1562]: Failed to get cache filename for libgcc
Apr 01 16:34:07 fedora packagekitd[1562]: Failed to get cache filename for libstdc++
Apr 01 16:34:07 fedora packagekitd[1562]: Failed to get cache filename for rpm-build-libs
Apr 01 16:34:07 fedora packagekitd[1562]: Failed to get cache filename for rpm-libs
Apr 01 16:34:07 fedora packagekitd[1562]: Failed to get cache filename for sdbus-cpp
Apr 01 16:34:07 fedora packagekitd[1562]: Failed to get cache filename for zlib-ng-compat
Apr 01 16:34:07 fedora packagekitd[1562]: Failed to get cache filename for egl-x11
Apr 01 16:34:07 fedora packagekitd[1562]: Failed to get cache filename for glibc
Apr 01 16:34:07 fedora packagekitd[1562]: Failed to get cache filename for glibc
Apr 01 16:34:07 fedora packagekitd[1562]: Failed to get cache filename for libX11
Apr 01 16:34:07 fedora packagekitd[1562]: Failed to get cache filename for libX11-xcb
Apr 01 16:34:07 fedora packagekitd[1562]: Failed to get cache filename for libdrm
Apr 01 16:34:07 fedora packagekitd[1562]: Failed to get cache filename for mesa-libgbm
Apr 01 16:34:07 fedora packagekitd[1562]: Failed to get cache filename for glibc
Apr 01 16:34:07 fedora packagekitd[1562]: Failed to get cache filename for glibc
Apr 01 16:34:07 fedora packagekitd[1562]: Failed to get cache filename for libX11
Apr 01 16:34:07 fedora packagekitd[1562]: Failed to get cache filename for libX11-xcb
Apr 01 16:34:07 fedora packagekitd[1562]: Failed to get cache filename for libdrm
Apr 01 16:34:07 fedora packagekitd[1562]: Failed to get cache filename for libglvnd-egl
Apr 01 16:34:07 fedora packagekitd[1562]: Failed to get cache filename for libxcb
Apr 01 16:34:07 fedora packagekitd[1562]: Failed to get cache filename for mesa-libgbm
Apr 01 16:34:07 fedora packagekitd[1562]: Failed to get cache filename for egl-x11
Apr 01 16:34:07 fedora packagekitd[1562]: Failed to get cache filename for glibc
Apr 01 16:34:07 fedora packagekitd[1562]: Failed to get cache filename for glibc
Apr 01 16:34:07 fedora packagekitd[1562]: Failed to get cache filename for libX11
Apr 01 16:34:07 fedora packagekitd[1562]: Failed to get cache filename for libX11-xcb
Apr 01 16:34:07 fedora packagekitd[1562]: Failed to get cache filename for libdrm
Apr 01 16:34:07 fedora packagekitd[1562]: Failed to get cache filename for mesa-libgbm
Apr 01 16:34:07 fedora packagekitd[1562]: Failed to get cache filename for glibc
Apr 01 16:34:07 fedora packagekitd[1562]: Failed to get cache filename for glibc
Apr 01 16:34:07 fedora packagekitd[1562]: Failed to get cache filename for libX11
Apr 01 16:34:07 fedora packagekitd[1562]: Failed to get cache filename for libX11-xcb
Apr 01 16:34:07 fedora packagekitd[1562]: Failed to get cache filename for libdrm
Apr 01 16:34:07 fedora packagekitd[1562]: Failed to get cache filename for libglvnd-egl
Apr 01 16:34:07 fedora packagekitd[1562]: Failed to get cache filename for libxcb
Apr 01 16:34:07 fedora packagekitd[1562]: Failed to get cache filename for mesa-libgbm
Apr 01 16:34:07 fedora packagekitd[1562]: Failed to get cache filename for enchant2
Apr 01 16:34:07 fedora packagekitd[1562]: Failed to get cache filename for glib2
Apr 01 16:34:07 fedora packagekitd[1562]: Failed to get cache filename for glibc
Apr 01 16:34:07 fedora packagekitd[1562]: Failed to get cache filename for glibc
Apr 01 16:34:07 fedora packagekitd[1562]: Failed to get cache filename for libgcc
Apr 01 16:34:07 fedora packagekitd[1562]: Failed to get cache filename for libstdc++
Apr 01 16:34:07 fedora packagekitd[1562]: Failed to get cache filename for glib2
Apr 01 16:34:07 fedora packagekitd[1562]: Failed to get cache filename for glibc
Apr 01 16:34:07 fedora packagekitd[1562]: Failed to get cache filename for glibc
Apr 01 16:34:07 fedora packagekitd[1562]: Failed to get cache filename for hunspell
Apr 01 16:34:07 fedora packagekitd[1562]: Failed to get cache filename for libgcc
Apr 01 16:34:07 fedora packagekitd[1562]: Failed to get cache filename for libstdc++
Apr 01 16:34:07 fedora packagekitd[1562]: Failed to get cache filename for ethtool
Apr 01 16:34:07 fedora packagekitd[1562]: Failed to get cache filename for filesystem
Apr 01 16:34:07 fedora packagekitd[1562]: Failed to get cache filename for glibc
Apr 01 16:34:07 fedora packagekitd[1562]: Failed to get cache filename for glibc
Apr 01 16:34:07 fedora packagekitd[1562]: Failed to get cache filename for filesystem
Apr 01 16:34:07 fedora packagekitd[1562]: Failed to get cache filename for glibc
Apr 01 16:34:07 fedora packagekitd[1562]: Failed to get cache filename for glibc
Apr 01 16:34:07 fedora packagekitd[1562]: Failed to get cache filename for libmnl
Apr 01 16:34:07 fedora packagekitd[1562]: Failed to get cache filename for exfatprogs
Apr 01 16:34:07 fedora packagekitd[1562]: Failed to get cache filename for filesystem
Apr 01 16:34:07 fedora packagekitd[1562]: Failed to get cache filename for glibc
Apr 01 16:34:07 fedora packagekitd[1562]: Failed to get cache filename for glibc
Apr 01 16:34:07 fedora packagekitd[1562]: Failed to get cache filename for filesystem
Apr 01 16:34:07 fedora packagekitd[1562]: Failed to get cache filename for glibc
Apr 01 16:34:07 fedora packagekitd[1562]: Failed to get cache filename for glibc
Apr 01 16:34:07 fedora packagekitd[1562]: Failed to get cache filename for firefox
Apr 01 16:34:07 fedora packagekitd[1562]: Failed to get cache filename for mozilla-openh264
Apr 01 16:34:07 fedora packagekitd[1562]: Failed to get cache filename for alsa-lib
Apr 01 16:34:07 fedora packagekitd[1562]: Failed to get cache filename for atk
Apr 01 16:34:07 fedora packagekitd[1562]: Failed to get cache filename for gdk-pixbuf2
Apr 01 16:34:07 fedora packagekitd[1562]: Failed to get cache filename for glib2
Apr 01 16:34:07 fedora packagekitd[1562]: Failed to get cache filename for glibc
Apr 01 16:34:07 fedora packagekitd[1562]: Failed to get cache filename for glibc
Apr 01 16:34:07 fedora packagekitd[1562]: Failed to get cache filename for libX11
Apr 01 16:34:07 fedora packagekitd[1562]: Failed to get cache filename for libX11-xcb
Apr 01 16:34:07 fedora packagekitd[1562]: Failed to get cache filename for libdrm
Apr 01 16:34:07 fedora packagekitd[1562]: Failed to get cache filename for libgcc
Apr 01 16:34:07 fedora packagekitd[1562]: Failed to get cache filename for libjpeg-turbo
Apr 01 16:34:07 fedora packagekitd[1562]: Failed to get cache filename for libstdc++
Apr 01 16:34:07 fedora packagekitd[1562]: Failed to get cache filename for libvpx
Apr 01 16:34:07 fedora packagekitd[1562]: Failed to get cache filename for mesa-libgbm
Apr 01 16:34:07 fedora packagekitd[1562]: Failed to get cache filename for nspr
Apr 01 16:34:07 fedora packagekitd[1562]: Failed to get cache filename for nspr
Apr 01 16:34:07 fedora packagekitd[1562]: Failed to get cache filename for nss
Apr 01 16:34:07 fedora packagekitd[1562]: Failed to get cache filename for nss
Apr 01 16:34:07 fedora packagekitd[1562]: Failed to get cache filename for nss-util
Apr 01 16:34:07 fedora packagekitd[1562]: Failed to get cache filename for p11-kit-trust
Apr 01 16:34:07 fedora packagekitd[1562]: Failed to get cache filename for p11-kit-trust
Apr 01 16:34:07 fedora packagekitd[1562]: Failed to get cache filename for pango
Apr 01 16:34:07 fedora packagekitd[1562]: Failed to get cache filename for pciutils-libs
Apr 01 16:34:07 fedora packagekitd[1562]: Failed to get cache filename for pciutils-libs
Apr 01 16:34:07 fedora packagekitd[1562]: Failed to get cache filename for pipewire-libs
Apr 01 16:34:07 fedora packagekitd[1562]: Failed to get cache filename for pixman
Apr 01 16:34:07 fedora packagekitd[1562]: Failed to get cache filename for systemd-udev
Apr 01 16:34:07 fedora packagekitd[1562]: Failed to get cache filename for zlib-ng-compat
Apr 01 16:34:07 fedora packagekitd[1562]: Failed to get cache filename for alsa-lib
Apr 01 16:34:07 fedora packagekitd[1562]: Failed to get cache filename for atk
Apr 01 16:34:07 fedora packagekitd[1562]: Failed to get cache filename for bash
Apr 01 16:34:07 fedora packagekitd[1562]: Failed to get cache filename for cairo
Apr 01 16:34:07 fedora packagekitd[1562]: Failed to get cache filename for cairo-gobject
Apr 01 16:34:07 fedora packagekitd[1562]: Failed to get cache filename for dbus-libs
Apr 01 16:34:07 fedora packagekitd[1562]: Failed to get cache filename for fdk-aac-free
Apr 01 16:34:07 fedora packagekitd[1562]: Failed to get cache filename for fontconfig
Apr 01 16:34:07 fedora packagekitd[1562]: Failed to get cache filename for freetype
Apr 01 16:34:07 fedora packagekitd[1562]: Failed to get cache filename for gdk-pixbuf2
Apr 01 16:34:07 fedora packagekitd[1562]: Failed to get cache filename for glib2
Apr 01 16:34:07 fedora packagekitd[1562]: Failed to get cache filename for glibc
Apr 01 16:34:07 fedora packagekitd[1562]: Failed to get cache filename for glibc
Apr 01 16:34:07 fedora packagekitd[1562]: Failed to get cache filename for gtk3
Apr 01 16:34:07 fedora packagekitd[1562]: Failed to get cache filename for libX11
Apr 01 16:34:07 fedora packagekitd[1562]: Failed to get cache filename for libX11-xcb
Apr 01 16:34:07 fedora packagekitd[1562]: Failed to get cache filename for libXcomposite
Apr 01 16:34:07 fedora packagekitd[1562]: Failed to get cache filename for libXdamage
Apr 01 16:34:07 fedora packagekitd[1562]: Failed to get cache filename for libXext
Apr 01 16:34:07 fedora packagekitd[1562]: Failed to get cache filename for libXfixes
Apr 01 16:34:07 fedora packagekitd[1562]: Failed to get cache filename for libXrandr
Apr 01 16:34:07 fedora packagekitd[1562]: Failed to get cache filename for libdrm
Apr 01 16:34:07 fedora packagekitd[1562]: Failed to get cache filename for libevent
Apr 01 16:34:07 fedora packagekitd[1562]: Failed to get cache filename for libffi
Apr 01 16:34:07 fedora packagekitd[1562]: Failed to get cache filename for libgcc
Apr 01 16:34:07 fedora packagekitd[1562]: Failed to get cache filename for libjpeg-turbo
Apr 01 16:34:07 fedora packagekitd[1562]: Failed to get cache filename for libstdc++
Apr 01 16:34:07 fedora packagekitd[1562]: Failed to get cache filename for libvpx
Apr 01 16:34:07 fedora packagekitd[1562]: Failed to get cache filename for libwebp
Apr 01 16:34:07 fedora packagekitd[1562]: Failed to get cache filename for libxcb
Apr 01 16:34:07 fedora packagekitd[1562]: Failed to get cache filename for mesa-libgbm
Apr 01 16:34:07 fedora packagekitd[1562]: Failed to get cache filename for mozilla-filesystem
Apr 01 16:34:07 fedora packagekitd[1562]: Failed to get cache filename for nspr
Apr 01 16:34:07 fedora packagekitd[1562]: Failed to get cache filename for nss
Apr 01 16:34:07 fedora packagekitd[1562]: Failed to get cache filename for nss-util
Apr 01 16:34:07 fedora packagekitd[1562]: Failed to get cache filename for p11-kit-trust
Apr 01 16:34:07 fedora packagekitd[1562]: Failed to get cache filename for p11-kit-trust
Apr 01 16:34:07 fedora packagekitd[1562]: Failed to get cache filename for pango
Apr 01 16:34:07 fedora packagekitd[1562]: Failed to get cache filename for pciutils-libs
Apr 01 16:34:07 fedora packagekitd[1562]: Failed to get cache filename for pciutils-libs
Apr 01 16:34:07 fedora packagekitd[1562]: Failed to get cache filename for pipewire-libs
Apr 01 16:34:07 fedora packagekitd[1562]: Failed to get cache filename for pixman
Apr 01 16:34:07 fedora packagekitd[1562]: Failed to get cache filename for systemd-udev
Apr 01 16:34:07 fedora packagekitd[1562]: Failed to get cache filename for zlib-ng-compat
Apr 01 16:34:07 fedora packagekitd[1562]: Failed to get cache filename for fdk-aac
Apr 01 16:34:07 fedora packagekitd[1562]: Failed to get cache filename for firefox-langpacks
Apr 01 16:34:07 fedora packagekitd[1562]: Failed to get cache filename for firefox
Apr 01 16:34:07 fedora packagekitd[1562]: Failed to get cache filename for freerdp-libs
Apr 01 16:34:07 fedora packagekitd[1562]: Failed to get cache filename for openh264
Apr 01 16:34:07 fedora packagekitd[1562]: Failed to get cache filename for alsa-lib
Apr 01 16:34:07 fedora packagekitd[1562]: Failed to get cache filename for cups-libs
Apr 01 16:34:07 fedora packagekitd[1562]: Failed to get cache filename for glibc
Apr 01 16:34:07 fedora packagekitd[1562]: Failed to get cache filename for glibc
Apr 01 16:34:07 fedora packagekitd[1562]: Failed to get cache filename for libX11
Apr 01 16:34:07 fedora packagekitd[1562]: Failed to get cache filename for libgcc
Apr 01 16:34:07 fedora packagekitd[1562]: Failed to get cache filename for libstdc++
Apr 01 16:34:07 fedora packagekitd[1562]: Failed to get cache filename for libusb1
Apr 01 16:34:07 fedora packagekitd[1562]: Failed to get cache filename for libwinpr
Apr 01 16:34:07 fedora packagekitd[1562]: Failed to get cache filename for openssl-libs
Apr 01 16:34:07 fedora packagekitd[1562]: Failed to get cache filename for pam-libs
Apr 01 16:34:07 fedora packagekitd[1562]: Failed to get cache filename for pulseaudio-libs
Apr 01 16:34:07 fedora packagekitd[1562]: Failed to get cache filename for zlib-ng-compat
Apr 01 16:34:07 fedora packagekitd[1562]: Failed to get cache filename for alsa-lib
Apr 01 16:34:07 fedora packagekitd[1562]: Failed to get cache filename for cairo
Apr 01 16:34:07 fedora packagekitd[1562]: Failed to get cache filename for cups-libs
Apr 01 16:34:07 fedora packagekitd[1562]: Failed to get cache filename for fdk-aac-free
Apr 01 16:34:07 fedora packagekitd[1562]: Failed to get cache filename for fuse3-libs
Apr 01 16:34:07 fedora packagekitd[1562]: Failed to get cache filename for glibc
Apr 01 16:34:07 fedora packagekitd[1562]: Failed to get cache filename for glibc
Apr 01 16:34:07 fedora packagekitd[1562]: Failed to get cache filename for gsm
Apr 01 16:34:07 fedora packagekitd[1562]: Failed to get cache filename for lame-libs
Apr 01 16:34:07 fedora packagekitd[1562]: Failed to get cache filename for libX11
Apr 01 16:34:07 fedora packagekitd[1562]: Failed to get cache filename for libXdamage
Apr 01 16:34:07 fedora packagekitd[1562]: Failed to get cache filename for libXext
Apr 01 16:34:07 fedora packagekitd[1562]: Failed to get cache filename for libXfixes
Apr 01 16:34:07 fedora packagekitd[1562]: Failed to get cache filename for libXinerama
Apr 01 16:34:07 fedora packagekitd[1562]: Failed to get cache filename for libXtst
Apr 01 16:34:07 fedora packagekitd[1562]: Failed to get cache filename for libgcc
Apr 01 16:34:07 fedora packagekitd[1562]: Failed to get cache filename for libstdc++
Apr 01 16:34:07 fedora packagekitd[1562]: Failed to get cache filename for libusb1
Apr 01 16:34:07 fedora packagekitd[1562]: Failed to get cache filename for libwinpr
Apr 01 16:34:07 fedora packagekitd[1562]: Failed to get cache filename for libxkbfile
Apr 01 16:34:07 fedora packagekitd[1562]: Failed to get cache filename for noopenh264
Apr 01 16:34:07 fedora packagekitd[1562]: Failed to get cache filename for openssl-libs
Apr 01 16:34:07 fedora packagekitd[1562]: Failed to get cache filename for opus
Apr 01 16:34:07 fedora packagekitd[1562]: Failed to get cache filename for pam-libs
Apr 01 16:34:07 fedora packagekitd[1562]: Failed to get cache filename for pulseaudio-libs
Apr 01 16:34:07 fedora packagekitd[1562]: Failed to get cache filename for soxr
Apr 01 16:34:07 fedora packagekitd[1562]: Failed to get cache filename for zlib-ng-compat
Apr 01 16:34:07 fedora packagekitd[1562]: Failed to get cache filename for fdk-aac
Apr 01 16:34:07 fedora packagekitd[1562]: Failed to get cache filename for fwupd
Apr 01 16:34:07 fedora packagekitd[1562]: Failed to get cache filename for glib2
Apr 01 16:34:07 fedora packagekitd[1562]: Failed to get cache filename for glibc
Apr 01 16:34:07 fedora packagekitd[1562]: Failed to get cache filename for glibc
Apr 01 16:34:07 fedora packagekitd[1562]: Failed to get cache filename for gnutls
Apr 01 16:34:07 fedora packagekitd[1562]: Failed to get cache filename for json-glib
Apr 01 16:34:07 fedora packagekitd[1562]: Failed to get cache filename for libarchive
Apr 01 16:34:07 fedora packagekitd[1562]: Failed to get cache filename for libblkid
Apr 01 16:34:07 fedora packagekitd[1562]: Failed to get cache filename for libcurl
Apr 01 16:34:07 fedora packagekitd[1562]: Failed to get cache filename for libcurl-minimal
Apr 01 16:34:07 fedora packagekitd[1562]: Failed to get cache filename for libdrm
Apr 01 16:34:07 fedora packagekitd[1562]: Failed to get cache filename for libgcc
Apr 01 16:34:07 fedora packagekitd[1562]: Failed to get cache filename for libjcat
Apr 01 16:34:07 fedora packagekitd[1562]: Failed to get cache filename for libusb1
Apr 01 16:34:07 fedora packagekitd[1562]: Failed to get cache filename for libxmlb
Apr 01 16:34:07 fedora packagekitd[1562]: Failed to get cache filename for passim-libs
Apr 01 16:34:07 fedora packagekitd[1562]: Failed to get cache filename for polkit-libs
Apr 01 16:34:07 fedora packagekitd[1562]: Failed to get cache filename for protobuf-c
Apr 01 16:34:07 fedora packagekitd[1562]: Failed to get cache filename for sqlite-libs
Apr 01 16:34:07 fedora packagekitd[1562]: Failed to get cache filename for systemd
Apr 01 16:34:07 fedora packagekitd[1562]: Failed to get cache filename for systemd
Apr 01 16:34:07 fedora packagekitd[1562]: Failed to get cache filename for systemd-libs
Apr 01 16:34:07 fedora packagekitd[1562]: Failed to get cache filename for xz-libs
Apr 01 16:34:07 fedora packagekitd[1562]: Failed to get cache filename for zlib-ng-compat
Apr 01 16:34:07 fedora packagekitd[1562]: Failed to get cache filename for bash
Apr 01 16:34:07 fedora packagekitd[1562]: Failed to get cache filename for glib2
Apr 01 16:34:07 fedora packagekitd[1562]: Failed to get cache filename for glibc
Apr 01 16:34:07 fedora packagekitd[1562]: Failed to get cache filename for glibc
Apr 01 16:34:07 fedora packagekitd[1562]: Failed to get cache filename for gnutls
Apr 01 16:34:07 fedora packagekitd[1562]: Failed to get cache filename for json-glib
Apr 01 16:34:07 fedora packagekitd[1562]: Failed to get cache filename for libarchive
Apr 01 16:34:07 fedora packagekitd[1562]: Failed to get cache filename for libblkid
Apr 01 16:34:07 fedora packagekitd[1562]: Failed to get cache filename for libcbor
Apr 01 16:34:07 fedora packagekitd[1562]: Failed to get cache filename for libcurl
Apr 01 16:34:07 fedora packagekitd[1562]: Failed to get cache filename for libcurl-minimal
Apr 01 16:34:07 fedora packagekitd[1562]: Failed to get cache filename for libdrm
Apr 01 16:34:07 fedora packagekitd[1562]: Failed to get cache filename for libgcc
Apr 01 16:34:07 fedora packagekitd[1562]: Failed to get cache filename for libjcat
Apr 01 16:34:07 fedora packagekitd[1562]: Failed to get cache filename for libmnl
Apr 01 16:34:07 fedora packagekitd[1562]: Failed to get cache filename for libusb1
Apr 01 16:34:07 fedora packagekitd[1562]: Failed to get cache filename for libxmlb
Apr 01 16:34:07 fedora packagekitd[1562]: Failed to get cache filename for passim-libs
Apr 01 16:34:07 fedora packagekitd[1562]: Failed to get cache filename for polkit-libs
Apr 01 16:34:07 fedora packagekitd[1562]: Failed to get cache filename for protobuf-c
Apr 01 16:34:07 fedora packagekitd[1562]: Failed to get cache filename for readline
Apr 01 16:34:07 fedora packagekitd[1562]: Failed to get cache filename for shared-mime-info
Apr 01 16:34:07 fedora packagekitd[1562]: Failed to get cache filename for sqlite-libs
Apr 01 16:34:07 fedora packagekitd[1562]: Failed to get cache filename for systemd
Apr 01 16:34:07 fedora packagekitd[1562]: Failed to get cache filename for systemd
Apr 01 16:34:07 fedora packagekitd[1562]: Failed to get cache filename for systemd-libs
Apr 01 16:34:07 fedora packagekitd[1562]: Failed to get cache filename for tpm2-tss
Apr 01 16:34:07 fedora packagekitd[1562]: Failed to get cache filename for xz-libs
Apr 01 16:34:07 fedora packagekitd[1562]: Failed to get cache filename for zlib-ng-compat
Apr 01 16:34:07 fedora packagekitd[1562]: Failed to get cache filename for fwupd-plugin-flashrom
Apr 01 16:34:07 fedora packagekitd[1562]: Failed to get cache filename for fwupd
Apr 01 16:34:07 fedora packagekitd[1562]: Failed to get cache filename for glib2
Apr 01 16:34:07 fedora packagekitd[1562]: Failed to get cache filename for glibc
Apr 01 16:34:07 fedora packagekitd[1562]: Failed to get cache filename for glibc
Apr 01 16:34:07 fedora packagekitd[1562]: Failed to get cache filename for libgcc
Apr 01 16:34:07 fedora packagekitd[1562]: Failed to get cache filename for flashrom
Apr 01 16:34:07 fedora packagekitd[1562]: Failed to get cache filename for fwupd
Apr 01 16:34:07 fedora packagekitd[1562]: Failed to get cache filename for glib2
Apr 01 16:34:07 fedora packagekitd[1562]: Failed to get cache filename for glibc
Apr 01 16:34:07 fedora packagekitd[1562]: Failed to get cache filename for glibc
Apr 01 16:34:07 fedora packagekitd[1562]: Failed to get cache filename for libgcc
Apr 01 16:34:07 fedora packagekitd[1562]: Failed to get cache filename for fwupd-plugin-modem-manager
Apr 01 16:34:07 fedora packagekitd[1562]: Failed to get cache filename for fwupd
Apr 01 16:34:07 fedora packagekitd[1562]: Failed to get cache filename for glib2
Apr 01 16:34:07 fedora packagekitd[1562]: Failed to get cache filename for glibc
Apr 01 16:34:07 fedora packagekitd[1562]: Failed to get cache filename for glibc
Apr 01 16:34:07 fedora packagekitd[1562]: Failed to get cache filename for json-glib
Apr 01 16:34:07 fedora packagekitd[1562]: Failed to get cache filename for libgcc
Apr 01 16:34:07 fedora packagekitd[1562]: Failed to get cache filename for libxmlb
Apr 01 16:34:07 fedora packagekitd[1562]: Failed to get cache filename for ModemManager-glib
Apr 01 16:34:07 fedora packagekitd[1562]: Failed to get cache filename for fwupd
Apr 01 16:34:07 fedora packagekitd[1562]: Failed to get cache filename for glib2
Apr 01 16:34:07 fedora packagekitd[1562]: Failed to get cache filename for glibc
Apr 01 16:34:07 fedora packagekitd[1562]: Failed to get cache filename for glibc
Apr 01 16:34:07 fedora packagekitd[1562]: Failed to get cache filename for json-glib
Apr 01 16:34:07 fedora packagekitd[1562]: Failed to get cache filename for libgcc
Apr 01 16:34:07 fedora packagekitd[1562]: Failed to get cache filename for libmbim
Apr 01 16:34:07 fedora packagekitd[1562]: Failed to get cache filename for libqmi
Apr 01 16:34:07 fedora packagekitd[1562]: Failed to get cache filename for libxmlb
Apr 01 16:34:07 fedora packagekitd[1562]: Failed to get cache filename for fwupd-plugin-uefi-capsule-data
Apr 01 16:34:07 fedora packagekitd[1562]: Failed to get cache filename for fwupd
Apr 01 16:34:07 fedora packagekitd[1562]: Failed to get cache filename for gdb
Apr 01 16:34:07 fedora packagekitd[1562]: Failed to get cache filename for gdb-headless
Apr 01 16:34:07 fedora packagekitd[1562]: Failed to get cache filename for bash
Apr 01 16:34:07 fedora packagekitd[1562]: Failed to get cache filename for gdb-headless
Apr 01 16:34:07 fedora packagekitd[1562]: Failed to get cache filename for binutils
Apr 01 16:34:07 fedora packagekitd[1562]: Failed to get cache filename for binutils
Apr 01 16:34:07 fedora packagekitd[1562]: Failed to get cache filename for elfutils-debuginfod-client
Apr 01 16:34:07 fedora packagekitd[1562]: Failed to get cache filename for expat
Apr 01 16:34:07 fedora packagekitd[1562]: Failed to get cache filename for glibc
Apr 01 16:34:07 fedora packagekitd[1562]: Failed to get cache filename for glibc
Apr 01 16:34:07 fedora packagekitd[1562]: Failed to get cache filename for libgcc
Apr 01 16:34:07 fedora packagekitd[1562]: Failed to get cache filename for libstdc++
Apr 01 16:34:07 fedora packagekitd[1562]: Failed to get cache filename for python3-libs
Apr 01 16:34:07 fedora packagekitd[1562]: Failed to get cache filename for xz-libs
Apr 01 16:34:07 fedora packagekitd[1562]: Failed to get cache filename for zlib-ng-compat
Apr 01 16:34:07 fedora packagekitd[1562]: Failed to get cache filename for bash
Apr 01 16:34:07 fedora packagekitd[1562]: Failed to get cache filename for binutils
Apr 01 16:34:07 fedora packagekitd[1562]: Failed to get cache filename for binutils
Apr 01 16:34:07 fedora packagekitd[1562]: Failed to get cache filename for elfutils-debuginfod-client
Apr 01 16:34:07 fedora packagekitd[1562]: Failed to get cache filename for expat
Apr 01 16:34:07 fedora packagekitd[1562]: Failed to get cache filename for glibc
Apr 01 16:34:07 fedora packagekitd[1562]: Failed to get cache filename for glibc
Apr 01 16:34:07 fedora packagekitd[1562]: Failed to get cache filename for gmp
Apr 01 16:34:07 fedora packagekitd[1562]: Failed to get cache filename for libbabeltrace
Apr 01 16:34:07 fedora packagekitd[1562]: Failed to get cache filename for libgcc
Apr 01 16:34:07 fedora packagekitd[1562]: Failed to get cache filename for libipt
Apr 01 16:34:07 fedora packagekitd[1562]: Failed to get cache filename for libstdc++
Apr 01 16:34:07 fedora packagekitd[1562]: Failed to get cache filename for mpfr
Apr 01 16:34:07 fedora packagekitd[1562]: Failed to get cache filename for ncurses-libs
Apr 01 16:34:07 fedora packagekitd[1562]: Failed to get cache filename for python3-libs
Apr 01 16:34:07 fedora packagekitd[1562]: Failed to get cache filename for readline
Apr 01 16:34:07 fedora packagekitd[1562]: Failed to get cache filename for source-highlight
Apr 01 16:34:07 fedora packagekitd[1562]: Failed to get cache filename for xxhash-libs
Apr 01 16:34:07 fedora packagekitd[1562]: Failed to get cache filename for xz-libs
Apr 01 16:34:07 fedora packagekitd[1562]: Failed to get cache filename for zlib-ng-compat
Apr 01 16:34:07 fedora packagekitd[1562]: Failed to get cache filename for gegl04
Apr 01 16:34:07 fedora packagekitd[1562]: Failed to get cache filename for LibRaw
Apr 01 16:34:07 fedora packagekitd[1562]: Failed to get cache filename for babl
Apr 01 16:34:07 fedora packagekitd[1562]: Failed to get cache filename for gdk-pixbuf2
Apr 01 16:34:07 fedora packagekitd[1562]: Failed to get cache filename for glib2
Apr 01 16:34:07 fedora packagekitd[1562]: Failed to get cache filename for glibc
Apr 01 16:34:07 fedora packagekitd[1562]: Failed to get cache filename for glibc
Apr 01 16:34:07 fedora packagekitd[1562]: Failed to get cache filename for json-glib
Apr 01 16:34:07 fedora packagekitd[1562]: Failed to get cache filename for libgcc
Apr 01 16:34:07 fedora packagekitd[1562]: Failed to get cache filename for libgomp
Apr 01 16:34:07 fedora packagekitd[1562]: Failed to get cache filename for libjpeg-turbo
Apr 01 16:34:07 fedora packagekitd[1562]: Failed to get cache filename for libpng
Apr 01 16:34:07 fedora packagekitd[1562]: Failed to get cache filename for librsvg2
Apr 01 16:34:07 fedora packagekitd[1562]: Failed to get cache filename for libstdc++
Apr 01 16:34:07 fedora packagekitd[1562]: Failed to get cache filename for libtiff
Apr 01 16:34:07 fedora packagekitd[1562]: Failed to get cache filename for pango
Apr 01 16:34:07 fedora packagekitd[1562]: Failed to get cache filename for sdl2-compat
Apr 01 16:34:07 fedora packagekitd[1562]: Failed to get cache filename for LibRaw
Apr 01 16:34:07 fedora packagekitd[1562]: Failed to get cache filename for babl
Apr 01 16:34:07 fedora packagekitd[1562]: Failed to get cache filename for cairo
Apr 01 16:34:07 fedora packagekitd[1562]: Failed to get cache filename for gdk-pixbuf2
Apr 01 16:34:07 fedora packagekitd[1562]: Failed to get cache filename for glib2
Apr 01 16:34:07 fedora packagekitd[1562]: Failed to get cache filename for glibc
Apr 01 16:34:07 fedora packagekitd[1562]: Failed to get cache filename for glibc
Apr 01 16:34:07 fedora packagekitd[1562]: Failed to get cache filename for jasper-libs
Apr 01 16:34:07 fedora packagekitd[1562]: Failed to get cache filename for json-glib
Apr 01 16:34:07 fedora packagekitd[1562]: Failed to get cache filename for lcms2
Apr 01 16:34:07 fedora packagekitd[1562]: Failed to get cache filename for libgcc
Apr 01 16:34:07 fedora packagekitd[1562]: Failed to get cache filename for libgomp
Apr 01 16:34:07 fedora packagekitd[1562]: Failed to get cache filename for libjpeg-turbo
Apr 01 16:34:07 fedora packagekitd[1562]: Failed to get cache filename for libpng
Apr 01 16:34:07 fedora packagekitd[1562]: Failed to get cache filename for librsvg2
Apr 01 16:34:07 fedora packagekitd[1562]: Failed to get cache filename for libstdc++
Apr 01 16:34:07 fedora packagekitd[1562]: Failed to get cache filename for libtiff
Apr 01 16:34:07 fedora packagekitd[1562]: Failed to get cache filename for libwebp
Apr 01 16:34:07 fedora packagekitd[1562]: Failed to get cache filename for openexr-libs
Apr 01 16:34:07 fedora packagekitd[1562]: Failed to get cache filename for pango
Apr 01 16:34:07 fedora packagekitd[1562]: Failed to get cache filename for sdl2-compat
Apr 01 16:34:07 fedora packagekitd[1562]: Failed to get cache filename for gegl04-matting-levin
Apr 01 16:34:07 fedora packagekitd[1562]: Failed to get cache filename for babl
Apr 01 16:34:07 fedora packagekitd[1562]: Failed to get cache filename for gegl04
Apr 01 16:34:07 fedora packagekitd[1562]: Failed to get cache filename for glib2
Apr 01 16:34:07 fedora packagekitd[1562]: Failed to get cache filename for glibc
Apr 01 16:34:07 fedora packagekitd[1562]: Failed to get cache filename for glibc
Apr 01 16:34:07 fedora packagekitd[1562]: Failed to get cache filename for suitesparse
Apr 01 16:34:07 fedora packagekitd[1562]: Failed to get cache filename for babl
Apr 01 16:34:07 fedora packagekitd[1562]: Failed to get cache filename for gegl04
Apr 01 16:34:07 fedora packagekitd[1562]: Failed to get cache filename for glib2
Apr 01 16:34:07 fedora packagekitd[1562]: Failed to get cache filename for glibc
Apr 01 16:34:07 fedora packagekitd[1562]: Failed to get cache filename for glibc
Apr 01 16:34:07 fedora packagekitd[1562]: Failed to get cache filename for suitesparse
Apr 01 16:34:07 fedora packagekitd[1562]: Failed to get cache filename for gh
Apr 01 16:34:07 fedora packagekitd[1562]: Failed to get cache filename for git-core
Apr 01 16:34:07 fedora packagekitd[1562]: Failed to get cache filename for glibc
Apr 01 16:34:07 fedora packagekitd[1562]: Failed to get cache filename for glibc
Apr 01 16:34:07 fedora packagekitd[1562]: Failed to get cache filename for git-core
Apr 01 16:34:07 fedora packagekitd[1562]: Failed to get cache filename for glibc
Apr 01 16:34:07 fedora packagekitd[1562]: Failed to get cache filename for glibc
Apr 01 16:34:07 fedora packagekitd[1562]: Failed to get cache filename for gimp
Apr 01 16:34:07 fedora packagekitd[1562]: Failed to get cache filename for alsa-lib
Apr 01 16:34:07 fedora packagekitd[1562]: Failed to get cache filename for appstream
Apr 01 16:34:07 fedora packagekitd[1562]: Failed to get cache filename for babl
Apr 01 16:34:07 fedora packagekitd[1562]: Failed to get cache filename for cfitsio
Apr 01 16:34:07 fedora packagekitd[1562]: Failed to get cache filename for gdk-pixbuf2
Apr 01 16:34:07 fedora packagekitd[1562]: Failed to get cache filename for gegl04
Apr 01 16:34:07 fedora packagekitd[1562]: Failed to get cache filename for gimp-libs
Apr 01 16:34:07 fedora packagekitd[1562]: Failed to get cache filename for gjs
Apr 01 16:34:07 fedora packagekitd[1562]: Failed to get cache filename for gjs
Apr 01 16:34:07 fedora packagekitd[1562]: Failed to get cache filename for glib2
Apr 01 16:34:07 fedora packagekitd[1562]: Failed to get cache filename for glibc
Apr 01 16:34:07 fedora packagekitd[1562]: Failed to get cache filename for glibc
Apr 01 16:34:07 fedora packagekitd[1562]: Failed to get cache filename for harfbuzz
Apr 01 16:34:07 fedora packagekitd[1562]: Failed to get cache filename for json-glib
Apr 01 16:34:07 fedora packagekitd[1562]: Failed to get cache filename for libX11
Apr 01 16:34:07 fedora packagekitd[1562]: Failed to get cache filename for libarchive
Apr 01 16:34:07 fedora packagekitd[1562]: Failed to get cache filename for libgcc
Apr 01 16:34:07 fedora packagekitd[1562]: Failed to get cache filename for libgexiv2
Apr 01 16:34:07 fedora packagekitd[1562]: Failed to get cache filename for libgomp
Apr 01 16:34:07 fedora packagekitd[1562]: Failed to get cache filename for libgs
Apr 01 16:34:07 fedora packagekitd[1562]: Failed to get cache filename for libheif
Apr 01 16:34:07 fedora packagekitd[1562]: Failed to get cache filename for libjpeg-turbo
Apr 01 16:34:07 fedora packagekitd[1562]: Failed to get cache filename for libjxl
Apr 01 16:34:07 fedora packagekitd[1562]: Failed to get cache filename for libpng
Apr 01 16:34:07 fedora packagekitd[1562]: Failed to get cache filename for librsvg2
Apr 01 16:34:07 fedora packagekitd[1562]: Failed to get cache filename for libstdc++
Apr 01 16:34:07 fedora packagekitd[1562]: Failed to get cache filename for libtiff
Apr 01 16:34:07 fedora packagekitd[1562]: Failed to get cache filename for luajit
Apr 01 16:34:07 fedora packagekitd[1562]: Failed to get cache filename for luajit
Apr 01 16:34:07 fedora packagekitd[1562]: Failed to get cache filename for openjpeg
Apr 01 16:34:07 fedora packagekitd[1562]: Failed to get cache filename for pango
Apr 01 16:34:07 fedora packagekitd[1562]: Failed to get cache filename for poppler-glib
Apr 01 16:34:07 fedora packagekitd[1562]: Failed to get cache filename for python3
Apr 01 16:34:07 fedora packagekitd[1562]: Failed to get cache filename for python3
Apr 01 16:34:07 fedora packagekitd[1562]: Failed to get cache filename for python3-gobject-base
Apr 01 16:34:07 fedora packagekitd[1562]: Failed to get cache filename for python3-gobject-base
Apr 01 16:34:07 fedora packagekitd[1562]: Failed to get cache filename for xz-libs
Apr 01 16:34:07 fedora packagekitd[1562]: Failed to get cache filename for zlib-ng-compat
Apr 01 16:34:07 fedora packagekitd[1562]: Failed to get cache filename for aalib-libs
Apr 01 16:34:07 fedora packagekitd[1562]: Failed to get cache filename for alsa-lib
Apr 01 16:34:07 fedora packagekitd[1562]: Failed to get cache filename for appstream
Apr 01 16:34:07 fedora packagekitd[1562]: Failed to get cache filename for babl
Apr 01 16:34:07 fedora packagekitd[1562]: Failed to get cache filename for bzip2-libs
Apr 01 16:34:07 fedora packagekitd[1562]: Failed to get cache filename for cairo
Apr 01 16:34:07 fedora packagekitd[1562]: Failed to get cache filename for cfitsio
Apr 01 16:34:07 fedora packagekitd[1562]: Failed to get cache filename for fontconfig
Apr 01 16:34:07 fedora packagekitd[1562]: Failed to get cache filename for freetype
Apr 01 16:34:07 fedora packagekitd[1562]: Failed to get cache filename for gdk-pixbuf2
Apr 01 16:34:07 fedora packagekitd[1562]: Failed to get cache filename for gegl04
Apr 01 16:34:07 fedora packagekitd[1562]: Failed to get cache filename for gimp-libs
Apr 01 16:34:07 fedora packagekitd[1562]: Failed to get cache filename for gjs
Apr 01 16:34:07 fedora packagekitd[1562]: Failed to get cache filename for gjs
Apr 01 16:34:07 fedora packagekitd[1562]: Failed to get cache filename for glib2
Apr 01 16:34:07 fedora packagekitd[1562]: Failed to get cache filename for glibc
Apr 01 16:34:07 fedora packagekitd[1562]: Failed to get cache filename for glibc
Apr 01 16:34:07 fedora packagekitd[1562]: Failed to get cache filename for gtk3
Apr 01 16:34:07 fedora packagekitd[1562]: Failed to get cache filename for harfbuzz
Apr 01 16:34:07 fedora packagekitd[1562]: Failed to get cache filename for hicolor-icon-theme
Apr 01 16:34:07 fedora packagekitd[1562]: Failed to get cache filename for json-glib
Apr 01 16:34:07 fedora packagekitd[1562]: Failed to get cache filename for lcms2
Apr 01 16:34:07 fedora packagekitd[1562]: Failed to get cache filename for libX11
Apr 01 16:34:07 fedora packagekitd[1562]: Failed to get cache filename for libXcursor
Apr 01 16:34:07 fedora packagekitd[1562]: Failed to get cache filename for libXext
Apr 01 16:34:07 fedora packagekitd[1562]: Failed to get cache filename for libXfixes
Apr 01 16:34:07 fedora packagekitd[1562]: Failed to get cache filename for libXmu
Apr 01 16:34:07 fedora packagekitd[1562]: Failed to get cache filename for libXpm
Apr 01 16:34:07 fedora packagekitd[1562]: Failed to get cache filename for libarchive
Apr 01 16:34:07 fedora packagekitd[1562]: Failed to get cache filename for libgcc
Apr 01 16:34:07 fedora packagekitd[1562]: Failed to get cache filename for libgexiv2
Apr 01 16:34:07 fedora packagekitd[1562]: Failed to get cache filename for libgomp
Apr 01 16:34:07 fedora packagekitd[1562]: Failed to get cache filename for libgs
Apr 01 16:34:07 fedora packagekitd[1562]: Failed to get cache filename for libgudev
Apr 01 16:34:07 fedora packagekitd[1562]: Failed to get cache filename for libheif
Apr 01 16:34:07 fedora packagekitd[1562]: Failed to get cache filename for libjpeg-turbo
Apr 01 16:34:07 fedora packagekitd[1562]: Failed to get cache filename for libjxl
Apr 01 16:34:07 fedora packagekitd[1562]: Failed to get cache filename for libmng
Apr 01 16:34:07 fedora packagekitd[1562]: Failed to get cache filename for libmypaint
Apr 01 16:34:07 fedora packagekitd[1562]: Failed to get cache filename for libpng
Apr 01 16:34:07 fedora packagekitd[1562]: Failed to get cache filename for librsvg2
Apr 01 16:34:07 fedora packagekitd[1562]: Failed to get cache filename for libstdc++
Apr 01 16:34:07 fedora packagekitd[1562]: Failed to get cache filename for libtiff
Apr 01 16:34:07 fedora packagekitd[1562]: Failed to get cache filename for libunwind
Apr 01 16:34:07 fedora packagekitd[1562]: Failed to get cache filename for libwebp
Apr 01 16:34:07 fedora packagekitd[1562]: Failed to get cache filename for libwmf
Apr 01 16:34:07 fedora packagekitd[1562]: Failed to get cache filename for libwmf-lite
Apr 01 16:34:07 fedora packagekitd[1562]: Failed to get cache filename for lua-lgi-compat
Apr 01 16:34:07 fedora packagekitd[1562]: Failed to get cache filename for luajit
Apr 01 16:34:07 fedora packagekitd[1562]: Failed to get cache filename for luajit
Apr 01 16:34:07 fedora packagekitd[1562]: Failed to get cache filename for openexr-libs
Apr 01 16:34:07 fedora packagekitd[1562]: Failed to get cache filename for openjpeg
Apr 01 16:34:07 fedora packagekitd[1562]: Failed to get cache filename for pango
Apr 01 16:34:07 fedora packagekitd[1562]: Failed to get cache filename for poppler-glib
Apr 01 16:34:07 fedora packagekitd[1562]: Failed to get cache filename for python3
Apr 01 16:34:07 fedora packagekitd[1562]: Failed to get cache filename for python3
Apr 01 16:34:07 fedora packagekitd[1562]: Failed to get cache filename for python3-gobject-base
Apr 01 16:34:07 fedora packagekitd[1562]: Failed to get cache filename for python3-gobject-base
Apr 01 16:34:07 fedora packagekitd[1562]: Failed to get cache filename for xdg-utils
Apr 01 16:34:07 fedora packagekitd[1562]: Failed to get cache filename for xz-libs
Apr 01 16:34:07 fedora packagekitd[1562]: Failed to get cache filename for zlib-ng-compat
Apr 01 16:34:07 fedora packagekitd[1562]: Failed to get cache filename for gimp-libs
Apr 01 16:34:07 fedora packagekitd[1562]: Failed to get cache filename for babl
Apr 01 16:34:07 fedora packagekitd[1562]: Failed to get cache filename for gdk-pixbuf2
Apr 01 16:34:07 fedora packagekitd[1562]: Failed to get cache filename for gegl04
Apr 01 16:34:07 fedora packagekitd[1562]: Failed to get cache filename for glib2
Apr 01 16:34:07 fedora packagekitd[1562]: Failed to get cache filename for glibc
Apr 01 16:34:07 fedora packagekitd[1562]: Failed to get cache filename for glibc
Apr 01 16:34:07 fedora packagekitd[1562]: Failed to get cache filename for libgexiv2
Apr 01 16:34:07 fedora packagekitd[1562]: Failed to get cache filename for pango
Apr 01 16:34:07 fedora packagekitd[1562]: Failed to get cache filename for babl
Apr 01 16:34:07 fedora packagekitd[1562]: Failed to get cache filename for cairo
Apr 01 16:34:07 fedora packagekitd[1562]: Failed to get cache filename for fontconfig
Apr 01 16:34:07 fedora packagekitd[1562]: Failed to get cache filename for gdk-pixbuf2
Apr 01 16:34:07 fedora packagekitd[1562]: Failed to get cache filename for gegl04
Apr 01 16:34:07 fedora packagekitd[1562]: Failed to get cache filename for glib2
Apr 01 16:34:07 fedora packagekitd[1562]: Failed to get cache filename for glibc
Apr 01 16:34:07 fedora packagekitd[1562]: Failed to get cache filename for glibc
Apr 01 16:34:07 fedora packagekitd[1562]: Failed to get cache filename for gobject-introspection
Apr 01 16:34:07 fedora packagekitd[1562]: Failed to get cache filename for gtk3
Apr 01 16:34:07 fedora packagekitd[1562]: Failed to get cache filename for lcms2
Apr 01 16:34:07 fedora packagekitd[1562]: Failed to get cache filename for libgexiv2
Apr 01 16:34:07 fedora packagekitd[1562]: Failed to get cache filename for pango
Apr 01 16:34:07 fedora packagekitd[1562]: Failed to get cache filename for gom
Apr 01 16:34:07 fedora packagekitd[1562]: Failed to get cache filename for glib2
Apr 01 16:34:07 fedora packagekitd[1562]: Failed to get cache filename for glibc
Apr 01 16:34:07 fedora packagekitd[1562]: Failed to get cache filename for glibc
Apr 01 16:34:07 fedora packagekitd[1562]: Failed to get cache filename for python3
Apr 01 16:34:07 fedora packagekitd[1562]: Failed to get cache filename for python3
Apr 01 16:34:07 fedora packagekitd[1562]: Failed to get cache filename for sqlite-libs
Apr 01 16:34:07 fedora packagekitd[1562]: Failed to get cache filename for glib2
Apr 01 16:34:07 fedora packagekitd[1562]: Failed to get cache filename for glibc
Apr 01 16:34:07 fedora packagekitd[1562]: Failed to get cache filename for glibc
Apr 01 16:34:07 fedora packagekitd[1562]: Failed to get cache filename for python3
Apr 01 16:34:07 fedora packagekitd[1562]: Failed to get cache filename for python3
Apr 01 16:34:07 fedora packagekitd[1562]: Failed to get cache filename for sqlite-libs
Apr 01 16:34:07 fedora packagekitd[1562]: Failed to get cache filename for gspell
Apr 01 16:34:07 fedora packagekitd[1562]: Failed to get cache filename for enchant2
Apr 01 16:34:07 fedora packagekitd[1562]: Failed to get cache filename for glib2
Apr 01 16:34:07 fedora packagekitd[1562]: Failed to get cache filename for glibc
Apr 01 16:34:07 fedora packagekitd[1562]: Failed to get cache filename for glibc
Apr 01 16:34:07 fedora packagekitd[1562]: Failed to get cache filename for pango
Apr 01 16:34:07 fedora packagekitd[1562]: Failed to get cache filename for enchant2
Apr 01 16:34:07 fedora packagekitd[1562]: Failed to get cache filename for glib2
Apr 01 16:34:07 fedora packagekitd[1562]: Failed to get cache filename for glibc
Apr 01 16:34:07 fedora packagekitd[1562]: Failed to get cache filename for glibc
Apr 01 16:34:07 fedora packagekitd[1562]: Failed to get cache filename for gtk3
Apr 01 16:34:07 fedora packagekitd[1562]: Failed to get cache filename for iso-codes
Apr 01 16:34:07 fedora packagekitd[1562]: Failed to get cache filename for libicu
Apr 01 16:34:07 fedora packagekitd[1562]: Failed to get cache filename for pango
Apr 01 16:34:07 fedora packagekitd[1562]: Failed to get cache filename for hwdata
Apr 01 16:34:07 fedora packagekitd[1562]: Failed to get cache filename for intel-audio-firmware
Apr 01 16:34:07 fedora packagekitd[1562]: Failed to get cache filename for linux-firmware-whence
Apr 01 16:34:07 fedora packagekitd[1562]: Failed to get cache filename for intel-gpu-firmware
Apr 01 16:34:07 fedora packagekitd[1562]: Failed to get cache filename for linux-firmware-whence
Apr 01 16:34:07 fedora packagekitd[1562]: Failed to get cache filename for intel-vsc-firmware
Apr 01 16:34:07 fedora packagekitd[1562]: Failed to get cache filename for linux-firmware-whence
Apr 01 16:34:07 fedora packagekitd[1562]: Failed to get cache filename for ipp-usb
Apr 01 16:34:07 fedora packagekitd[1562]: Failed to get cache filename for filesystem
Apr 01 16:34:07 fedora packagekitd[1562]: Failed to get cache filename for glibc
Apr 01 16:34:07 fedora packagekitd[1562]: Failed to get cache filename for glibc
Apr 01 16:34:07 fedora packagekitd[1562]: Failed to get cache filename for libusb1
Apr 01 16:34:07 fedora packagekitd[1562]: Failed to get cache filename for systemd
Apr 01 16:34:07 fedora packagekitd[1562]: Failed to get cache filename for systemd
Apr 01 16:34:07 fedora packagekitd[1562]: Failed to get cache filename for systemd-udev
Apr 01 16:34:07 fedora packagekitd[1562]: Failed to get cache filename for avahi-libs
Apr 01 16:34:07 fedora packagekitd[1562]: Failed to get cache filename for bash
Apr 01 16:34:07 fedora packagekitd[1562]: Failed to get cache filename for filesystem
Apr 01 16:34:07 fedora packagekitd[1562]: Failed to get cache filename for glibc
Apr 01 16:34:07 fedora packagekitd[1562]: Failed to get cache filename for glibc
Apr 01 16:34:07 fedora packagekitd[1562]: Failed to get cache filename for libusb1
Apr 01 16:34:07 fedora packagekitd[1562]: Failed to get cache filename for systemd
Apr 01 16:34:07 fedora packagekitd[1562]: Failed to get cache filename for systemd
Apr 01 16:34:07 fedora packagekitd[1562]: Failed to get cache filename for systemd-udev
Apr 01 16:34:07 fedora packagekitd[1562]: Failed to get cache filename for iwlegacy-firmware
Apr 01 16:34:07 fedora packagekitd[1562]: Failed to get cache filename for linux-firmware-whence
Apr 01 16:34:07 fedora packagekitd[1562]: Failed to get cache filename for iwlwifi-dvm-firmware
Apr 01 16:34:07 fedora packagekitd[1562]: Failed to get cache filename for linux-firmware-whence
Apr 01 16:34:07 fedora packagekitd[1562]: Failed to get cache filename for iwlwifi-mld-firmware
Apr 01 16:34:07 fedora packagekitd[1562]: Failed to get cache filename for linux-firmware-whence
Apr 01 16:34:07 fedora packagekitd[1562]: Failed to get cache filename for iwlwifi-mvm-firmware
Apr 01 16:34:07 fedora packagekitd[1562]: Failed to get cache filename for iwlwifi-mld-firmware
Apr 01 16:34:07 fedora packagekitd[1562]: Failed to get cache filename for linux-firmware-whence
Apr 01 16:34:07 fedora packagekitd[1562]: Failed to get cache filename for kernel-devel-matched
Apr 01 16:34:07 fedora packagekitd[1562]: Failed to get cache filename for kernel-core
Apr 01 16:34:07 fedora packagekitd[1562]: Failed to get cache filename for kernel-devel
Apr 01 16:34:07 fedora packagekitd[1562]: Failed to get cache filename for kernel-headers
Apr 01 16:34:07 fedora packagekitd[1562]: Failed to get cache filename for kernel-tools
Apr 01 16:34:07 fedora packagekitd[1562]: Failed to get cache filename for filesystem
Apr 01 16:34:07 fedora packagekitd[1562]: Failed to get cache filename for glibc
Apr 01 16:34:07 fedora packagekitd[1562]: Failed to get cache filename for glibc
Apr 01 16:34:07 fedora packagekitd[1562]: Failed to get cache filename for kernel-tools-libs
Apr 01 16:34:07 fedora packagekitd[1562]: Failed to get cache filename for pciutils-libs
Apr 01 16:34:07 fedora packagekitd[1562]: Failed to get cache filename for python3
Apr 01 16:34:07 fedora packagekitd[1562]: Failed to get cache filename for python3
Apr 01 16:34:07 fedora packagekitd[1562]: Failed to get cache filename for bash
Apr 01 16:34:07 fedora packagekitd[1562]: Failed to get cache filename for filesystem
Apr 01 16:34:07 fedora packagekitd[1562]: Failed to get cache filename for glibc
Apr 01 16:34:07 fedora packagekitd[1562]: Failed to get cache filename for glibc
Apr 01 16:34:07 fedora packagekitd[1562]: Failed to get cache filename for kernel-tools-libs
Apr 01 16:34:07 fedora packagekitd[1562]: Failed to get cache filename for libcap
Apr 01 16:34:07 fedora packagekitd[1562]: Failed to get cache filename for libnl3
Apr 01 16:34:07 fedora packagekitd[1562]: Failed to get cache filename for ncurses-libs
Apr 01 16:34:07 fedora packagekitd[1562]: Failed to get cache filename for pciutils-libs
Apr 01 16:34:07 fedora packagekitd[1562]: Failed to get cache filename for python3
Apr 01 16:34:07 fedora packagekitd[1562]: Failed to get cache filename for python3
Apr 01 16:34:07 fedora packagekitd[1562]: Failed to get cache filename for kernel-tools-libs
Apr 01 16:34:07 fedora packagekitd[1562]: Failed to get cache filename for glibc
Apr 01 16:34:07 fedora packagekitd[1562]: Failed to get cache filename for glibc
Apr 01 16:34:07 fedora packagekitd[1562]: Failed to get cache filename for bash
Apr 01 16:34:07 fedora packagekitd[1562]: Failed to get cache filename for glibc
Apr 01 16:34:07 fedora packagekitd[1562]: Failed to get cache filename for glibc
Apr 01 16:34:07 fedora packagekitd[1562]: Failed to get cache filename for kf6-filesystem
Apr 01 16:34:07 fedora packagekitd[1562]: Failed to get cache filename for kde-filesystem
Apr 01 16:34:07 fedora packagekitd[1562]: Failed to get cache filename for kf6-karchive
Apr 01 16:34:07 fedora packagekitd[1562]: Failed to get cache filename for glibc
Apr 01 16:34:07 fedora packagekitd[1562]: Failed to get cache filename for glibc
Apr 01 16:34:07 fedora packagekitd[1562]: Failed to get cache filename for kf6-filesystem
Apr 01 16:34:07 fedora packagekitd[1562]: Failed to get cache filename for libstdc++
Apr 01 16:34:07 fedora packagekitd[1562]: Failed to get cache filename for openssl-libs
Apr 01 16:34:07 fedora packagekitd[1562]: Failed to get cache filename for qt6-qtbase
Apr 01 16:34:07 fedora packagekitd[1562]: Failed to get cache filename for xz-libs
Apr 01 16:34:07 fedora packagekitd[1562]: Failed to get cache filename for zlib-ng-compat
Apr 01 16:34:07 fedora packagekitd[1562]: Failed to get cache filename for bzip2-libs
Apr 01 16:34:07 fedora packagekitd[1562]: Failed to get cache filename for glibc
Apr 01 16:34:07 fedora packagekitd[1562]: Failed to get cache filename for glibc
Apr 01 16:34:07 fedora packagekitd[1562]: Failed to get cache filename for kf6-filesystem
Apr 01 16:34:07 fedora packagekitd[1562]: Failed to get cache filename for libstdc++
Apr 01 16:34:07 fedora packagekitd[1562]: Failed to get cache filename for libzstd
Apr 01 16:34:07 fedora packagekitd[1562]: Failed to get cache filename for openssl-libs
Apr 01 16:34:07 fedora packagekitd[1562]: Failed to get cache filename for qt6-qtbase
Apr 01 16:34:07 fedora packagekitd[1562]: Failed to get cache filename for xz-libs
Apr 01 16:34:07 fedora packagekitd[1562]: Failed to get cache filename for zlib-ng-compat
Apr 01 16:34:07 fedora packagekitd[1562]: Failed to get cache filename for kf6-kconfig
Apr 01 16:34:07 fedora packagekitd[1562]: Failed to get cache filename for glibc
Apr 01 16:34:07 fedora packagekitd[1562]: Failed to get cache filename for glibc
Apr 01 16:34:07 fedora packagekitd[1562]: Failed to get cache filename for kf6-filesystem
Apr 01 16:34:07 fedora packagekitd[1562]: Failed to get cache filename for libstdc++
Apr 01 16:34:07 fedora packagekitd[1562]: Failed to get cache filename for qt6-qtbase
Apr 01 16:34:07 fedora packagekitd[1562]: Failed to get cache filename for qt6-qtbase-gui
Apr 01 16:34:07 fedora packagekitd[1562]: Failed to get cache filename for qt6-qtdeclarative
Apr 01 16:34:07 fedora packagekitd[1562]: Failed to get cache filename for glibc
Apr 01 16:34:07 fedora packagekitd[1562]: Failed to get cache filename for glibc
Apr 01 16:34:07 fedora packagekitd[1562]: Failed to get cache filename for kf6-filesystem
Apr 01 16:34:07 fedora packagekitd[1562]: Failed to get cache filename for libstdc++
Apr 01 16:34:07 fedora packagekitd[1562]: Failed to get cache filename for qt6-qtbase
Apr 01 16:34:07 fedora packagekitd[1562]: Failed to get cache filename for qt6-qtbase-gui
Apr 01 16:34:07 fedora packagekitd[1562]: Failed to get cache filename for qt6-qtdeclarative
Apr 01 16:34:07 fedora packagekitd[1562]: Failed to get cache filename for kf6-kguiaddons
Apr 01 16:34:07 fedora packagekitd[1562]: Failed to get cache filename for glibc
Apr 01 16:34:07 fedora packagekitd[1562]: Failed to get cache filename for glibc
Apr 01 16:34:07 fedora packagekitd[1562]: Failed to get cache filename for kf6-filesystem
Apr 01 16:34:07 fedora packagekitd[1562]: Failed to get cache filename for libX11
Apr 01 16:34:07 fedora packagekitd[1562]: Failed to get cache filename for libstdc++
Apr 01 16:34:07 fedora packagekitd[1562]: Failed to get cache filename for libwayland-client
Apr 01 16:34:07 fedora packagekitd[1562]: Failed to get cache filename for qt6-qtbase
Apr 01 16:34:07 fedora packagekitd[1562]: Failed to get cache filename for qt6-qtbase-gui
Apr 01 16:34:07 fedora packagekitd[1562]: Failed to get cache filename for qt6-qtdeclarative
Apr 01 16:34:07 fedora packagekitd[1562]: Failed to get cache filename for glibc
Apr 01 16:34:07 fedora packagekitd[1562]: Failed to get cache filename for glibc
Apr 01 16:34:07 fedora packagekitd[1562]: Failed to get cache filename for kf6-filesystem
Apr 01 16:34:07 fedora packagekitd[1562]: Failed to get cache filename for libX11
Apr 01 16:34:07 fedora packagekitd[1562]: Failed to get cache filename for libstdc++
Apr 01 16:34:07 fedora packagekitd[1562]: Failed to get cache filename for libwayland-client
Apr 01 16:34:07 fedora packagekitd[1562]: Failed to get cache filename for qt6-qtbase
Apr 01 16:34:07 fedora packagekitd[1562]: Failed to get cache filename for qt6-qtbase-gui
Apr 01 16:34:07 fedora packagekitd[1562]: Failed to get cache filename for qt6-qtdeclarative
Apr 01 16:34:07 fedora packagekitd[1562]: Failed to get cache filename for qt6-qtwayland
Apr 01 16:34:07 fedora packagekitd[1562]: Failed to get cache filename for kf6-kimageformats
Apr 01 16:34:07 fedora packagekitd[1562]: Failed to get cache filename for LibRaw
Apr 01 16:34:07 fedora packagekitd[1562]: Failed to get cache filename for glibc
Apr 01 16:34:07 fedora packagekitd[1562]: Failed to get cache filename for glibc
Apr 01 16:34:07 fedora packagekitd[1562]: Failed to get cache filename for kf6-filesystem
Apr 01 16:34:07 fedora packagekitd[1562]: Failed to get cache filename for kf6-karchive
Apr 01 16:34:07 fedora packagekitd[1562]: Failed to get cache filename for libgcc
Apr 01 16:34:07 fedora packagekitd[1562]: Failed to get cache filename for libheif
Apr 01 16:34:07 fedora packagekitd[1562]: Failed to get cache filename for libjxl
Apr 01 16:34:07 fedora packagekitd[1562]: Failed to get cache filename for libstdc++
Apr 01 16:34:07 fedora packagekitd[1562]: Failed to get cache filename for openjpeg
Apr 01 16:34:07 fedora packagekitd[1562]: Failed to get cache filename for qt6-qtbase
Apr 01 16:34:07 fedora packagekitd[1562]: Failed to get cache filename for qt6-qtbase-gui
Apr 01 16:34:07 fedora packagekitd[1562]: Failed to get cache filename for LibRaw
Apr 01 16:34:07 fedora packagekitd[1562]: Failed to get cache filename for glibc
Apr 01 16:34:07 fedora packagekitd[1562]: Failed to get cache filename for glibc
Apr 01 16:34:07 fedora packagekitd[1562]: Failed to get cache filename for imath
Apr 01 16:34:07 fedora packagekitd[1562]: Failed to get cache filename for jxrlib
Apr 01 16:34:07 fedora packagekitd[1562]: Failed to get cache filename for kf6-filesystem
Apr 01 16:34:07 fedora packagekitd[1562]: Failed to get cache filename for kf6-karchive
Apr 01 16:34:07 fedora packagekitd[1562]: Failed to get cache filename for libavif
Apr 01 16:34:07 fedora packagekitd[1562]: Failed to get cache filename for libgcc
Apr 01 16:34:07 fedora packagekitd[1562]: Failed to get cache filename for libheif
Apr 01 16:34:07 fedora packagekitd[1562]: Failed to get cache filename for libjxl
Apr 01 16:34:07 fedora packagekitd[1562]: Failed to get cache filename for libstdc++
Apr 01 16:34:07 fedora packagekitd[1562]: Failed to get cache filename for openexr-libs
Apr 01 16:34:07 fedora packagekitd[1562]: Failed to get cache filename for openjpeg
Apr 01 16:34:07 fedora packagekitd[1562]: Failed to get cache filename for qt6-qtbase
Apr 01 16:34:07 fedora packagekitd[1562]: Failed to get cache filename for qt6-qtbase-gui
Apr 01 16:34:07 fedora packagekitd[1562]: Failed to get cache filename for kf6-knotifications
Apr 01 16:34:07 fedora packagekitd[1562]: Failed to get cache filename for glibc
Apr 01 16:34:07 fedora packagekitd[1562]: Failed to get cache filename for glibc
Apr 01 16:34:07 fedora packagekitd[1562]: Failed to get cache filename for kf6-kconfig
Apr 01 16:34:07 fedora packagekitd[1562]: Failed to get cache filename for libstdc++
Apr 01 16:34:07 fedora packagekitd[1562]: Failed to get cache filename for qt6-qtbase
Apr 01 16:34:07 fedora packagekitd[1562]: Failed to get cache filename for qt6-qtbase-gui
Apr 01 16:34:07 fedora packagekitd[1562]: Failed to get cache filename for qt6-qtdeclarative
Apr 01 16:34:07 fedora packagekitd[1562]: Failed to get cache filename for glibc
Apr 01 16:34:07 fedora packagekitd[1562]: Failed to get cache filename for glibc
Apr 01 16:34:07 fedora packagekitd[1562]: Failed to get cache filename for kf6-kconfig
Apr 01 16:34:07 fedora packagekitd[1562]: Failed to get cache filename for libcanberra
Apr 01 16:34:07 fedora packagekitd[1562]: Failed to get cache filename for libstdc++
Apr 01 16:34:07 fedora packagekitd[1562]: Failed to get cache filename for qt6-qtbase
Apr 01 16:34:07 fedora packagekitd[1562]: Failed to get cache filename for qt6-qtbase-gui
Apr 01 16:34:07 fedora packagekitd[1562]: Failed to get cache filename for qt6-qtdeclarative
Apr 01 16:34:07 fedora packagekitd[1562]: Failed to get cache filename for kf6-kstatusnotifieritem
Apr 01 16:34:07 fedora packagekitd[1562]: Failed to get cache filename for glibc
Apr 01 16:34:07 fedora packagekitd[1562]: Failed to get cache filename for glibc
Apr 01 16:34:07 fedora packagekitd[1562]: Failed to get cache filename for kf6-filesystem
Apr 01 16:34:07 fedora packagekitd[1562]: Failed to get cache filename for kf6-kwindowsystem
Apr 01 16:34:07 fedora packagekitd[1562]: Failed to get cache filename for libstdc++
Apr 01 16:34:07 fedora packagekitd[1562]: Failed to get cache filename for qt6-qtbase
Apr 01 16:34:07 fedora packagekitd[1562]: Failed to get cache filename for qt6-qtbase-gui
Apr 01 16:34:07 fedora packagekitd[1562]: Failed to get cache filename for glibc
Apr 01 16:34:07 fedora packagekitd[1562]: Failed to get cache filename for glibc
Apr 01 16:34:07 fedora packagekitd[1562]: Failed to get cache filename for kf6-filesystem
Apr 01 16:34:07 fedora packagekitd[1562]: Failed to get cache filename for kf6-kwindowsystem
Apr 01 16:34:07 fedora packagekitd[1562]: Failed to get cache filename for libstdc++
Apr 01 16:34:07 fedora packagekitd[1562]: Failed to get cache filename for qt6-qtbase
Apr 01 16:34:07 fedora packagekitd[1562]: Failed to get cache filename for qt6-qtbase-gui
Apr 01 16:34:07 fedora packagekitd[1562]: Failed to get cache filename for kf6-kwindowsystem
Apr 01 16:34:07 fedora packagekitd[1562]: Failed to get cache filename for glibc
Apr 01 16:34:07 fedora packagekitd[1562]: Failed to get cache filename for glibc
Apr 01 16:34:07 fedora packagekitd[1562]: Failed to get cache filename for kf6-filesystem
Apr 01 16:34:07 fedora packagekitd[1562]: Failed to get cache filename for libX11
Apr 01 16:34:07 fedora packagekitd[1562]: Failed to get cache filename for libstdc++
Apr 01 16:34:07 fedora packagekitd[1562]: Failed to get cache filename for libwayland-client
Apr 01 16:34:07 fedora packagekitd[1562]: Failed to get cache filename for qt6-qtbase
Apr 01 16:34:07 fedora packagekitd[1562]: Failed to get cache filename for qt6-qtbase-gui
Apr 01 16:34:07 fedora packagekitd[1562]: Failed to get cache filename for qt6-qtdeclarative
Apr 01 16:34:07 fedora packagekitd[1562]: Failed to get cache filename for glibc
Apr 01 16:34:07 fedora packagekitd[1562]: Failed to get cache filename for glibc
Apr 01 16:34:07 fedora packagekitd[1562]: Failed to get cache filename for kf6-filesystem
Apr 01 16:34:07 fedora packagekitd[1562]: Failed to get cache filename for libX11
Apr 01 16:34:07 fedora packagekitd[1562]: Failed to get cache filename for libXfixes
Apr 01 16:34:07 fedora packagekitd[1562]: Failed to get cache filename for libstdc++
Apr 01 16:34:07 fedora packagekitd[1562]: Failed to get cache filename for libwayland-client
Apr 01 16:34:07 fedora packagekitd[1562]: Failed to get cache filename for libxcb
Apr 01 16:34:07 fedora packagekitd[1562]: Failed to get cache filename for qt6-qtbase
Apr 01 16:34:07 fedora packagekitd[1562]: Failed to get cache filename for qt6-qtbase-gui
Apr 01 16:34:07 fedora packagekitd[1562]: Failed to get cache filename for qt6-qtdeclarative
Apr 01 16:34:07 fedora packagekitd[1562]: Failed to get cache filename for qt6-qtwayland
Apr 01 16:34:07 fedora packagekitd[1562]: Failed to get cache filename for xcb-util-keysyms
Apr 01 16:34:07 fedora packagekitd[1562]: Failed to get cache filename for libadwaita
Apr 01 16:34:07 fedora packagekitd[1562]: Failed to get cache filename for appstream
Apr 01 16:34:07 fedora packagekitd[1562]: Failed to get cache filename for glib2
Apr 01 16:34:07 fedora packagekitd[1562]: Failed to get cache filename for glibc
Apr 01 16:34:07 fedora packagekitd[1562]: Failed to get cache filename for glibc
Apr 01 16:34:07 fedora packagekitd[1562]: Failed to get cache filename for gtk4
Apr 01 16:34:07 fedora packagekitd[1562]: Failed to get cache filename for pango
Apr 01 16:34:07 fedora packagekitd[1562]: Failed to get cache filename for appstream
Apr 01 16:34:07 fedora packagekitd[1562]: Failed to get cache filename for fribidi
Apr 01 16:34:07 fedora packagekitd[1562]: Failed to get cache filename for glib2
Apr 01 16:34:07 fedora packagekitd[1562]: Failed to get cache filename for glibc
Apr 01 16:34:07 fedora packagekitd[1562]: Failed to get cache filename for glibc
Apr 01 16:34:07 fedora packagekitd[1562]: Failed to get cache filename for graphene
Apr 01 16:34:07 fedora packagekitd[1562]: Failed to get cache filename for gtk4
Apr 01 16:34:07 fedora packagekitd[1562]: Failed to get cache filename for pango
Apr 01 16:34:07 fedora packagekitd[1562]: Failed to get cache filename for libcap-ng
Apr 01 16:34:07 fedora packagekitd[1562]: Failed to get cache filename for glibc
Apr 01 16:34:07 fedora packagekitd[1562]: Failed to get cache filename for glibc
Apr 01 16:34:07 fedora packagekitd[1562]: Failed to get cache filename for glibc
Apr 01 16:34:07 fedora packagekitd[1562]: Failed to get cache filename for glibc
Apr 01 16:34:07 fedora packagekitd[1562]: Failed to get cache filename for libcap-ng
Apr 01 16:34:07 fedora packagekitd[1562]: Failed to get cache filename for glibc
Apr 01 16:34:07 fedora packagekitd[1562]: Failed to get cache filename for glibc
Apr 01 16:34:07 fedora packagekitd[1562]: Failed to get cache filename for glibc
Apr 01 16:34:07 fedora packagekitd[1562]: Failed to get cache filename for glibc
Apr 01 16:34:07 fedora packagekitd[1562]: Failed to get cache filename for libcap-ng-python3
Apr 01 16:34:07 fedora packagekitd[1562]: Failed to get cache filename for glibc
Apr 01 16:34:07 fedora packagekitd[1562]: Failed to get cache filename for glibc
Apr 01 16:34:07 fedora packagekitd[1562]: Failed to get cache filename for libcap-ng
Apr 01 16:34:07 fedora packagekitd[1562]: Failed to get cache filename for python3
Apr 01 16:34:07 fedora packagekitd[1562]: Failed to get cache filename for python3
Apr 01 16:34:07 fedora packagekitd[1562]: Failed to get cache filename for glibc
Apr 01 16:34:07 fedora packagekitd[1562]: Failed to get cache filename for glibc
Apr 01 16:34:07 fedora packagekitd[1562]: Failed to get cache filename for libcap-ng
Apr 01 16:34:07 fedora packagekitd[1562]: Failed to get cache filename for python3
Apr 01 16:34:07 fedora packagekitd[1562]: Failed to get cache filename for python3
Apr 01 16:34:07 fedora packagekitd[1562]: Failed to get cache filename for libdav1d
Apr 01 16:34:07 fedora packagekitd[1562]: Failed to get cache filename for glibc
Apr 01 16:34:07 fedora packagekitd[1562]: Failed to get cache filename for glibc
Apr 01 16:34:07 fedora packagekitd[1562]: Failed to get cache filename for glibc
Apr 01 16:34:07 fedora packagekitd[1562]: Failed to get cache filename for glibc
Apr 01 16:34:07 fedora packagekitd[1562]: Failed to get cache filename for libdav1d
Apr 01 16:34:07 fedora packagekitd[1562]: Failed to get cache filename for glibc
Apr 01 16:34:07 fedora packagekitd[1562]: Failed to get cache filename for glibc
Apr 01 16:34:07 fedora packagekitd[1562]: Failed to get cache filename for glibc
Apr 01 16:34:07 fedora packagekitd[1562]: Failed to get cache filename for glibc
Apr 01 16:34:07 fedora packagekitd[1562]: Failed to get cache filename for libdnf5
Apr 01 16:34:07 fedora packagekitd[1562]: Failed to get cache filename for glib2
Apr 01 16:34:07 fedora packagekitd[1562]: Failed to get cache filename for glibc
Apr 01 16:34:07 fedora packagekitd[1562]: Failed to get cache filename for glibc
Apr 01 16:34:07 fedora packagekitd[1562]: Failed to get cache filename for libgcc
Apr 01 16:34:07 fedora packagekitd[1562]: Failed to get cache filename for libmodulemd
Apr 01 16:34:07 fedora packagekitd[1562]: Failed to get cache filename for librepo
Apr 01 16:34:07 fedora packagekitd[1562]: Failed to get cache filename for libsolv
Apr 01 16:34:07 fedora packagekitd[1562]: Failed to get cache filename for libstdc++
Apr 01 16:34:07 fedora packagekitd[1562]: Failed to get cache filename for sqlite-libs
Apr 01 16:34:07 fedora packagekitd[1562]: Failed to get cache filename for fmt
Apr 01 16:34:07 fedora packagekitd[1562]: Failed to get cache filename for glib2
Apr 01 16:34:07 fedora packagekitd[1562]: Failed to get cache filename for glibc
Apr 01 16:34:07 fedora packagekitd[1562]: Failed to get cache filename for glibc
Apr 01 16:34:07 fedora packagekitd[1562]: Failed to get cache filename for json-c
Apr 01 16:34:07 fedora packagekitd[1562]: Failed to get cache filename for libgcc
Apr 01 16:34:07 fedora packagekitd[1562]: Failed to get cache filename for libmodulemd
Apr 01 16:34:07 fedora packagekitd[1562]: Failed to get cache filename for librepo
Apr 01 16:34:07 fedora packagekitd[1562]: Failed to get cache filename for libsolv
Apr 01 16:34:07 fedora packagekitd[1562]: Failed to get cache filename for libstdc++
Apr 01 16:34:07 fedora packagekitd[1562]: Failed to get cache filename for libxml2
Apr 01 16:34:07 fedora packagekitd[1562]: Failed to get cache filename for rpm-libs
Apr 01 16:34:07 fedora packagekitd[1562]: Failed to get cache filename for sqlite-libs
Apr 01 16:34:07 fedora packagekitd[1562]: Failed to get cache filename for libdnf5-cli
Apr 01 16:34:07 fedora packagekitd[1562]: Failed to get cache filename for glibc
Apr 01 16:34:07 fedora packagekitd[1562]: Failed to get cache filename for glibc
Apr 01 16:34:07 fedora packagekitd[1562]: Failed to get cache filename for libdnf5
Apr 01 16:34:07 fedora packagekitd[1562]: Failed to get cache filename for libgcc
Apr 01 16:34:07 fedora packagekitd[1562]: Failed to get cache filename for libsmartcols
Apr 01 16:34:07 fedora packagekitd[1562]: Failed to get cache filename for libstdc++
Apr 01 16:34:07 fedora packagekitd[1562]: Failed to get cache filename for fmt
Apr 01 16:34:07 fedora packagekitd[1562]: Failed to get cache filename for glibc
Apr 01 16:34:07 fedora packagekitd[1562]: Failed to get cache filename for glibc
Apr 01 16:34:07 fedora packagekitd[1562]: Failed to get cache filename for json-c
Apr 01 16:34:07 fedora packagekitd[1562]: Failed to get cache filename for libdnf5
Apr 01 16:34:07 fedora packagekitd[1562]: Failed to get cache filename for libgcc
Apr 01 16:34:07 fedora packagekitd[1562]: Failed to get cache filename for libsmartcols
Apr 01 16:34:07 fedora packagekitd[1562]: Failed to get cache filename for libstdc++
Apr 01 16:34:07 fedora packagekitd[1562]: Failed to get cache filename for libdnf5-plugin-expired-pgp-keys
Apr 01 16:34:07 fedora packagekitd[1562]: Failed to get cache filename for glibc
Apr 01 16:34:07 fedora packagekitd[1562]: Failed to get cache filename for glibc
Apr 01 16:34:07 fedora packagekitd[1562]: Failed to get cache filename for gnupg2
Apr 01 16:34:07 fedora packagekitd[1562]: Failed to get cache filename for libdnf5
Apr 01 16:34:07 fedora packagekitd[1562]: Failed to get cache filename for libgcc
Apr 01 16:34:07 fedora packagekitd[1562]: Failed to get cache filename for libstdc++
Apr 01 16:34:07 fedora packagekitd[1562]: Failed to get cache filename for fmt
Apr 01 16:34:07 fedora packagekitd[1562]: Failed to get cache filename for glibc
Apr 01 16:34:07 fedora packagekitd[1562]: Failed to get cache filename for glibc
Apr 01 16:34:07 fedora packagekitd[1562]: Failed to get cache filename for gnupg2
Apr 01 16:34:07 fedora packagekitd[1562]: Failed to get cache filename for libdnf5
Apr 01 16:34:07 fedora packagekitd[1562]: Failed to get cache filename for libgcc
Apr 01 16:34:07 fedora packagekitd[1562]: Failed to get cache filename for libstdc++
Apr 01 16:34:07 fedora packagekitd[1562]: Failed to get cache filename for rpm-libs
Apr 01 16:34:07 fedora packagekitd[1562]: Failed to get cache filename for libertas-firmware
Apr 01 16:34:07 fedora packagekitd[1562]: Failed to get cache filename for linux-firmware-whence
Apr 01 16:34:07 fedora packagekitd[1562]: Failed to get cache filename for libjpeg-turbo
Apr 01 16:34:07 fedora packagekitd[1562]: Failed to get cache filename for glibc
Apr 01 16:34:07 fedora packagekitd[1562]: Failed to get cache filename for glibc
Apr 01 16:34:07 fedora packagekitd[1562]: Failed to get cache filename for glibc
Apr 01 16:34:07 fedora packagekitd[1562]: Failed to get cache filename for glibc
Apr 01 16:34:07 fedora packagekitd[1562]: Failed to get cache filename for libjpeg-turbo
Apr 01 16:34:07 fedora packagekitd[1562]: Failed to get cache filename for glibc
Apr 01 16:34:07 fedora packagekitd[1562]: Failed to get cache filename for glibc
Apr 01 16:34:07 fedora packagekitd[1562]: Failed to get cache filename for glibc
Apr 01 16:34:07 fedora packagekitd[1562]: Failed to get cache filename for glibc
Apr 01 16:34:07 fedora packagekitd[1562]: Failed to get cache filename for libmaxminddb
Apr 01 16:34:07 fedora packagekitd[1562]: Failed to get cache filename for glibc
Apr 01 16:34:07 fedora packagekitd[1562]: Failed to get cache filename for glibc
Apr 01 16:34:07 fedora packagekitd[1562]: Failed to get cache filename for glibc
Apr 01 16:34:07 fedora packagekitd[1562]: Failed to get cache filename for glibc
Apr 01 16:34:07 fedora packagekitd[1562]: Failed to get cache filename for libnfsidmap
Apr 01 16:34:07 fedora packagekitd[1562]: Failed to get cache filename for glibc
Apr 01 16:34:07 fedora packagekitd[1562]: Failed to get cache filename for glibc
Apr 01 16:34:07 fedora packagekitd[1562]: Failed to get cache filename for krb5-libs
Apr 01 16:34:07 fedora packagekitd[1562]: Failed to get cache filename for openldap
Apr 01 16:34:07 fedora packagekitd[1562]: Failed to get cache filename for openldap
Apr 01 16:34:07 fedora packagekitd[1562]: Failed to get cache filename for glibc
Apr 01 16:34:07 fedora packagekitd[1562]: Failed to get cache filename for glibc
Apr 01 16:34:07 fedora packagekitd[1562]: Failed to get cache filename for krb5-libs
Apr 01 16:34:07 fedora packagekitd[1562]: Failed to get cache filename for openldap
Apr 01 16:34:07 fedora packagekitd[1562]: Failed to get cache filename for openldap
Apr 01 16:34:07 fedora packagekitd[1562]: Failed to get cache filename for libpanel
Apr 01 16:34:07 fedora packagekitd[1562]: Failed to get cache filename for glib2
Apr 01 16:34:07 fedora packagekitd[1562]: Failed to get cache filename for glibc
Apr 01 16:34:07 fedora packagekitd[1562]: Failed to get cache filename for glibc
Apr 01 16:34:07 fedora packagekitd[1562]: Failed to get cache filename for gtk4
Apr 01 16:34:07 fedora packagekitd[1562]: Failed to get cache filename for libadwaita
Apr 01 16:34:07 fedora packagekitd[1562]: Failed to get cache filename for cairo
Apr 01 16:34:07 fedora packagekitd[1562]: Failed to get cache filename for glib2
Apr 01 16:34:07 fedora packagekitd[1562]: Failed to get cache filename for glibc
Apr 01 16:34:07 fedora packagekitd[1562]: Failed to get cache filename for glibc
Apr 01 16:34:07 fedora packagekitd[1562]: Failed to get cache filename for graphene
Apr 01 16:34:07 fedora packagekitd[1562]: Failed to get cache filename for gtk4
Apr 01 16:34:07 fedora packagekitd[1562]: Failed to get cache filename for hicolor-icon-theme
Apr 01 16:34:07 fedora packagekitd[1562]: Failed to get cache filename for libadwaita
Apr 01 16:34:07 fedora packagekitd[1562]: Failed to get cache filename for libplacebo
Apr 01 16:34:07 fedora packagekitd[1562]: Failed to get cache filename for glibc
Apr 01 16:34:07 fedora packagekitd[1562]: Failed to get cache filename for glibc
Apr 01 16:34:07 fedora packagekitd[1562]: Failed to get cache filename for libgcc
Apr 01 16:34:07 fedora packagekitd[1562]: Failed to get cache filename for libshaderc
Apr 01 16:34:07 fedora packagekitd[1562]: Failed to get cache filename for libstdc++
Apr 01 16:34:07 fedora packagekitd[1562]: Failed to get cache filename for vulkan-loader
Apr 01 16:34:07 fedora packagekitd[1562]: Failed to get cache filename for glibc
Apr 01 16:34:07 fedora packagekitd[1562]: Failed to get cache filename for glibc
Apr 01 16:34:07 fedora packagekitd[1562]: Failed to get cache filename for lcms2
Apr 01 16:34:07 fedora packagekitd[1562]: Failed to get cache filename for libdovi
Apr 01 16:34:07 fedora packagekitd[1562]: Failed to get cache filename for libgcc
Apr 01 16:34:07 fedora packagekitd[1562]: Failed to get cache filename for libshaderc
Apr 01 16:34:07 fedora packagekitd[1562]: Failed to get cache filename for libstdc++
Apr 01 16:34:07 fedora packagekitd[1562]: Failed to get cache filename for libunwind
Apr 01 16:34:07 fedora packagekitd[1562]: Failed to get cache filename for vulkan-loader
Apr 01 16:34:07 fedora packagekitd[1562]: Failed to get cache filename for libsolv
Apr 01 16:34:07 fedora packagekitd[1562]: Failed to get cache filename for glibc
Apr 01 16:34:07 fedora packagekitd[1562]: Failed to get cache filename for glibc
Apr 01 16:34:07 fedora packagekitd[1562]: Failed to get cache filename for xz-libs
Apr 01 16:34:07 fedora packagekitd[1562]: Failed to get cache filename for zlib-ng-compat
Apr 01 16:34:07 fedora packagekitd[1562]: Failed to get cache filename for bzip2-libs
Apr 01 16:34:07 fedora packagekitd[1562]: Failed to get cache filename for glibc
Apr 01 16:34:07 fedora packagekitd[1562]: Failed to get cache filename for glibc
Apr 01 16:34:07 fedora packagekitd[1562]: Failed to get cache filename for libxml2
Apr 01 16:34:07 fedora packagekitd[1562]: Failed to get cache filename for libzstd
Apr 01 16:34:07 fedora packagekitd[1562]: Failed to get cache filename for rpm-libs
Apr 01 16:34:07 fedora packagekitd[1562]: Failed to get cache filename for xz-libs
Apr 01 16:34:07 fedora packagekitd[1562]: Failed to get cache filename for zchunk-libs
Apr 01 16:34:07 fedora packagekitd[1562]: Failed to get cache filename for zlib-ng-compat
Apr 01 16:34:07 fedora packagekitd[1562]: Failed to get cache filename for libwinpr
Apr 01 16:34:07 fedora packagekitd[1562]: Failed to get cache filename for glibc
Apr 01 16:34:07 fedora packagekitd[1562]: Failed to get cache filename for glibc
Apr 01 16:34:07 fedora packagekitd[1562]: Failed to get cache filename for krb5-libs
Apr 01 16:34:07 fedora packagekitd[1562]: Failed to get cache filename for libgcc
Apr 01 16:34:07 fedora packagekitd[1562]: Failed to get cache filename for libjpeg-turbo
Apr 01 16:34:07 fedora packagekitd[1562]: Failed to get cache filename for libpng
Apr 01 16:34:07 fedora packagekitd[1562]: Failed to get cache filename for openssl-libs
Apr 01 16:34:07 fedora packagekitd[1562]: Failed to get cache filename for uriparser
Apr 01 16:34:07 fedora packagekitd[1562]: Failed to get cache filename for glibc
Apr 01 16:34:07 fedora packagekitd[1562]: Failed to get cache filename for glibc
Apr 01 16:34:07 fedora packagekitd[1562]: Failed to get cache filename for json-c
Apr 01 16:34:07 fedora packagekitd[1562]: Failed to get cache filename for krb5-libs
Apr 01 16:34:07 fedora packagekitd[1562]: Failed to get cache filename for libcom_err
Apr 01 16:34:07 fedora packagekitd[1562]: Failed to get cache filename for libgcc
Apr 01 16:34:07 fedora packagekitd[1562]: Failed to get cache filename for libicu
Apr 01 16:34:07 fedora packagekitd[1562]: Failed to get cache filename for libjpeg-turbo
Apr 01 16:34:07 fedora packagekitd[1562]: Failed to get cache filename for libpng
Apr 01 16:34:07 fedora packagekitd[1562]: Failed to get cache filename for libwebp
Apr 01 16:34:07 fedora packagekitd[1562]: Failed to get cache filename for openssl-libs
Apr 01 16:34:07 fedora packagekitd[1562]: Failed to get cache filename for uriparser
Apr 01 16:34:07 fedora packagekitd[1562]: Failed to get cache filename for lilv-libs
Apr 01 16:34:07 fedora packagekitd[1562]: Failed to get cache filename for glibc
Apr 01 16:34:07 fedora packagekitd[1562]: Failed to get cache filename for glibc
Apr 01 16:34:07 fedora packagekitd[1562]: Failed to get cache filename for serd
Apr 01 16:34:07 fedora packagekitd[1562]: Failed to get cache filename for sord
Apr 01 16:34:07 fedora packagekitd[1562]: Failed to get cache filename for sratom
Apr 01 16:34:07 fedora packagekitd[1562]: Failed to get cache filename for zix
Apr 01 16:34:07 fedora packagekitd[1562]: Failed to get cache filename for glibc
Apr 01 16:34:07 fedora packagekitd[1562]: Failed to get cache filename for glibc
Apr 01 16:34:07 fedora packagekitd[1562]: Failed to get cache filename for serd
Apr 01 16:34:07 fedora packagekitd[1562]: Failed to get cache filename for sord
Apr 01 16:34:07 fedora packagekitd[1562]: Failed to get cache filename for sratom
Apr 01 16:34:07 fedora packagekitd[1562]: Failed to get cache filename for zix
Apr 01 16:34:07 fedora packagekitd[1562]: Failed to get cache filename for linux-firmware
Apr 01 16:34:07 fedora packagekitd[1562]: Failed to get cache filename for linux-firmware
Apr 01 16:34:07 fedora packagekitd[1562]: Failed to get cache filename for linux-firmware-whence
Apr 01 16:34:07 fedora packagekitd[1562]: Failed to get cache filename for linux-firmware-whence
Apr 01 16:34:07 fedora packagekitd[1562]: Failed to get cache filename for mingw32-zlib
Apr 01 16:34:07 fedora packagekitd[1562]: Failed to get cache filename for mingw32-filesystem
Apr 01 16:34:07 fedora packagekitd[1562]: Failed to get cache filename for mingw32-crt
Apr 01 16:34:07 fedora packagekitd[1562]: Failed to get cache filename for mingw32-filesystem
Apr 01 16:34:07 fedora packagekitd[1562]: Failed to get cache filename for mingw32-libgcc
Apr 01 16:34:07 fedora packagekitd[1562]: Failed to get cache filename for mingw64-zlib
Apr 01 16:34:07 fedora packagekitd[1562]: Failed to get cache filename for mingw64-filesystem
Apr 01 16:34:07 fedora packagekitd[1562]: Failed to get cache filename for mingw64-crt
Apr 01 16:34:07 fedora packagekitd[1562]: Failed to get cache filename for mingw64-filesystem
Apr 01 16:34:07 fedora packagekitd[1562]: Failed to get cache filename for mkpasswd
Apr 01 16:34:07 fedora packagekitd[1562]: Failed to get cache filename for glibc
Apr 01 16:34:07 fedora packagekitd[1562]: Failed to get cache filename for glibc
Apr 01 16:34:07 fedora packagekitd[1562]: Failed to get cache filename for libxcrypt
Apr 01 16:34:07 fedora packagekitd[1562]: Failed to get cache filename for whois-nls
Apr 01 16:34:07 fedora packagekitd[1562]: Failed to get cache filename for glibc
Apr 01 16:34:07 fedora packagekitd[1562]: Failed to get cache filename for glibc
Apr 01 16:34:07 fedora packagekitd[1562]: Failed to get cache filename for libxcrypt
Apr 01 16:34:07 fedora packagekitd[1562]: Failed to get cache filename for mt7xxx-firmware
Apr 01 16:34:07 fedora packagekitd[1562]: Failed to get cache filename for linux-firmware-whence
Apr 01 16:34:07 fedora packagekitd[1562]: Failed to get cache filename for ndctl
Apr 01 16:34:07 fedora packagekitd[1562]: Failed to get cache filename for cxl-libs
Apr 01 16:34:07 fedora packagekitd[1562]: Failed to get cache filename for daxctl-libs
Apr 01 16:34:07 fedora packagekitd[1562]: Failed to get cache filename for glibc
Apr 01 16:34:07 fedora packagekitd[1562]: Failed to get cache filename for glibc
Apr 01 16:34:07 fedora packagekitd[1562]: Failed to get cache filename for iniparser
Apr 01 16:34:07 fedora packagekitd[1562]: Failed to get cache filename for libuuid
Apr 01 16:34:07 fedora packagekitd[1562]: Failed to get cache filename for ndctl-libs
Apr 01 16:34:07 fedora packagekitd[1562]: Failed to get cache filename for bash
Apr 01 16:34:07 fedora packagekitd[1562]: Failed to get cache filename for daxctl-libs
Apr 01 16:34:07 fedora packagekitd[1562]: Failed to get cache filename for glibc
Apr 01 16:34:07 fedora packagekitd[1562]: Failed to get cache filename for glibc
Apr 01 16:34:07 fedora packagekitd[1562]: Failed to get cache filename for iniparser
Apr 01 16:34:07 fedora packagekitd[1562]: Failed to get cache filename for json-c
Apr 01 16:34:07 fedora packagekitd[1562]: Failed to get cache filename for keyutils-libs
Apr 01 16:34:07 fedora packagekitd[1562]: Failed to get cache filename for libuuid
Apr 01 16:34:07 fedora packagekitd[1562]: Failed to get cache filename for ndctl-libs
Apr 01 16:34:07 fedora packagekitd[1562]: Failed to get cache filename for ndctl-libs
Apr 01 16:34:07 fedora packagekitd[1562]: Failed to get cache filename for daxctl-libs
Apr 01 16:34:07 fedora packagekitd[1562]: Failed to get cache filename for glibc
Apr 01 16:34:07 fedora packagekitd[1562]: Failed to get cache filename for glibc
Apr 01 16:34:07 fedora packagekitd[1562]: Failed to get cache filename for libuuid
Apr 01 16:34:07 fedora packagekitd[1562]: Failed to get cache filename for systemd-libs
Apr 01 16:34:07 fedora packagekitd[1562]: Failed to get cache filename for daxctl-libs
Apr 01 16:34:07 fedora packagekitd[1562]: Failed to get cache filename for glibc
Apr 01 16:34:07 fedora packagekitd[1562]: Failed to get cache filename for glibc
Apr 01 16:34:07 fedora packagekitd[1562]: Failed to get cache filename for kmod-libs
Apr 01 16:34:07 fedora packagekitd[1562]: Failed to get cache filename for libuuid
Apr 01 16:34:07 fedora packagekitd[1562]: Failed to get cache filename for systemd-libs
Apr 01 16:34:07 fedora packagekitd[1562]: Failed to get cache filename for nfs-utils
Apr 01 16:34:07 fedora packagekitd[1562]: Failed to get cache filename for coreutils
Apr 01 16:34:07 fedora packagekitd[1562]: Failed to get cache filename for coreutils-single
Apr 01 16:34:07 fedora packagekitd[1562]: Failed to get cache filename for device-mapper-libs
Apr 01 16:34:07 fedora packagekitd[1562]: Failed to get cache filename for filesystem
Apr 01 16:34:07 fedora packagekitd[1562]: Failed to get cache filename for glibc
Apr 01 16:34:07 fedora packagekitd[1562]: Failed to get cache filename for glibc
Apr 01 16:34:07 fedora packagekitd[1562]: Failed to get cache filename for krb5-libs
Apr 01 16:34:07 fedora packagekitd[1562]: Failed to get cache filename for libblkid
Apr 01 16:34:07 fedora packagekitd[1562]: Failed to get cache filename for libblkid
Apr 01 16:34:07 fedora packagekitd[1562]: Failed to get cache filename for libgcc
Apr 01 16:34:07 fedora packagekitd[1562]: Failed to get cache filename for libmount
Apr 01 16:34:07 fedora packagekitd[1562]: Failed to get cache filename for libmount
Apr 01 16:34:07 fedora packagekitd[1562]: Failed to get cache filename for libnfsidmap
Apr 01 16:34:07 fedora packagekitd[1562]: Failed to get cache filename for libnfsidmap
Apr 01 16:34:07 fedora packagekitd[1562]: Failed to get cache filename for libtirpc
Apr 01 16:34:07 fedora packagekitd[1562]: Failed to get cache filename for libtirpc
Apr 01 16:34:07 fedora packagekitd[1562]: Failed to get cache filename for libuuid
Apr 01 16:34:07 fedora packagekitd[1562]: Failed to get cache filename for python3
Apr 01 16:34:07 fedora packagekitd[1562]: Failed to get cache filename for python3
Apr 01 16:34:07 fedora packagekitd[1562]: Failed to get cache filename for rpcbind
Apr 01 16:34:07 fedora packagekitd[1562]: Failed to get cache filename for sqlite-libs
Apr 01 16:34:07 fedora packagekitd[1562]: Failed to get cache filename for systemd
Apr 01 16:34:07 fedora packagekitd[1562]: Failed to get cache filename for systemd
Apr 01 16:34:07 fedora packagekitd[1562]: Failed to get cache filename for util-linux
Apr 01 16:34:07 fedora packagekitd[1562]: Failed to get cache filename for bash
Apr 01 16:34:07 fedora packagekitd[1562]: Failed to get cache filename for coreutils
Apr 01 16:34:07 fedora packagekitd[1562]: Failed to get cache filename for coreutils-single
Apr 01 16:34:07 fedora packagekitd[1562]: Failed to get cache filename for device-mapper-libs
Apr 01 16:34:07 fedora packagekitd[1562]: Failed to get cache filename for filesystem
Apr 01 16:34:07 fedora packagekitd[1562]: Failed to get cache filename for gawk
Apr 01 16:34:07 fedora packagekitd[1562]: Failed to get cache filename for gawk
Apr 01 16:34:07 fedora packagekitd[1562]: Failed to get cache filename for glibc
Apr 01 16:34:07 fedora packagekitd[1562]: Failed to get cache filename for glibc
Apr 01 16:34:07 fedora packagekitd[1562]: Failed to get cache filename for grep
Apr 01 16:34:07 fedora packagekitd[1562]: Failed to get cache filename for gssproxy
Apr 01 16:34:07 fedora packagekitd[1562]: Failed to get cache filename for keyutils
Apr 01 16:34:07 fedora packagekitd[1562]: Failed to get cache filename for keyutils-libs
Apr 01 16:34:07 fedora packagekitd[1562]: Failed to get cache filename for kmod
Apr 01 16:34:07 fedora packagekitd[1562]: Failed to get cache filename for krb5-libs
Apr 01 16:34:07 fedora packagekitd[1562]: Failed to get cache filename for libblkid
Apr 01 16:34:07 fedora packagekitd[1562]: Failed to get cache filename for libblkid
Apr 01 16:34:07 fedora packagekitd[1562]: Failed to get cache filename for libcap
Apr 01 16:34:07 fedora packagekitd[1562]: Failed to get cache filename for libcap
Apr 01 16:34:07 fedora packagekitd[1562]: Failed to get cache filename for libcom_err
Apr 01 16:34:07 fedora packagekitd[1562]: Failed to get cache filename for libevent
Apr 01 16:34:07 fedora packagekitd[1562]: Failed to get cache filename for libevent
Apr 01 16:34:07 fedora packagekitd[1562]: Failed to get cache filename for libgcc
Apr 01 16:34:07 fedora packagekitd[1562]: Failed to get cache filename for libmount
Apr 01 16:34:07 fedora packagekitd[1562]: Failed to get cache filename for libmount
Apr 01 16:34:07 fedora packagekitd[1562]: Failed to get cache filename for libnfsidmap
Apr 01 16:34:07 fedora packagekitd[1562]: Failed to get cache filename for libnfsidmap
Apr 01 16:34:07 fedora packagekitd[1562]: Failed to get cache filename for libnl3
Apr 01 16:34:07 fedora packagekitd[1562]: Failed to get cache filename for libtirpc
Apr 01 16:34:07 fedora packagekitd[1562]: Failed to get cache filename for libtirpc
Apr 01 16:34:07 fedora packagekitd[1562]: Failed to get cache filename for libuuid
Apr 01 16:34:07 fedora packagekitd[1562]: Failed to get cache filename for libxml2
Apr 01 16:34:07 fedora packagekitd[1562]: Failed to get cache filename for python3
Apr 01 16:34:07 fedora packagekitd[1562]: Failed to get cache filename for python3
Apr 01 16:34:07 fedora packagekitd[1562]: Failed to get cache filename for quota
Apr 01 16:34:07 fedora packagekitd[1562]: Failed to get cache filename for readline
Apr 01 16:34:07 fedora packagekitd[1562]: Failed to get cache filename for rpcbind
Apr 01 16:34:07 fedora packagekitd[1562]: Failed to get cache filename for sed
Apr 01 16:34:07 fedora packagekitd[1562]: Failed to get cache filename for shadow-utils
Apr 01 16:34:07 fedora packagekitd[1562]: Failed to get cache filename for sqlite-libs
Apr 01 16:34:07 fedora packagekitd[1562]: Failed to get cache filename for systemd
Apr 01 16:34:07 fedora packagekitd[1562]: Failed to get cache filename for systemd
Apr 01 16:34:07 fedora packagekitd[1562]: Failed to get cache filename for util-linux
Apr 01 16:34:07 fedora packagekitd[1562]: Failed to get cache filename for util-linux
Apr 01 16:34:07 fedora packagekitd[1562]: Failed to get cache filename for nftables
Apr 01 16:34:07 fedora packagekitd[1562]: Failed to get cache filename for filesystem
Apr 01 16:34:07 fedora packagekitd[1562]: Failed to get cache filename for glibc
Apr 01 16:34:07 fedora packagekitd[1562]: Failed to get cache filename for glibc
Apr 01 16:34:07 fedora packagekitd[1562]: Failed to get cache filename for iptables-libs
Apr 01 16:34:07 fedora packagekitd[1562]: Failed to get cache filename for libedit
Apr 01 16:34:07 fedora packagekitd[1562]: Failed to get cache filename for bash
Apr 01 16:34:07 fedora packagekitd[1562]: Failed to get cache filename for filesystem
Apr 01 16:34:07 fedora packagekitd[1562]: Failed to get cache filename for glibc
Apr 01 16:34:07 fedora packagekitd[1562]: Failed to get cache filename for glibc
Apr 01 16:34:07 fedora packagekitd[1562]: Failed to get cache filename for gmp
Apr 01 16:34:07 fedora packagekitd[1562]: Failed to get cache filename for iptables-libs
Apr 01 16:34:07 fedora packagekitd[1562]: Failed to get cache filename for jansson
Apr 01 16:34:07 fedora packagekitd[1562]: Failed to get cache filename for libedit
Apr 01 16:34:07 fedora packagekitd[1562]: Failed to get cache filename for libmnl
Apr 01 16:34:07 fedora packagekitd[1562]: Failed to get cache filename for libnftnl
Apr 01 16:34:07 fedora packagekitd[1562]: Failed to get cache filename for nspr
Apr 01 16:34:07 fedora packagekitd[1562]: Failed to get cache filename for glibc
Apr 01 16:34:07 fedora packagekitd[1562]: Failed to get cache filename for glibc
Apr 01 16:34:07 fedora packagekitd[1562]: Failed to get cache filename for glibc
Apr 01 16:34:07 fedora packagekitd[1562]: Failed to get cache filename for glibc
Apr 01 16:34:07 fedora packagekitd[1562]: Failed to get cache filename for nspr
Apr 01 16:34:07 fedora packagekitd[1562]: Failed to get cache filename for glibc
Apr 01 16:34:07 fedora packagekitd[1562]: Failed to get cache filename for glibc
Apr 01 16:34:07 fedora packagekitd[1562]: Failed to get cache filename for glibc
Apr 01 16:34:07 fedora packagekitd[1562]: Failed to get cache filename for glibc
Apr 01 16:34:07 fedora packagekitd[1562]: Failed to get cache filename for nss
Apr 01 16:34:07 fedora packagekitd[1562]: Failed to get cache filename for crypto-policies
Apr 01 16:34:07 fedora packagekitd[1562]: Failed to get cache filename for glibc
Apr 01 16:34:07 fedora packagekitd[1562]: Failed to get cache filename for glibc
Apr 01 16:34:07 fedora packagekitd[1562]: Failed to get cache filename for nspr
Apr 01 16:34:07 fedora packagekitd[1562]: Failed to get cache filename for nspr
Apr 01 16:34:07 fedora packagekitd[1562]: Failed to get cache filename for nss-softokn
Apr 01 16:34:07 fedora packagekitd[1562]: Failed to get cache filename for nss-sysinit
Apr 01 16:34:07 fedora packagekitd[1562]: Failed to get cache filename for nss-util
Apr 01 16:34:07 fedora packagekitd[1562]: Failed to get cache filename for nss-util
Apr 01 16:34:07 fedora packagekitd[1562]: Failed to get cache filename for p11-kit-trust
Apr 01 16:34:07 fedora packagekitd[1562]: Failed to get cache filename for p11-kit-trust
Apr 01 16:34:07 fedora packagekitd[1562]: Failed to get cache filename for bash
Apr 01 16:34:07 fedora packagekitd[1562]: Failed to get cache filename for crypto-policies
Apr 01 16:34:07 fedora packagekitd[1562]: Failed to get cache filename for glibc
Apr 01 16:34:07 fedora packagekitd[1562]: Failed to get cache filename for glibc
Apr 01 16:34:07 fedora packagekitd[1562]: Failed to get cache filename for nspr
Apr 01 16:34:07 fedora packagekitd[1562]: Failed to get cache filename for nss-sysinit
Apr 01 16:34:07 fedora packagekitd[1562]: Failed to get cache filename for nss-util
Apr 01 16:34:07 fedora packagekitd[1562]: Failed to get cache filename for p11-kit-trust
Apr 01 16:34:07 fedora packagekitd[1562]: Failed to get cache filename for p11-kit-trust
Apr 01 16:34:07 fedora packagekitd[1562]: Failed to get cache filename for nss
Apr 01 16:34:07 fedora packagekitd[1562]: Failed to get cache filename for crypto-policies
Apr 01 16:34:07 fedora packagekitd[1562]: Failed to get cache filename for glibc
Apr 01 16:34:07 fedora packagekitd[1562]: Failed to get cache filename for glibc
Apr 01 16:34:07 fedora packagekitd[1562]: Failed to get cache filename for nspr
Apr 01 16:34:07 fedora packagekitd[1562]: Failed to get cache filename for nspr
Apr 01 16:34:07 fedora packagekitd[1562]: Failed to get cache filename for nss-softokn
Apr 01 16:34:07 fedora packagekitd[1562]: Failed to get cache filename for nss-sysinit
Apr 01 16:34:07 fedora packagekitd[1562]: Failed to get cache filename for nss-util
Apr 01 16:34:07 fedora packagekitd[1562]: Failed to get cache filename for nss-util
Apr 01 16:34:07 fedora packagekitd[1562]: Failed to get cache filename for p11-kit-trust
Apr 01 16:34:07 fedora packagekitd[1562]: Failed to get cache filename for p11-kit-trust
Apr 01 16:34:07 fedora packagekitd[1562]: Failed to get cache filename for bash
Apr 01 16:34:07 fedora packagekitd[1562]: Failed to get cache filename for crypto-policies
Apr 01 16:34:07 fedora packagekitd[1562]: Failed to get cache filename for glibc
Apr 01 16:34:07 fedora packagekitd[1562]: Failed to get cache filename for glibc
Apr 01 16:34:07 fedora packagekitd[1562]: Failed to get cache filename for nspr
Apr 01 16:34:07 fedora packagekitd[1562]: Failed to get cache filename for nss-sysinit
Apr 01 16:34:07 fedora packagekitd[1562]: Failed to get cache filename for nss-util
Apr 01 16:34:07 fedora packagekitd[1562]: Failed to get cache filename for p11-kit-trust
Apr 01 16:34:07 fedora packagekitd[1562]: Failed to get cache filename for p11-kit-trust
Apr 01 16:34:07 fedora packagekitd[1562]: Failed to get cache filename for nss-softokn
Apr 01 16:34:07 fedora packagekitd[1562]: Failed to get cache filename for glibc
Apr 01 16:34:07 fedora packagekitd[1562]: Failed to get cache filename for glibc
Apr 01 16:34:07 fedora packagekitd[1562]: Failed to get cache filename for nspr
Apr 01 16:34:07 fedora packagekitd[1562]: Failed to get cache filename for nspr
Apr 01 16:34:07 fedora packagekitd[1562]: Failed to get cache filename for nss-softokn-freebl
Apr 01 16:34:07 fedora packagekitd[1562]: Failed to get cache filename for nss-util
Apr 01 16:34:07 fedora packagekitd[1562]: Failed to get cache filename for nss-util
Apr 01 16:34:07 fedora packagekitd[1562]: Failed to get cache filename for sqlite-libs
Apr 01 16:34:07 fedora packagekitd[1562]: Failed to get cache filename for glibc
Apr 01 16:34:07 fedora packagekitd[1562]: Failed to get cache filename for glibc
Apr 01 16:34:07 fedora packagekitd[1562]: Failed to get cache filename for nspr
Apr 01 16:34:07 fedora packagekitd[1562]: Failed to get cache filename for nss-util
Apr 01 16:34:07 fedora packagekitd[1562]: Failed to get cache filename for sqlite-libs
Apr 01 16:34:07 fedora packagekitd[1562]: Failed to get cache filename for nss-softokn
Apr 01 16:34:07 fedora packagekitd[1562]: Failed to get cache filename for glibc
Apr 01 16:34:07 fedora packagekitd[1562]: Failed to get cache filename for glibc
Apr 01 16:34:07 fedora packagekitd[1562]: Failed to get cache filename for nspr
Apr 01 16:34:07 fedora packagekitd[1562]: Failed to get cache filename for nspr
Apr 01 16:34:07 fedora packagekitd[1562]: Failed to get cache filename for nss-softokn-freebl
Apr 01 16:34:07 fedora packagekitd[1562]: Failed to get cache filename for nss-util
Apr 01 16:34:07 fedora packagekitd[1562]: Failed to get cache filename for nss-util
Apr 01 16:34:07 fedora packagekitd[1562]: Failed to get cache filename for sqlite-libs
Apr 01 16:34:07 fedora packagekitd[1562]: Failed to get cache filename for glibc
Apr 01 16:34:07 fedora packagekitd[1562]: Failed to get cache filename for glibc
Apr 01 16:34:07 fedora packagekitd[1562]: Failed to get cache filename for nspr
Apr 01 16:34:07 fedora packagekitd[1562]: Failed to get cache filename for nss-util
Apr 01 16:34:07 fedora packagekitd[1562]: Failed to get cache filename for sqlite-libs
Apr 01 16:34:07 fedora packagekitd[1562]: Failed to get cache filename for nss-softokn-freebl
Apr 01 16:34:07 fedora packagekitd[1562]: Failed to get cache filename for glibc
Apr 01 16:34:07 fedora packagekitd[1562]: Failed to get cache filename for glibc
Apr 01 16:34:07 fedora packagekitd[1562]: Failed to get cache filename for nspr
Apr 01 16:34:07 fedora packagekitd[1562]: Failed to get cache filename for nspr
Apr 01 16:34:07 fedora packagekitd[1562]: Failed to get cache filename for nss-util
Apr 01 16:34:07 fedora packagekitd[1562]: Failed to get cache filename for nss-util
Apr 01 16:34:07 fedora packagekitd[1562]: Failed to get cache filename for bash
Apr 01 16:34:07 fedora packagekitd[1562]: Failed to get cache filename for glibc
Apr 01 16:34:07 fedora packagekitd[1562]: Failed to get cache filename for glibc
Apr 01 16:34:07 fedora packagekitd[1562]: Failed to get cache filename for nspr
Apr 01 16:34:07 fedora packagekitd[1562]: Failed to get cache filename for nspr
Apr 01 16:34:07 fedora packagekitd[1562]: Failed to get cache filename for nss-util
Apr 01 16:34:07 fedora packagekitd[1562]: Failed to get cache filename for nss-util
Apr 01 16:34:07 fedora packagekitd[1562]: Failed to get cache filename for nss-softokn-freebl
Apr 01 16:34:07 fedora packagekitd[1562]: Failed to get cache filename for glibc
Apr 01 16:34:07 fedora packagekitd[1562]: Failed to get cache filename for glibc
Apr 01 16:34:07 fedora packagekitd[1562]: Failed to get cache filename for nspr
Apr 01 16:34:07 fedora packagekitd[1562]: Failed to get cache filename for nspr
Apr 01 16:34:07 fedora packagekitd[1562]: Failed to get cache filename for nss-util
Apr 01 16:34:07 fedora packagekitd[1562]: Failed to get cache filename for nss-util
Apr 01 16:34:07 fedora packagekitd[1562]: Failed to get cache filename for bash
Apr 01 16:34:07 fedora packagekitd[1562]: Failed to get cache filename for glibc
Apr 01 16:34:07 fedora packagekitd[1562]: Failed to get cache filename for glibc
Apr 01 16:34:07 fedora packagekitd[1562]: Failed to get cache filename for nspr
Apr 01 16:34:07 fedora packagekitd[1562]: Failed to get cache filename for nspr
Apr 01 16:34:07 fedora packagekitd[1562]: Failed to get cache filename for nss-util
Apr 01 16:34:07 fedora packagekitd[1562]: Failed to get cache filename for nss-util
Apr 01 16:34:07 fedora packagekitd[1562]: Failed to get cache filename for nss-sysinit
Apr 01 16:34:07 fedora packagekitd[1562]: Failed to get cache filename for coreutils
Apr 01 16:34:07 fedora packagekitd[1562]: Failed to get cache filename for coreutils-single
Apr 01 16:34:07 fedora packagekitd[1562]: Failed to get cache filename for glibc
Apr 01 16:34:07 fedora packagekitd[1562]: Failed to get cache filename for glibc
Apr 01 16:34:07 fedora packagekitd[1562]: Failed to get cache filename for nspr
Apr 01 16:34:07 fedora packagekitd[1562]: Failed to get cache filename for nss
Apr 01 16:34:07 fedora packagekitd[1562]: Failed to get cache filename for nss-util
Apr 01 16:34:07 fedora packagekitd[1562]: Failed to get cache filename for bash
Apr 01 16:34:07 fedora packagekitd[1562]: Failed to get cache filename for coreutils
Apr 01 16:34:07 fedora packagekitd[1562]: Failed to get cache filename for coreutils-single
Apr 01 16:34:07 fedora packagekitd[1562]: Failed to get cache filename for glibc
Apr 01 16:34:07 fedora packagekitd[1562]: Failed to get cache filename for glibc
Apr 01 16:34:07 fedora packagekitd[1562]: Failed to get cache filename for nspr
Apr 01 16:34:07 fedora packagekitd[1562]: Failed to get cache filename for nss-util
Apr 01 16:34:07 fedora packagekitd[1562]: Failed to get cache filename for sed
Apr 01 16:34:07 fedora packagekitd[1562]: Failed to get cache filename for nss-util
Apr 01 16:34:07 fedora packagekitd[1562]: Failed to get cache filename for glibc
Apr 01 16:34:07 fedora packagekitd[1562]: Failed to get cache filename for glibc
Apr 01 16:34:07 fedora packagekitd[1562]: Failed to get cache filename for nspr
Apr 01 16:34:07 fedora packagekitd[1562]: Failed to get cache filename for nspr
Apr 01 16:34:07 fedora packagekitd[1562]: Failed to get cache filename for glibc
Apr 01 16:34:07 fedora packagekitd[1562]: Failed to get cache filename for glibc
Apr 01 16:34:07 fedora packagekitd[1562]: Failed to get cache filename for nspr
Apr 01 16:34:07 fedora packagekitd[1562]: Failed to get cache filename for nss-util
Apr 01 16:34:07 fedora packagekitd[1562]: Failed to get cache filename for glibc
Apr 01 16:34:07 fedora packagekitd[1562]: Failed to get cache filename for glibc
Apr 01 16:34:07 fedora packagekitd[1562]: Failed to get cache filename for nspr
Apr 01 16:34:07 fedora packagekitd[1562]: Failed to get cache filename for nspr
Apr 01 16:34:07 fedora packagekitd[1562]: Failed to get cache filename for glibc
Apr 01 16:34:07 fedora packagekitd[1562]: Failed to get cache filename for glibc
Apr 01 16:34:07 fedora packagekitd[1562]: Failed to get cache filename for nspr
Apr 01 16:34:07 fedora packagekitd[1562]: Failed to get cache filename for nvidia-gpu-firmware
Apr 01 16:34:07 fedora packagekitd[1562]: Failed to get cache filename for linux-firmware-whence
Apr 01 16:34:07 fedora packagekitd[1562]: Failed to get cache filename for nxpwireless-firmware
Apr 01 16:34:07 fedora packagekitd[1562]: Failed to get cache filename for linux-firmware-whence
Apr 01 16:34:07 fedora packagekitd[1562]: Failed to get cache filename for openssh
Apr 01 16:34:07 fedora packagekitd[1562]: Failed to get cache filename for audit-libs
Apr 01 16:34:07 fedora packagekitd[1562]: Failed to get cache filename for audit-libs
Apr 01 16:34:07 fedora packagekitd[1562]: Failed to get cache filename for glibc
Apr 01 16:34:07 fedora packagekitd[1562]: Failed to get cache filename for glibc
Apr 01 16:34:07 fedora packagekitd[1562]: Failed to get cache filename for libselinux
Apr 01 16:34:07 fedora packagekitd[1562]: Failed to get cache filename for libselinux
Apr 01 16:34:07 fedora packagekitd[1562]: Failed to get cache filename for openssl-libs
Apr 01 16:34:07 fedora packagekitd[1562]: Failed to get cache filename for util-linux
Apr 01 16:34:07 fedora packagekitd[1562]: Failed to get cache filename for audit-libs
Apr 01 16:34:07 fedora packagekitd[1562]: Failed to get cache filename for audit-libs
Apr 01 16:34:07 fedora packagekitd[1562]: Failed to get cache filename for glibc
Apr 01 16:34:07 fedora packagekitd[1562]: Failed to get cache filename for glibc
Apr 01 16:34:07 fedora packagekitd[1562]: Failed to get cache filename for libselinux
Apr 01 16:34:07 fedora packagekitd[1562]: Failed to get cache filename for libselinux
Apr 01 16:34:07 fedora packagekitd[1562]: Failed to get cache filename for openssl-libs
Apr 01 16:34:07 fedora packagekitd[1562]: Failed to get cache filename for util-linux
Apr 01 16:34:07 fedora packagekitd[1562]: Failed to get cache filename for util-linux
Apr 01 16:34:07 fedora packagekitd[1562]: Failed to get cache filename for openssh-clients
Apr 01 16:34:07 fedora packagekitd[1562]: Failed to get cache filename for crypto-policies
Apr 01 16:34:07 fedora packagekitd[1562]: Failed to get cache filename for glibc
Apr 01 16:34:07 fedora packagekitd[1562]: Failed to get cache filename for glibc
Apr 01 16:34:07 fedora packagekitd[1562]: Failed to get cache filename for krb5-libs
Apr 01 16:34:07 fedora packagekitd[1562]: Failed to get cache filename for libedit
Apr 01 16:34:07 fedora packagekitd[1562]: Failed to get cache filename for libselinux
Apr 01 16:34:07 fedora packagekitd[1562]: Failed to get cache filename for openssh
Apr 01 16:34:07 fedora packagekitd[1562]: Failed to get cache filename for openssl-libs
Apr 01 16:34:07 fedora packagekitd[1562]: Failed to get cache filename for zlib-ng-compat
Apr 01 16:34:07 fedora packagekitd[1562]: Failed to get cache filename for bash
Apr 01 16:34:07 fedora packagekitd[1562]: Failed to get cache filename for crypto-policies
Apr 01 16:34:07 fedora packagekitd[1562]: Failed to get cache filename for glibc
Apr 01 16:34:07 fedora packagekitd[1562]: Failed to get cache filename for glibc
Apr 01 16:34:07 fedora packagekitd[1562]: Failed to get cache filename for krb5-libs
Apr 01 16:34:07 fedora packagekitd[1562]: Failed to get cache filename for libedit
Apr 01 16:34:07 fedora packagekitd[1562]: Failed to get cache filename for libfido2
Apr 01 16:34:07 fedora packagekitd[1562]: Failed to get cache filename for libselinux
Apr 01 16:34:07 fedora packagekitd[1562]: Failed to get cache filename for openssl-libs
Apr 01 16:34:07 fedora packagekitd[1562]: Failed to get cache filename for zlib-ng-compat
Apr 01 16:34:07 fedora packagekitd[1562]: Failed to get cache filename for openssh-server
Apr 01 16:34:07 fedora packagekitd[1562]: Failed to get cache filename for audit-libs
Apr 01 16:34:07 fedora packagekitd[1562]: Failed to get cache filename for crypto-policies
Apr 01 16:34:07 fedora packagekitd[1562]: Failed to get cache filename for filesystem
Apr 01 16:34:07 fedora packagekitd[1562]: Failed to get cache filename for glibc
Apr 01 16:34:07 fedora packagekitd[1562]: Failed to get cache filename for glibc
Apr 01 16:34:07 fedora packagekitd[1562]: Failed to get cache filename for krb5-libs
Apr 01 16:34:07 fedora packagekitd[1562]: Failed to get cache filename for libselinux
Apr 01 16:34:07 fedora packagekitd[1562]: Failed to get cache filename for libxcrypt
Apr 01 16:34:07 fedora packagekitd[1562]: Failed to get cache filename for openssh
Apr 01 16:34:07 fedora packagekitd[1562]: Failed to get cache filename for openssl-libs
Apr 01 16:34:07 fedora packagekitd[1562]: Failed to get cache filename for pam
Apr 01 16:34:07 fedora packagekitd[1562]: Failed to get cache filename for pam
Apr 01 16:34:07 fedora packagekitd[1562]: Failed to get cache filename for pam-libs
Apr 01 16:34:07 fedora packagekitd[1562]: Failed to get cache filename for systemd
Apr 01 16:34:07 fedora packagekitd[1562]: Failed to get cache filename for systemd
Apr 01 16:34:07 fedora packagekitd[1562]: Failed to get cache filename for zlib-ng-compat
Apr 01 16:34:07 fedora packagekitd[1562]: Failed to get cache filename for audit-libs
Apr 01 16:34:07 fedora packagekitd[1562]: Failed to get cache filename for bash
Apr 01 16:34:07 fedora packagekitd[1562]: Failed to get cache filename for crypto-policies
Apr 01 16:34:07 fedora packagekitd[1562]: Failed to get cache filename for filesystem
Apr 01 16:34:07 fedora packagekitd[1562]: Failed to get cache filename for glibc
Apr 01 16:34:07 fedora packagekitd[1562]: Failed to get cache filename for glibc
Apr 01 16:34:07 fedora packagekitd[1562]: Failed to get cache filename for krb5-libs
Apr 01 16:34:07 fedora packagekitd[1562]: Failed to get cache filename for libcom_err
Apr 01 16:34:07 fedora packagekitd[1562]: Failed to get cache filename for libselinux
Apr 01 16:34:07 fedora packagekitd[1562]: Failed to get cache filename for libxcrypt
Apr 01 16:34:07 fedora packagekitd[1562]: Failed to get cache filename for openssl-libs
Apr 01 16:34:07 fedora packagekitd[1562]: Failed to get cache filename for pam
Apr 01 16:34:07 fedora packagekitd[1562]: Failed to get cache filename for pam
Apr 01 16:34:07 fedora packagekitd[1562]: Failed to get cache filename for pam-libs
Apr 01 16:34:07 fedora packagekitd[1562]: Failed to get cache filename for shadow-utils
Apr 01 16:34:07 fedora packagekitd[1562]: Failed to get cache filename for systemd
Apr 01 16:34:07 fedora packagekitd[1562]: Failed to get cache filename for systemd
Apr 01 16:34:07 fedora packagekitd[1562]: Failed to get cache filename for zlib-ng-compat
Apr 01 16:34:07 fedora packagekitd[1562]: Failed to get cache filename for openxr-libs
Apr 01 16:34:07 fedora packagekitd[1562]: Failed to get cache filename for glibc
Apr 01 16:34:07 fedora packagekitd[1562]: Failed to get cache filename for glibc
Apr 01 16:34:07 fedora packagekitd[1562]: Failed to get cache filename for libgcc
Apr 01 16:34:07 fedora packagekitd[1562]: Failed to get cache filename for libstdc++
Apr 01 16:34:07 fedora packagekitd[1562]: Failed to get cache filename for glibc
Apr 01 16:34:07 fedora packagekitd[1562]: Failed to get cache filename for glibc
Apr 01 16:34:07 fedora packagekitd[1562]: Failed to get cache filename for jsoncpp
Apr 01 16:34:07 fedora packagekitd[1562]: Failed to get cache filename for libgcc
Apr 01 16:34:07 fedora packagekitd[1562]: Failed to get cache filename for libstdc++
Apr 01 16:34:07 fedora packagekitd[1562]: Failed to get cache filename for orca
Apr 01 16:34:07 fedora packagekitd[1562]: Failed to get cache filename for libwnck3
Apr 01 16:34:07 fedora packagekitd[1562]: Failed to get cache filename for libwnck3
Apr 01 16:34:07 fedora packagekitd[1562]: Failed to get cache filename for python3
Apr 01 16:34:07 fedora packagekitd[1562]: Failed to get cache filename for python3
Apr 01 16:34:07 fedora packagekitd[1562]: Failed to get cache filename for python3-louis
Apr 01 16:34:07 fedora packagekitd[1562]: Failed to get cache filename for python3-speechd
Apr 01 16:34:07 fedora packagekitd[1562]: Failed to get cache filename for speech-dispatcher
Apr 01 16:34:07 fedora packagekitd[1562]: Failed to get cache filename for libwnck3
Apr 01 16:34:07 fedora packagekitd[1562]: Failed to get cache filename for libwnck3
Apr 01 16:34:07 fedora packagekitd[1562]: Failed to get cache filename for python3
Apr 01 16:34:07 fedora packagekitd[1562]: Failed to get cache filename for python3
Apr 01 16:34:07 fedora packagekitd[1562]: Failed to get cache filename for python3-brlapi
Apr 01 16:34:07 fedora packagekitd[1562]: Failed to get cache filename for python3-louis
Apr 01 16:34:07 fedora packagekitd[1562]: Failed to get cache filename for python3-pyatspi
Apr 01 16:34:07 fedora packagekitd[1562]: Failed to get cache filename for python3-speechd
Apr 01 16:34:07 fedora packagekitd[1562]: Failed to get cache filename for speech-dispatcher
Apr 01 16:34:07 fedora packagekitd[1562]: Failed to get cache filename for perl-Compress-Raw-Zlib
Apr 01 16:34:07 fedora packagekitd[1562]: Failed to get cache filename for glibc
Apr 01 16:34:07 fedora packagekitd[1562]: Failed to get cache filename for glibc
Apr 01 16:34:07 fedora packagekitd[1562]: Failed to get cache filename for perl-libs
Apr 01 16:34:07 fedora packagekitd[1562]: Failed to get cache filename for perl-libs
Apr 01 16:34:07 fedora packagekitd[1562]: Failed to get cache filename for zlib-ng-compat
Apr 01 16:34:07 fedora packagekitd[1562]: Failed to get cache filename for glibc
Apr 01 16:34:07 fedora packagekitd[1562]: Failed to get cache filename for glibc
Apr 01 16:34:07 fedora packagekitd[1562]: Failed to get cache filename for perl-Carp
Apr 01 16:34:07 fedora packagekitd[1562]: Failed to get cache filename for perl-Exporter
Apr 01 16:34:07 fedora packagekitd[1562]: Failed to get cache filename for perl-constant
Apr 01 16:34:07 fedora packagekitd[1562]: Failed to get cache filename for perl-libs
Apr 01 16:34:07 fedora packagekitd[1562]: Failed to get cache filename for perl-libs
Apr 01 16:34:07 fedora packagekitd[1562]: Failed to get cache filename for zlib-ng-compat
Apr 01 16:34:07 fedora packagekitd[1562]: Failed to get cache filename for perl-Crypt-URandom
Apr 01 16:34:07 fedora packagekitd[1562]: Failed to get cache filename for glibc
Apr 01 16:34:07 fedora packagekitd[1562]: Failed to get cache filename for glibc
Apr 01 16:34:07 fedora packagekitd[1562]: Failed to get cache filename for perl-English
Apr 01 16:34:07 fedora packagekitd[1562]: Failed to get cache filename for perl-FileHandle
Apr 01 16:34:07 fedora packagekitd[1562]: Failed to get cache filename for perl-libs
Apr 01 16:34:07 fedora packagekitd[1562]: Failed to get cache filename for perl-libs
Apr 01 16:34:07 fedora packagekitd[1562]: Failed to get cache filename for glibc
Apr 01 16:34:07 fedora packagekitd[1562]: Failed to get cache filename for glibc
Apr 01 16:34:07 fedora packagekitd[1562]: Failed to get cache filename for perl-Carp
Apr 01 16:34:07 fedora packagekitd[1562]: Failed to get cache filename for perl-English
Apr 01 16:34:07 fedora packagekitd[1562]: Failed to get cache filename for perl-Exporter
Apr 01 16:34:07 fedora packagekitd[1562]: Failed to get cache filename for perl-FileHandle
Apr 01 16:34:07 fedora packagekitd[1562]: Failed to get cache filename for perl-constant
Apr 01 16:34:07 fedora packagekitd[1562]: Failed to get cache filename for perl-libs
Apr 01 16:34:07 fedora packagekitd[1562]: Failed to get cache filename for perl-libs
Apr 01 16:34:07 fedora packagekitd[1562]: Failed to get cache filename for perl-DateTime-TimeZone
Apr 01 16:34:07 fedora packagekitd[1562]: Failed to get cache filename for perl-DateTime-TimeZone
Apr 01 16:34:07 fedora packagekitd[1562]: Failed to get cache filename for perl-File-Basename
Apr 01 16:34:07 fedora packagekitd[1562]: Failed to get cache filename for perl-File-Compare
Apr 01 16:34:07 fedora packagekitd[1562]: Failed to get cache filename for perl-File-Find
Apr 01 16:34:07 fedora packagekitd[1562]: Failed to get cache filename for perl-Scalar-List-Utils
Apr 01 16:34:07 fedora packagekitd[1562]: Failed to get cache filename for perl-libs
Apr 01 16:34:07 fedora packagekitd[1562]: Failed to get cache filename for perl-libs
Apr 01 16:34:07 fedora packagekitd[1562]: Failed to get cache filename for perl-Class-Singleton
Apr 01 16:34:07 fedora packagekitd[1562]: Failed to get cache filename for perl-DateTime
Apr 01 16:34:07 fedora packagekitd[1562]: Failed to get cache filename for perl-DateTime-TimeZone
Apr 01 16:34:07 fedora packagekitd[1562]: Failed to get cache filename for perl-DateTime-TimeZone-Tzfile
Apr 01 16:34:07 fedora packagekitd[1562]: Failed to get cache filename for perl-File-Basename
Apr 01 16:34:07 fedora packagekitd[1562]: Failed to get cache filename for perl-File-Compare
Apr 01 16:34:07 fedora packagekitd[1562]: Failed to get cache filename for perl-File-Find
Apr 01 16:34:07 fedora packagekitd[1562]: Failed to get cache filename for perl-Module-Runtime
Apr 01 16:34:07 fedora packagekitd[1562]: Failed to get cache filename for perl-Params-ValidationCompiler
Apr 01 16:34:07 fedora packagekitd[1562]: Failed to get cache filename for perl-PathTools
Apr 01 16:34:07 fedora packagekitd[1562]: Failed to get cache filename for perl-Scalar-List-Utils
Apr 01 16:34:07 fedora packagekitd[1562]: Failed to get cache filename for perl-Specio
Apr 01 16:34:07 fedora packagekitd[1562]: Failed to get cache filename for perl-Try-Tiny
Apr 01 16:34:07 fedora packagekitd[1562]: Failed to get cache filename for perl-constant
Apr 01 16:34:07 fedora packagekitd[1562]: Failed to get cache filename for perl-libs
Apr 01 16:34:07 fedora packagekitd[1562]: Failed to get cache filename for perl-libs
Apr 01 16:34:07 fedora packagekitd[1562]: Failed to get cache filename for perl-namespace-autoclean
Apr 01 16:34:07 fedora packagekitd[1562]: Failed to get cache filename for perl-parent
Apr 01 16:34:07 fedora packagekitd[1562]: Failed to get cache filename for perl-Module-CoreList
Apr 01 16:34:07 fedora packagekitd[1562]: Failed to get cache filename for perl-Module-CoreList
Apr 01 16:34:07 fedora packagekitd[1562]: Failed to get cache filename for perl-Scalar-List-Utils
Apr 01 16:34:07 fedora packagekitd[1562]: Failed to get cache filename for perl-libs
Apr 01 16:34:07 fedora packagekitd[1562]: Failed to get cache filename for perl-libs
Apr 01 16:34:07 fedora packagekitd[1562]: Failed to get cache filename for perl-Module-CoreList
Apr 01 16:34:07 fedora packagekitd[1562]: Failed to get cache filename for perl-Scalar-List-Utils
Apr 01 16:34:07 fedora packagekitd[1562]: Failed to get cache filename for perl-libs
Apr 01 16:34:07 fedora packagekitd[1562]: Failed to get cache filename for perl-libs
Apr 01 16:34:07 fedora packagekitd[1562]: Failed to get cache filename for perl-version
Apr 01 16:34:07 fedora packagekitd[1562]: Failed to get cache filename for pipewire
Apr 01 16:34:07 fedora packagekitd[1562]: Failed to get cache filename for glibc
Apr 01 16:34:07 fedora packagekitd[1562]: Failed to get cache filename for glibc
Apr 01 16:34:07 fedora packagekitd[1562]: Failed to get cache filename for pipewire-libs
Apr 01 16:34:07 fedora packagekitd[1562]: Failed to get cache filename for systemd
Apr 01 16:34:07 fedora packagekitd[1562]: Failed to get cache filename for systemd
Apr 01 16:34:07 fedora packagekitd[1562]: Failed to get cache filename for wireplumber
Apr 01 16:34:07 fedora packagekitd[1562]: Failed to get cache filename for wireplumber
Apr 01 16:34:07 fedora packagekitd[1562]: Failed to get cache filename for bash
Apr 01 16:34:07 fedora packagekitd[1562]: Failed to get cache filename for glibc
Apr 01 16:34:07 fedora packagekitd[1562]: Failed to get cache filename for glibc
Apr 01 16:34:07 fedora packagekitd[1562]: Failed to get cache filename for pipewire-libs
Apr 01 16:34:07 fedora packagekitd[1562]: Failed to get cache filename for pipewire-media-session
Apr 01 16:34:07 fedora packagekitd[1562]: Failed to get cache filename for rtkit
Apr 01 16:34:07 fedora packagekitd[1562]: Failed to get cache filename for systemd
Apr 01 16:34:07 fedora packagekitd[1562]: Failed to get cache filename for systemd
Apr 01 16:34:07 fedora packagekitd[1562]: Failed to get cache filename for wireplumber
Apr 01 16:34:07 fedora packagekitd[1562]: Failed to get cache filename for wireplumber
Apr 01 16:34:07 fedora packagekitd[1562]: Failed to get cache filename for pipewire
Apr 01 16:34:07 fedora packagekitd[1562]: Failed to get cache filename for glibc
Apr 01 16:34:07 fedora packagekitd[1562]: Failed to get cache filename for glibc
Apr 01 16:34:07 fedora packagekitd[1562]: Failed to get cache filename for pipewire-libs
Apr 01 16:34:07 fedora packagekitd[1562]: Failed to get cache filename for systemd
Apr 01 16:34:07 fedora packagekitd[1562]: Failed to get cache filename for systemd
Apr 01 16:34:07 fedora packagekitd[1562]: Failed to get cache filename for wireplumber
Apr 01 16:34:07 fedora packagekitd[1562]: Failed to get cache filename for wireplumber
Apr 01 16:34:07 fedora packagekitd[1562]: Failed to get cache filename for bash
Apr 01 16:34:07 fedora packagekitd[1562]: Failed to get cache filename for glibc
Apr 01 16:34:07 fedora packagekitd[1562]: Failed to get cache filename for glibc
Apr 01 16:34:07 fedora packagekitd[1562]: Failed to get cache filename for pipewire-libs
Apr 01 16:34:07 fedora packagekitd[1562]: Failed to get cache filename for pipewire-media-session
Apr 01 16:34:07 fedora packagekitd[1562]: Failed to get cache filename for rtkit
Apr 01 16:34:07 fedora packagekitd[1562]: Failed to get cache filename for systemd
Apr 01 16:34:07 fedora packagekitd[1562]: Failed to get cache filename for systemd
Apr 01 16:34:07 fedora packagekitd[1562]: Failed to get cache filename for wireplumber
Apr 01 16:34:07 fedora packagekitd[1562]: Failed to get cache filename for wireplumber
Apr 01 16:34:07 fedora packagekitd[1562]: Failed to get cache filename for pipewire-alsa
Apr 01 16:34:07 fedora packagekitd[1562]: Failed to get cache filename for alsa-lib
Apr 01 16:34:07 fedora packagekitd[1562]: Failed to get cache filename for glibc
Apr 01 16:34:07 fedora packagekitd[1562]: Failed to get cache filename for glibc
Apr 01 16:34:07 fedora packagekitd[1562]: Failed to get cache filename for pipewire-libs
Apr 01 16:34:07 fedora packagekitd[1562]: Failed to get cache filename for alsa-lib
Apr 01 16:34:07 fedora packagekitd[1562]: Failed to get cache filename for glibc
Apr 01 16:34:07 fedora packagekitd[1562]: Failed to get cache filename for glibc
Apr 01 16:34:07 fedora packagekitd[1562]: Failed to get cache filename for pipewire-libs
Apr 01 16:34:07 fedora packagekitd[1562]: Failed to get cache filename for pipewire-alsa
Apr 01 16:34:07 fedora packagekitd[1562]: Failed to get cache filename for alsa-lib
Apr 01 16:34:07 fedora packagekitd[1562]: Failed to get cache filename for glibc
Apr 01 16:34:07 fedora packagekitd[1562]: Failed to get cache filename for glibc
Apr 01 16:34:07 fedora packagekitd[1562]: Failed to get cache filename for pipewire-libs
Apr 01 16:34:07 fedora packagekitd[1562]: Failed to get cache filename for alsa-lib
Apr 01 16:34:07 fedora packagekitd[1562]: Failed to get cache filename for glibc
Apr 01 16:34:07 fedora packagekitd[1562]: Failed to get cache filename for glibc
Apr 01 16:34:07 fedora packagekitd[1562]: Failed to get cache filename for pipewire-libs
Apr 01 16:34:07 fedora packagekitd[1562]: Failed to get cache filename for pipewire-gstreamer
Apr 01 16:34:07 fedora packagekitd[1562]: Failed to get cache filename for glib2
Apr 01 16:34:07 fedora packagekitd[1562]: Failed to get cache filename for glibc
Apr 01 16:34:07 fedora packagekitd[1562]: Failed to get cache filename for glibc
Apr 01 16:34:07 fedora packagekitd[1562]: Failed to get cache filename for gstreamer1
Apr 01 16:34:07 fedora packagekitd[1562]: Failed to get cache filename for gstreamer1-plugins-base
Apr 01 16:34:07 fedora packagekitd[1562]: Failed to get cache filename for libgcc
Apr 01 16:34:07 fedora packagekitd[1562]: Failed to get cache filename for pipewire-libs
Apr 01 16:34:07 fedora packagekitd[1562]: Failed to get cache filename for glib2
Apr 01 16:34:07 fedora packagekitd[1562]: Failed to get cache filename for glibc
Apr 01 16:34:07 fedora packagekitd[1562]: Failed to get cache filename for glibc
Apr 01 16:34:07 fedora packagekitd[1562]: Failed to get cache filename for gstreamer1
Apr 01 16:34:07 fedora packagekitd[1562]: Failed to get cache filename for gstreamer1-plugins-base
Apr 01 16:34:07 fedora packagekitd[1562]: Failed to get cache filename for libgcc
Apr 01 16:34:07 fedora packagekitd[1562]: Failed to get cache filename for pipewire-libs
Apr 01 16:34:07 fedora packagekitd[1562]: Failed to get cache filename for pipewire-jack-audio-connection-kit
Apr 01 16:34:07 fedora packagekitd[1562]: Failed to get cache filename for pipewire-jack-audio-connection-kit-libs
Apr 01 16:34:07 fedora packagekitd[1562]: Failed to get cache filename for pipewire-jack-audio-connection-kit-libs
Apr 01 16:34:07 fedora packagekitd[1562]: Failed to get cache filename for glibc
Apr 01 16:34:07 fedora packagekitd[1562]: Failed to get cache filename for glibc
Apr 01 16:34:07 fedora packagekitd[1562]: Failed to get cache filename for pipewire-jack-audio-connection-kit
Apr 01 16:34:07 fedora packagekitd[1562]: Failed to get cache filename for pipewire-libs
Apr 01 16:34:07 fedora packagekitd[1562]: Failed to get cache filename for bash
Apr 01 16:34:07 fedora packagekitd[1562]: Failed to get cache filename for glibc
Apr 01 16:34:07 fedora packagekitd[1562]: Failed to get cache filename for glibc
Apr 01 16:34:07 fedora packagekitd[1562]: Failed to get cache filename for pipewire-libs
Apr 01 16:34:07 fedora packagekitd[1562]: Failed to get cache filename for pipewire-libs
Apr 01 16:34:07 fedora packagekitd[1562]: Failed to get cache filename for alsa-lib
Apr 01 16:34:07 fedora packagekitd[1562]: Failed to get cache filename for bluez-libs
Apr 01 16:34:07 fedora packagekitd[1562]: Failed to get cache filename for glib2
Apr 01 16:34:07 fedora packagekitd[1562]: Failed to get cache filename for glibc
Apr 01 16:34:07 fedora packagekitd[1562]: Failed to get cache filename for glibc
Apr 01 16:34:07 fedora packagekitd[1562]: Failed to get cache filename for libgcc
Apr 01 16:34:07 fedora packagekitd[1562]: Failed to get cache filename for libselinux
Apr 01 16:34:07 fedora packagekitd[1562]: Failed to get cache filename for libstdc++
Apr 01 16:34:07 fedora packagekitd[1562]: Failed to get cache filename for libusb1
Apr 01 16:34:07 fedora packagekitd[1562]: Failed to get cache filename for openssl-libs
Apr 01 16:34:07 fedora packagekitd[1562]: Failed to get cache filename for pulseaudio-libs
Apr 01 16:34:07 fedora packagekitd[1562]: Failed to get cache filename for systemd-libs
Apr 01 16:34:07 fedora packagekitd[1562]: Failed to get cache filename for alsa-lib
Apr 01 16:34:07 fedora packagekitd[1562]: Failed to get cache filename for avahi-libs
Apr 01 16:34:07 fedora packagekitd[1562]: Failed to get cache filename for bluez-libs
Apr 01 16:34:07 fedora packagekitd[1562]: Failed to get cache filename for dbus-libs
Apr 01 16:34:07 fedora packagekitd[1562]: Failed to get cache filename for fdk-aac-free
Apr 01 16:34:07 fedora packagekitd[1562]: Failed to get cache filename for fftw-libs-single
Apr 01 16:34:07 fedora packagekitd[1562]: Failed to get cache filename for glib2
Apr 01 16:34:07 fedora packagekitd[1562]: Failed to get cache filename for glibc
Apr 01 16:34:07 fedora packagekitd[1562]: Failed to get cache filename for glibc
Apr 01 16:34:07 fedora packagekitd[1562]: Failed to get cache filename for libebur128
Apr 01 16:34:07 fedora packagekitd[1562]: Failed to get cache filename for libgcc
Apr 01 16:34:07 fedora packagekitd[1562]: Failed to get cache filename for liblc3
Apr 01 16:34:07 fedora packagekitd[1562]: Failed to get cache filename for libldac
Apr 01 16:34:07 fedora packagekitd[1562]: Failed to get cache filename for libsbc
Apr 01 16:34:07 fedora packagekitd[1562]: Failed to get cache filename for libselinux
Apr 01 16:34:07 fedora packagekitd[1562]: Failed to get cache filename for libsndfile
Apr 01 16:34:07 fedora packagekitd[1562]: Failed to get cache filename for libstdc++
Apr 01 16:34:07 fedora packagekitd[1562]: Failed to get cache filename for libusb1
Apr 01 16:34:07 fedora packagekitd[1562]: Failed to get cache filename for openssl-libs
Apr 01 16:34:07 fedora packagekitd[1562]: Failed to get cache filename for opus
Apr 01 16:34:07 fedora packagekitd[1562]: Failed to get cache filename for pulseaudio-libs
Apr 01 16:34:07 fedora packagekitd[1562]: Failed to get cache filename for systemd-libs
Apr 01 16:34:07 fedora packagekitd[1562]: Failed to get cache filename for webrtc-audio-processing
Apr 01 16:34:07 fedora packagekitd[1562]: Failed to get cache filename for fdk-aac
Apr 01 16:34:07 fedora packagekitd[1562]: Failed to get cache filename for pipewire-libs
Apr 01 16:34:07 fedora packagekitd[1562]: Failed to get cache filename for alsa-lib
Apr 01 16:34:07 fedora packagekitd[1562]: Failed to get cache filename for bluez-libs
Apr 01 16:34:07 fedora packagekitd[1562]: Failed to get cache filename for glib2
Apr 01 16:34:07 fedora packagekitd[1562]: Failed to get cache filename for glibc
Apr 01 16:34:07 fedora packagekitd[1562]: Failed to get cache filename for glibc
Apr 01 16:34:07 fedora packagekitd[1562]: Failed to get cache filename for libgcc
Apr 01 16:34:07 fedora packagekitd[1562]: Failed to get cache filename for libselinux
Apr 01 16:34:07 fedora packagekitd[1562]: Failed to get cache filename for libstdc++
Apr 01 16:34:07 fedora packagekitd[1562]: Failed to get cache filename for libusb1
Apr 01 16:34:07 fedora packagekitd[1562]: Failed to get cache filename for openssl-libs
Apr 01 16:34:07 fedora packagekitd[1562]: Failed to get cache filename for pulseaudio-libs
Apr 01 16:34:07 fedora packagekitd[1562]: Failed to get cache filename for systemd-libs
Apr 01 16:34:07 fedora packagekitd[1562]: Failed to get cache filename for alsa-lib
Apr 01 16:34:07 fedora packagekitd[1562]: Failed to get cache filename for avahi-libs
Apr 01 16:34:07 fedora packagekitd[1562]: Failed to get cache filename for bluez-libs
Apr 01 16:34:07 fedora packagekitd[1562]: Failed to get cache filename for dbus-libs
Apr 01 16:34:07 fedora packagekitd[1562]: Failed to get cache filename for fdk-aac-free
Apr 01 16:34:07 fedora packagekitd[1562]: Failed to get cache filename for fftw-libs-single
Apr 01 16:34:07 fedora packagekitd[1562]: Failed to get cache filename for glib2
Apr 01 16:34:07 fedora packagekitd[1562]: Failed to get cache filename for glibc
Apr 01 16:34:07 fedora packagekitd[1562]: Failed to get cache filename for glibc
Apr 01 16:34:07 fedora packagekitd[1562]: Failed to get cache filename for libebur128
Apr 01 16:34:07 fedora packagekitd[1562]: Failed to get cache filename for libgcc
Apr 01 16:34:07 fedora packagekitd[1562]: Failed to get cache filename for liblc3
Apr 01 16:34:07 fedora packagekitd[1562]: Failed to get cache filename for libldac
Apr 01 16:34:07 fedora packagekitd[1562]: Failed to get cache filename for libsbc
Apr 01 16:34:07 fedora packagekitd[1562]: Failed to get cache filename for libselinux
Apr 01 16:34:07 fedora packagekitd[1562]: Failed to get cache filename for libsndfile
Apr 01 16:34:07 fedora packagekitd[1562]: Failed to get cache filename for libstdc++
Apr 01 16:34:07 fedora packagekitd[1562]: Failed to get cache filename for libusb1
Apr 01 16:34:07 fedora packagekitd[1562]: Failed to get cache filename for openssl-libs
Apr 01 16:34:07 fedora packagekitd[1562]: Failed to get cache filename for opus
Apr 01 16:34:07 fedora packagekitd[1562]: Failed to get cache filename for pulseaudio-libs
Apr 01 16:34:07 fedora packagekitd[1562]: Failed to get cache filename for systemd-libs
Apr 01 16:34:07 fedora packagekitd[1562]: Failed to get cache filename for webrtc-audio-processing
Apr 01 16:34:07 fedora packagekitd[1562]: Failed to get cache filename for fdk-aac
Apr 01 16:34:07 fedora packagekitd[1562]: Failed to get cache filename for pipewire-plugin-libcamera
Apr 01 16:34:07 fedora packagekitd[1562]: Failed to get cache filename for glibc
Apr 01 16:34:07 fedora packagekitd[1562]: Failed to get cache filename for glibc
Apr 01 16:34:07 fedora packagekitd[1562]: Failed to get cache filename for libdrm
Apr 01 16:34:07 fedora packagekitd[1562]: Failed to get cache filename for libdrm
Apr 01 16:34:07 fedora packagekitd[1562]: Failed to get cache filename for libgcc
Apr 01 16:34:07 fedora packagekitd[1562]: Failed to get cache filename for libstdc++
Apr 01 16:34:07 fedora packagekitd[1562]: Failed to get cache filename for pipewire-libs
Apr 01 16:34:07 fedora packagekitd[1562]: Failed to get cache filename for glibc
Apr 01 16:34:07 fedora packagekitd[1562]: Failed to get cache filename for glibc
Apr 01 16:34:07 fedora packagekitd[1562]: Failed to get cache filename for libcamera
Apr 01 16:34:07 fedora packagekitd[1562]: Failed to get cache filename for libcamera
Apr 01 16:34:07 fedora packagekitd[1562]: Failed to get cache filename for libdrm
Apr 01 16:34:07 fedora packagekitd[1562]: Failed to get cache filename for libdrm
Apr 01 16:34:07 fedora packagekitd[1562]: Failed to get cache filename for libgcc
Apr 01 16:34:07 fedora packagekitd[1562]: Failed to get cache filename for libstdc++
Apr 01 16:34:07 fedora packagekitd[1562]: Failed to get cache filename for pipewire-pulseaudio
Apr 01 16:34:07 fedora packagekitd[1562]: Failed to get cache filename for glib2
Apr 01 16:34:07 fedora packagekitd[1562]: Failed to get cache filename for glibc
Apr 01 16:34:07 fedora packagekitd[1562]: Failed to get cache filename for glibc
Apr 01 16:34:07 fedora packagekitd[1562]: Failed to get cache filename for libgcc
Apr 01 16:34:07 fedora packagekitd[1562]: Failed to get cache filename for pipewire-libs
Apr 01 16:34:07 fedora packagekitd[1562]: Failed to get cache filename for systemd-libs
Apr 01 16:34:07 fedora packagekitd[1562]: Failed to get cache filename for avahi-libs
Apr 01 16:34:07 fedora packagekitd[1562]: Failed to get cache filename for bash
Apr 01 16:34:07 fedora packagekitd[1562]: Failed to get cache filename for dbus-libs
Apr 01 16:34:07 fedora packagekitd[1562]: Failed to get cache filename for glib2
Apr 01 16:34:07 fedora packagekitd[1562]: Failed to get cache filename for glibc
Apr 01 16:34:07 fedora packagekitd[1562]: Failed to get cache filename for glibc
Apr 01 16:34:07 fedora packagekitd[1562]: Failed to get cache filename for libgcc
Apr 01 16:34:07 fedora packagekitd[1562]: Failed to get cache filename for pipewire-libs
Apr 01 16:34:07 fedora packagekitd[1562]: Failed to get cache filename for systemd-libs
Apr 01 16:34:07 fedora packagekitd[1562]: Failed to get cache filename for pipewire-utils
Apr 01 16:34:07 fedora packagekitd[1562]: Failed to get cache filename for alsa-lib
Apr 01 16:34:07 fedora packagekitd[1562]: Failed to get cache filename for glibc
Apr 01 16:34:07 fedora packagekitd[1562]: Failed to get cache filename for glibc
Apr 01 16:34:07 fedora packagekitd[1562]: Failed to get cache filename for libgcc
Apr 01 16:34:07 fedora packagekitd[1562]: Failed to get cache filename for pipewire
Apr 01 16:34:07 fedora packagekitd[1562]: Failed to get cache filename for pipewire-libs
Apr 01 16:34:07 fedora packagekitd[1562]: Failed to get cache filename for alsa-lib
Apr 01 16:34:07 fedora packagekitd[1562]: Failed to get cache filename for dbus-libs
Apr 01 16:34:07 fedora packagekitd[1562]: Failed to get cache filename for glibc
Apr 01 16:34:07 fedora packagekitd[1562]: Failed to get cache filename for glibc
Apr 01 16:34:07 fedora packagekitd[1562]: Failed to get cache filename for libgcc
Apr 01 16:34:07 fedora packagekitd[1562]: Failed to get cache filename for libsndfile
Apr 01 16:34:07 fedora packagekitd[1562]: Failed to get cache filename for ncurses-libs
Apr 01 16:34:07 fedora packagekitd[1562]: Failed to get cache filename for pipewire-libs
Apr 01 16:34:07 fedora packagekitd[1562]: Failed to get cache filename for readline
Apr 01 16:34:07 fedora packagekitd[1562]: Failed to get cache filename for podman
Apr 01 16:34:07 fedora packagekitd[1562]: Failed to get cache filename for conmon
Apr 01 16:34:07 fedora packagekitd[1562]: Failed to get cache filename for containers-common-extra
Apr 01 16:34:07 fedora packagekitd[1562]: Failed to get cache filename for glibc
Apr 01 16:34:07 fedora packagekitd[1562]: Failed to get cache filename for glibc
Apr 01 16:34:07 fedora packagekitd[1562]: Failed to get cache filename for gpgme
Apr 01 16:34:07 fedora packagekitd[1562]: Failed to get cache filename for libgcc
Apr 01 16:34:07 fedora packagekitd[1562]: Failed to get cache filename for sqlite-libs
Apr 01 16:34:07 fedora packagekitd[1562]: Failed to get cache filename for catatonit
Apr 01 16:34:07 fedora packagekitd[1562]: Failed to get cache filename for conmon
Apr 01 16:34:07 fedora packagekitd[1562]: Failed to get cache filename for containers-common-extra
Apr 01 16:34:07 fedora packagekitd[1562]: Failed to get cache filename for glibc
Apr 01 16:34:07 fedora packagekitd[1562]: Failed to get cache filename for glibc
Apr 01 16:34:07 fedora packagekitd[1562]: Failed to get cache filename for gpgme
Apr 01 16:34:07 fedora packagekitd[1562]: Failed to get cache filename for libgcc
Apr 01 16:34:07 fedora packagekitd[1562]: Failed to get cache filename for libseccomp
Apr 01 16:34:07 fedora packagekitd[1562]: Failed to get cache filename for shadow-utils-subid
Apr 01 16:34:07 fedora packagekitd[1562]: Failed to get cache filename for sqlite-libs
Apr 01 16:34:07 fedora packagekitd[1562]: Failed to get cache filename for python3-boto3
Apr 01 16:34:07 fedora packagekitd[1562]: Failed to get cache filename for python3
Apr 01 16:34:07 fedora packagekitd[1562]: Failed to get cache filename for python3
Apr 01 16:34:07 fedora packagekitd[1562]: Failed to get cache filename for python3-botocore
Apr 01 16:34:07 fedora packagekitd[1562]: Failed to get cache filename for python3-s3transfer
Apr 01 16:34:07 fedora packagekitd[1562]: Failed to get cache filename for python3
Apr 01 16:34:07 fedora packagekitd[1562]: Failed to get cache filename for python3
Apr 01 16:34:07 fedora packagekitd[1562]: Failed to get cache filename for python3-jmespath
Apr 01 16:34:07 fedora packagekitd[1562]: Failed to get cache filename for python3-botocore
Apr 01 16:34:07 fedora packagekitd[1562]: Failed to get cache filename for python3
Apr 01 16:34:07 fedora packagekitd[1562]: Failed to get cache filename for python3
Apr 01 16:34:07 fedora packagekitd[1562]: Failed to get cache filename for python3
Apr 01 16:34:07 fedora packagekitd[1562]: Failed to get cache filename for python3
Apr 01 16:34:07 fedora packagekitd[1562]: Failed to get cache filename for python3-dateutil
Apr 01 16:34:07 fedora packagekitd[1562]: Failed to get cache filename for python3-jmespath
Apr 01 16:34:07 fedora packagekitd[1562]: Failed to get cache filename for python3-urllib3
Apr 01 16:34:07 fedora packagekitd[1562]: Failed to get cache filename for python3-nftables
Apr 01 16:34:07 fedora packagekitd[1562]: Failed to get cache filename for nftables
Apr 01 16:34:07 fedora packagekitd[1562]: Failed to get cache filename for nftables
Apr 01 16:34:07 fedora packagekitd[1562]: Failed to get cache filename for python3
Apr 01 16:34:07 fedora packagekitd[1562]: Failed to get cache filename for python3
Apr 01 16:34:07 fedora packagekitd[1562]: Failed to get cache filename for python3
Apr 01 16:34:07 fedora packagekitd[1562]: Failed to get cache filename for python3
Apr 01 16:34:07 fedora packagekitd[1562]: Failed to get cache filename for python3-perf
Apr 01 16:34:07 fedora packagekitd[1562]: Failed to get cache filename for elfutils-debuginfod-client
Apr 01 16:34:07 fedora packagekitd[1562]: Failed to get cache filename for elfutils-libelf
Apr 01 16:34:07 fedora packagekitd[1562]: Failed to get cache filename for elfutils-libs
Apr 01 16:34:07 fedora packagekitd[1562]: Failed to get cache filename for glibc
Apr 01 16:34:07 fedora packagekitd[1562]: Failed to get cache filename for glibc
Apr 01 16:34:07 fedora packagekitd[1562]: Failed to get cache filename for libstdc++
Apr 01 16:34:07 fedora packagekitd[1562]: Failed to get cache filename for llvm-libs
Apr 01 16:34:07 fedora packagekitd[1562]: Failed to get cache filename for python3
Apr 01 16:34:07 fedora packagekitd[1562]: Failed to get cache filename for python3
Apr 01 16:34:07 fedora packagekitd[1562]: Failed to get cache filename for python3-libs
Apr 01 16:34:07 fedora packagekitd[1562]: Failed to get cache filename for xz-libs
Apr 01 16:34:07 fedora packagekitd[1562]: Failed to get cache filename for zlib-ng-compat
Apr 01 16:34:07 fedora packagekitd[1562]: Failed to get cache filename for capstone
Apr 01 16:34:07 fedora packagekitd[1562]: Failed to get cache filename for elfutils-debuginfod-client
Apr 01 16:34:07 fedora packagekitd[1562]: Failed to get cache filename for elfutils-libelf
Apr 01 16:34:07 fedora packagekitd[1562]: Failed to get cache filename for elfutils-libs
Apr 01 16:34:07 fedora packagekitd[1562]: Failed to get cache filename for glibc
Apr 01 16:34:07 fedora packagekitd[1562]: Failed to get cache filename for glibc
Apr 01 16:34:07 fedora packagekitd[1562]: Failed to get cache filename for libbabeltrace
Apr 01 16:34:07 fedora packagekitd[1562]: Failed to get cache filename for libpfm
Apr 01 16:34:07 fedora packagekitd[1562]: Failed to get cache filename for libstdc++
Apr 01 16:34:07 fedora packagekitd[1562]: Failed to get cache filename for libtraceevent
Apr 01 16:34:07 fedora packagekitd[1562]: Failed to get cache filename for libzstd
Apr 01 16:34:07 fedora packagekitd[1562]: Failed to get cache filename for llvm-libs
Apr 01 16:34:07 fedora packagekitd[1562]: Failed to get cache filename for numactl-libs
Apr 01 16:34:07 fedora packagekitd[1562]: Failed to get cache filename for python3
Apr 01 16:34:07 fedora packagekitd[1562]: Failed to get cache filename for python3
Apr 01 16:34:07 fedora packagekitd[1562]: Failed to get cache filename for python3-libs
Apr 01 16:34:07 fedora packagekitd[1562]: Failed to get cache filename for slang
Apr 01 16:34:07 fedora packagekitd[1562]: Failed to get cache filename for xz-libs
Apr 01 16:34:07 fedora packagekitd[1562]: Failed to get cache filename for zlib-ng-compat
Apr 01 16:34:07 fedora packagekitd[1562]: Failed to get cache filename for python3-pillow
Apr 01 16:34:07 fedora packagekitd[1562]: Failed to get cache filename for glibc
Apr 01 16:34:07 fedora packagekitd[1562]: Failed to get cache filename for glibc
Apr 01 16:34:07 fedora packagekitd[1562]: Failed to get cache filename for libjpeg-turbo
Apr 01 16:34:07 fedora packagekitd[1562]: Failed to get cache filename for libtiff
Apr 01 16:34:07 fedora packagekitd[1562]: Failed to get cache filename for openjpeg
Apr 01 16:34:07 fedora packagekitd[1562]: Failed to get cache filename for python3
Apr 01 16:34:07 fedora packagekitd[1562]: Failed to get cache filename for python3
Apr 01 16:34:07 fedora packagekitd[1562]: Failed to get cache filename for zlib-ng-compat
Apr 01 16:34:07 fedora packagekitd[1562]: Failed to get cache filename for freetype
Apr 01 16:34:07 fedora packagekitd[1562]: Failed to get cache filename for glibc
Apr 01 16:34:07 fedora packagekitd[1562]: Failed to get cache filename for glibc
Apr 01 16:34:07 fedora packagekitd[1562]: Failed to get cache filename for lcms2
Apr 01 16:34:07 fedora packagekitd[1562]: Failed to get cache filename for libimagequant
Apr 01 16:34:07 fedora packagekitd[1562]: Failed to get cache filename for libjpeg-turbo
Apr 01 16:34:07 fedora packagekitd[1562]: Failed to get cache filename for libraqm
Apr 01 16:34:07 fedora packagekitd[1562]: Failed to get cache filename for libtiff
Apr 01 16:34:07 fedora packagekitd[1562]: Failed to get cache filename for libwebp
Apr 01 16:34:07 fedora packagekitd[1562]: Failed to get cache filename for libxcb
Apr 01 16:34:07 fedora packagekitd[1562]: Failed to get cache filename for openjpeg
Apr 01 16:34:07 fedora packagekitd[1562]: Failed to get cache filename for python3
Apr 01 16:34:07 fedora packagekitd[1562]: Failed to get cache filename for python3
Apr 01 16:34:07 fedora packagekitd[1562]: Failed to get cache filename for python3-olefile
Apr 01 16:34:07 fedora packagekitd[1562]: Failed to get cache filename for zlib-ng-compat
Apr 01 16:34:07 fedora packagekitd[1562]: Failed to get cache filename for python3-rpmautospec
Apr 01 16:34:07 fedora packagekitd[1562]: Failed to get cache filename for python3
Apr 01 16:34:07 fedora packagekitd[1562]: Failed to get cache filename for python3
Apr 01 16:34:07 fedora packagekitd[1562]: Failed to get cache filename for python3
Apr 01 16:34:07 fedora packagekitd[1562]: Failed to get cache filename for python3
Apr 01 16:34:07 fedora packagekitd[1562]: Failed to get cache filename for python3-rpmautospec-core
Apr 01 16:34:07 fedora packagekitd[1562]: Failed to get cache filename for qcom-wwan-firmware
Apr 01 16:34:07 fedora packagekitd[1562]: Failed to get cache filename for linux-firmware-whence
Apr 01 16:34:07 fedora packagekitd[1562]: Failed to get cache filename for realtek-firmware
Apr 01 16:34:07 fedora packagekitd[1562]: Failed to get cache filename for linux-firmware-whence
Apr 01 16:34:07 fedora packagekitd[1562]: Failed to get cache filename for rpm-sequoia
Apr 01 16:34:07 fedora packagekitd[1562]: Failed to get cache filename for glibc
Apr 01 16:34:07 fedora packagekitd[1562]: Failed to get cache filename for glibc
Apr 01 16:34:07 fedora packagekitd[1562]: Failed to get cache filename for libgcc
Apr 01 16:34:07 fedora packagekitd[1562]: Failed to get cache filename for openssl-libs
Apr 01 16:34:07 fedora packagekitd[1562]: Failed to get cache filename for glibc
Apr 01 16:34:07 fedora packagekitd[1562]: Failed to get cache filename for glibc
Apr 01 16:34:07 fedora packagekitd[1562]: Failed to get cache filename for libgcc
Apr 01 16:34:07 fedora packagekitd[1562]: Failed to get cache filename for openssl-libs
Apr 01 16:34:07 fedora packagekitd[1562]: Failed to get cache filename for rsync
Apr 01 16:34:07 fedora packagekitd[1562]: Failed to get cache filename for glibc
Apr 01 16:34:07 fedora packagekitd[1562]: Failed to get cache filename for glibc
Apr 01 16:34:07 fedora packagekitd[1562]: Failed to get cache filename for openssl-libs
Apr 01 16:34:07 fedora packagekitd[1562]: Failed to get cache filename for bash
Apr 01 16:34:07 fedora packagekitd[1562]: Failed to get cache filename for glibc
Apr 01 16:34:07 fedora packagekitd[1562]: Failed to get cache filename for glibc
Apr 01 16:34:07 fedora packagekitd[1562]: Failed to get cache filename for libacl
Apr 01 16:34:07 fedora packagekitd[1562]: Failed to get cache filename for libzstd
Apr 01 16:34:07 fedora packagekitd[1562]: Failed to get cache filename for lz4-libs
Apr 01 16:34:07 fedora packagekitd[1562]: Failed to get cache filename for openssl-libs
Apr 01 16:34:07 fedora packagekitd[1562]: Failed to get cache filename for popt
Apr 01 16:34:07 fedora packagekitd[1562]: Failed to get cache filename for xxhash-libs
Apr 01 16:34:07 fedora packagekitd[1562]: Failed to get cache filename for rust
Apr 01 16:34:07 fedora packagekitd[1562]: Failed to get cache filename for gcc
Apr 01 16:34:07 fedora packagekitd[1562]: Failed to get cache filename for glibc
Apr 01 16:34:07 fedora packagekitd[1562]: Failed to get cache filename for glibc
Apr 01 16:34:07 fedora packagekitd[1562]: Failed to get cache filename for libgcc
Apr 01 16:34:07 fedora packagekitd[1562]: Failed to get cache filename for libstdc++
Apr 01 16:34:07 fedora packagekitd[1562]: Failed to get cache filename for llvm-libs
Apr 01 16:34:07 fedora packagekitd[1562]: Failed to get cache filename for rust-std-static
Apr 01 16:34:07 fedora packagekitd[1562]: Failed to get cache filename for gcc
Apr 01 16:34:07 fedora packagekitd[1562]: Failed to get cache filename for glibc
Apr 01 16:34:07 fedora packagekitd[1562]: Failed to get cache filename for glibc
Apr 01 16:34:07 fedora packagekitd[1562]: Failed to get cache filename for libgcc
Apr 01 16:34:07 fedora packagekitd[1562]: Failed to get cache filename for libstdc++
Apr 01 16:34:07 fedora packagekitd[1562]: Failed to get cache filename for llvm-libs
Apr 01 16:34:07 fedora packagekitd[1562]: Failed to get cache filename for rust-std-static
Apr 01 16:34:07 fedora packagekitd[1562]: Failed to get cache filename for glibc
Apr 01 16:34:07 fedora packagekitd[1562]: Failed to get cache filename for glibc
Apr 01 16:34:07 fedora packagekitd[1562]: Failed to get cache filename for glibc-devel
Apr 01 16:34:07 fedora packagekitd[1562]: Failed to get cache filename for libgcc
Apr 01 16:34:07 fedora packagekitd[1562]: Failed to get cache filename for rust
Apr 01 16:34:07 fedora packagekitd[1562]: Failed to get cache filename for glibc
Apr 01 16:34:07 fedora packagekitd[1562]: Failed to get cache filename for glibc
Apr 01 16:34:07 fedora packagekitd[1562]: Failed to get cache filename for glibc-devel
Apr 01 16:34:07 fedora packagekitd[1562]: Failed to get cache filename for libgcc
Apr 01 16:34:07 fedora packagekitd[1562]: Failed to get cache filename for serd
Apr 01 16:34:07 fedora packagekitd[1562]: Failed to get cache filename for glibc
Apr 01 16:34:07 fedora packagekitd[1562]: Failed to get cache filename for glibc
Apr 01 16:34:07 fedora packagekitd[1562]: Failed to get cache filename for glibc
Apr 01 16:34:07 fedora packagekitd[1562]: Failed to get cache filename for glibc
Apr 01 16:34:07 fedora packagekitd[1562]: Failed to get cache filename for skopeo
Apr 01 16:34:07 fedora packagekitd[1562]: Failed to get cache filename for containers-common
Apr 01 16:34:07 fedora packagekitd[1562]: Failed to get cache filename for glibc
Apr 01 16:34:07 fedora packagekitd[1562]: Failed to get cache filename for glibc
Apr 01 16:34:07 fedora packagekitd[1562]: Failed to get cache filename for gpgme
Apr 01 16:34:07 fedora packagekitd[1562]: Failed to get cache filename for sqlite-libs
Apr 01 16:34:07 fedora packagekitd[1562]: Failed to get cache filename for containers-common
Apr 01 16:34:07 fedora packagekitd[1562]: Failed to get cache filename for glibc
Apr 01 16:34:07 fedora packagekitd[1562]: Failed to get cache filename for glibc
Apr 01 16:34:07 fedora packagekitd[1562]: Failed to get cache filename for gpgme
Apr 01 16:34:07 fedora packagekitd[1562]: Failed to get cache filename for shadow-utils-subid
Apr 01 16:34:07 fedora packagekitd[1562]: Failed to get cache filename for sqlite-libs
Apr 01 16:34:07 fedora packagekitd[1562]: Failed to get cache filename for snap-confine
Apr 01 16:34:07 fedora packagekitd[1562]: Failed to get cache filename for glibc
Apr 01 16:34:07 fedora packagekitd[1562]: Failed to get cache filename for glibc
Apr 01 16:34:07 fedora packagekitd[1562]: Failed to get cache filename for libgcc
Apr 01 16:34:07 fedora packagekitd[1562]: Failed to get cache filename for libselinux
Apr 01 16:34:07 fedora packagekitd[1562]: Failed to get cache filename for systemd-libs
Apr 01 16:34:07 fedora packagekitd[1562]: Failed to get cache filename for glibc
Apr 01 16:34:07 fedora packagekitd[1562]: Failed to get cache filename for glibc
Apr 01 16:34:07 fedora packagekitd[1562]: Failed to get cache filename for libcap
Apr 01 16:34:07 fedora packagekitd[1562]: Failed to get cache filename for libgcc
Apr 01 16:34:07 fedora packagekitd[1562]: Failed to get cache filename for libseccomp
Apr 01 16:34:07 fedora packagekitd[1562]: Failed to get cache filename for libselinux
Apr 01 16:34:07 fedora packagekitd[1562]: Failed to get cache filename for systemd-libs
Apr 01 16:34:07 fedora packagekitd[1562]: Failed to get cache filename for snapd
Apr 01 16:34:07 fedora packagekitd[1562]: Failed to get cache filename for glibc
Apr 01 16:34:07 fedora packagekitd[1562]: Failed to get cache filename for glibc
Apr 01 16:34:07 fedora packagekitd[1562]: Failed to get cache filename for kernel-debug-modules-core
Apr 01 16:34:07 fedora packagekitd[1562]: Failed to get cache filename for kernel-modules-core
Apr 01 16:34:07 fedora packagekitd[1562]: Failed to get cache filename for snap-confine
Apr 01 16:34:07 fedora packagekitd[1562]: Failed to get cache filename for snapd-selinux
Apr 01 16:34:07 fedora packagekitd[1562]: Failed to get cache filename for systemd
Apr 01 16:34:07 fedora packagekitd[1562]: Failed to get cache filename for systemd
Apr 01 16:34:07 fedora packagekitd[1562]: Failed to get cache filename for bash
Apr 01 16:34:07 fedora packagekitd[1562]: Failed to get cache filename for bash-completion
Apr 01 16:34:07 fedora packagekitd[1562]: Failed to get cache filename for fuse
Apr 01 16:34:07 fedora packagekitd[1562]: Failed to get cache filename for glibc
Apr 01 16:34:07 fedora packagekitd[1562]: Failed to get cache filename for glibc
Apr 01 16:34:07 fedora packagekitd[1562]: Failed to get cache filename for kernel-debug-modules-core
Apr 01 16:34:07 fedora packagekitd[1562]: Failed to get cache filename for kernel-modules-core
Apr 01 16:34:07 fedora packagekitd[1562]: Failed to get cache filename for squashfs-tools
Apr 01 16:34:07 fedora packagekitd[1562]: Failed to get cache filename for squashfuse
Apr 01 16:34:07 fedora packagekitd[1562]: Failed to get cache filename for systemd
Apr 01 16:34:07 fedora packagekitd[1562]: Failed to get cache filename for systemd
Apr 01 16:34:07 fedora packagekitd[1562]: Failed to get cache filename for xdelta
Apr 01 16:34:07 fedora packagekitd[1562]: Failed to get cache filename for snapd-selinux
Apr 01 16:34:07 fedora packagekitd[1562]: Failed to get cache filename for libselinux-utils
Apr 01 16:34:07 fedora packagekitd[1562]: Failed to get cache filename for selinux-policy
Apr 01 16:34:07 fedora packagekitd[1562]: Failed to get cache filename for bash
Apr 01 16:34:07 fedora packagekitd[1562]: Failed to get cache filename for libselinux-utils
Apr 01 16:34:07 fedora packagekitd[1562]: Failed to get cache filename for policycoreutils
Apr 01 16:34:07 fedora packagekitd[1562]: Failed to get cache filename for policycoreutils-python-utils
Apr 01 16:34:07 fedora packagekitd[1562]: Failed to get cache filename for sord
Apr 01 16:34:07 fedora packagekitd[1562]: Failed to get cache filename for glibc
Apr 01 16:34:07 fedora packagekitd[1562]: Failed to get cache filename for glibc
Apr 01 16:34:07 fedora packagekitd[1562]: Failed to get cache filename for pcre2
Apr 01 16:34:07 fedora packagekitd[1562]: Failed to get cache filename for serd
Apr 01 16:34:07 fedora packagekitd[1562]: Failed to get cache filename for zix
Apr 01 16:34:07 fedora packagekitd[1562]: Failed to get cache filename for glibc
Apr 01 16:34:07 fedora packagekitd[1562]: Failed to get cache filename for glibc
Apr 01 16:34:07 fedora packagekitd[1562]: Failed to get cache filename for pcre2
Apr 01 16:34:07 fedora packagekitd[1562]: Failed to get cache filename for serd
Apr 01 16:34:07 fedora packagekitd[1562]: Failed to get cache filename for zix
Apr 01 16:34:07 fedora packagekitd[1562]: Failed to get cache filename for sratom
Apr 01 16:34:07 fedora packagekitd[1562]: Failed to get cache filename for glibc
Apr 01 16:34:07 fedora packagekitd[1562]: Failed to get cache filename for glibc
Apr 01 16:34:07 fedora packagekitd[1562]: Failed to get cache filename for serd
Apr 01 16:34:07 fedora packagekitd[1562]: Failed to get cache filename for sord
Apr 01 16:34:07 fedora packagekitd[1562]: Failed to get cache filename for glibc
Apr 01 16:34:07 fedora packagekitd[1562]: Failed to get cache filename for glibc
Apr 01 16:34:07 fedora packagekitd[1562]: Failed to get cache filename for serd
Apr 01 16:34:07 fedora packagekitd[1562]: Failed to get cache filename for sord
Apr 01 16:34:07 fedora packagekitd[1562]: Failed to get cache filename for stoken-libs
Apr 01 16:34:07 fedora packagekitd[1562]: Failed to get cache filename for glibc
Apr 01 16:34:07 fedora packagekitd[1562]: Failed to get cache filename for glibc
Apr 01 16:34:07 fedora packagekitd[1562]: Failed to get cache filename for glibc
Apr 01 16:34:07 fedora packagekitd[1562]: Failed to get cache filename for glibc
Apr 01 16:34:07 fedora packagekitd[1562]: Failed to get cache filename for gmp
Apr 01 16:34:07 fedora packagekitd[1562]: Failed to get cache filename for libxml2
Apr 01 16:34:07 fedora packagekitd[1562]: Failed to get cache filename for nettle
Apr 01 16:34:07 fedora packagekitd[1562]: Failed to get cache filename for systemd
Apr 01 16:34:07 fedora packagekitd[1562]: Failed to get cache filename for audit-libs
Apr 01 16:34:07 fedora packagekitd[1562]: Failed to get cache filename for coreutils
Apr 01 16:34:07 fedora packagekitd[1562]: Failed to get cache filename for coreutils-single
Apr 01 16:34:07 fedora packagekitd[1562]: Failed to get cache filename for filesystem
Apr 01 16:34:07 fedora packagekitd[1562]: Failed to get cache filename for glibc
Apr 01 16:34:07 fedora packagekitd[1562]: Failed to get cache filename for glibc
Apr 01 16:34:07 fedora packagekitd[1562]: Failed to get cache filename for libblkid
Apr 01 16:34:07 fedora packagekitd[1562]: Failed to get cache filename for libfdisk
Apr 01 16:34:07 fedora packagekitd[1562]: Failed to get cache filename for libgcc
Apr 01 16:34:07 fedora packagekitd[1562]: Failed to get cache filename for libmount
Apr 01 16:34:07 fedora packagekitd[1562]: Failed to get cache filename for libselinux
Apr 01 16:34:07 fedora packagekitd[1562]: Failed to get cache filename for openssl-libs
Apr 01 16:34:07 fedora packagekitd[1562]: Failed to get cache filename for openssl-libs
Apr 01 16:34:07 fedora packagekitd[1562]: Failed to get cache filename for pam-libs
Apr 01 16:34:07 fedora packagekitd[1562]: Failed to get cache filename for systemd-libs
Apr 01 16:34:07 fedora packagekitd[1562]: Failed to get cache filename for systemd-pam
Apr 01 16:34:07 fedora packagekitd[1562]: Failed to get cache filename for systemd-rpm-macros
Apr 01 16:34:07 fedora packagekitd[1562]: Failed to get cache filename for systemd-shared
Apr 01 16:34:07 fedora packagekitd[1562]: Failed to get cache filename for systemd-standalone-sysusers
Apr 01 16:34:07 fedora packagekitd[1562]: Failed to get cache filename for systemd-sysusers
Apr 01 16:34:07 fedora packagekitd[1562]: Failed to get cache filename for util-linux
Apr 01 16:34:07 fedora packagekitd[1562]: Failed to get cache filename for util-linux-core
Apr 01 16:34:07 fedora packagekitd[1562]: Failed to get cache filename for audit-libs
Apr 01 16:34:07 fedora packagekitd[1562]: Failed to get cache filename for bash
Apr 01 16:34:07 fedora packagekitd[1562]: Failed to get cache filename for coreutils
Apr 01 16:34:07 fedora packagekitd[1562]: Failed to get cache filename for coreutils-single
Apr 01 16:34:07 fedora packagekitd[1562]: Failed to get cache filename for dbus
Apr 01 16:34:07 fedora packagekitd[1562]: Failed to get cache filename for filesystem
Apr 01 16:34:07 fedora packagekitd[1562]: Failed to get cache filename for glibc
Apr 01 16:34:07 fedora packagekitd[1562]: Failed to get cache filename for glibc
Apr 01 16:34:07 fedora packagekitd[1562]: Failed to get cache filename for grep
Apr 01 16:34:07 fedora packagekitd[1562]: Failed to get cache filename for libacl
Apr 01 16:34:07 fedora packagekitd[1562]: Failed to get cache filename for libblkid
Apr 01 16:34:07 fedora packagekitd[1562]: Failed to get cache filename for libbpf
Apr 01 16:34:07 fedora packagekitd[1562]: Failed to get cache filename for libbpf
Apr 01 16:34:07 fedora packagekitd[1562]: Failed to get cache filename for libcap
Apr 01 16:34:07 fedora packagekitd[1562]: Failed to get cache filename for libfdisk
Apr 01 16:34:07 fedora packagekitd[1562]: Failed to get cache filename for libgcc
Apr 01 16:34:07 fedora packagekitd[1562]: Failed to get cache filename for libmount
Apr 01 16:34:07 fedora packagekitd[1562]: Failed to get cache filename for libseccomp
Apr 01 16:34:07 fedora packagekitd[1562]: Failed to get cache filename for libselinux
Apr 01 16:34:07 fedora packagekitd[1562]: Failed to get cache filename for openssl-libs
Apr 01 16:34:07 fedora packagekitd[1562]: Failed to get cache filename for openssl-libs
Apr 01 16:34:07 fedora packagekitd[1562]: Failed to get cache filename for pam-libs
Apr 01 16:34:07 fedora packagekitd[1562]: Failed to get cache filename for systemd-standalone-sysusers
Apr 01 16:34:07 fedora packagekitd[1562]: Failed to get cache filename for systemd-sysusers
Apr 01 16:34:07 fedora packagekitd[1562]: Failed to get cache filename for util-linux
Apr 01 16:34:07 fedora packagekitd[1562]: Failed to get cache filename for util-linux
Apr 01 16:34:07 fedora packagekitd[1562]: Failed to get cache filename for util-linux-core
Apr 01 16:34:07 fedora packagekitd[1562]: Failed to get cache filename for systemd-container
Apr 01 16:34:07 fedora packagekitd[1562]: Failed to get cache filename for filesystem
Apr 01 16:34:07 fedora packagekitd[1562]: Failed to get cache filename for glibc
Apr 01 16:34:07 fedora packagekitd[1562]: Failed to get cache filename for glibc
Apr 01 16:34:07 fedora packagekitd[1562]: Failed to get cache filename for libcurl
Apr 01 16:34:07 fedora packagekitd[1562]: Failed to get cache filename for libcurl-minimal
Apr 01 16:34:07 fedora packagekitd[1562]: Failed to get cache filename for libgcc
Apr 01 16:34:07 fedora packagekitd[1562]: Failed to get cache filename for libselinux
Apr 01 16:34:07 fedora packagekitd[1562]: Failed to get cache filename for openssl-libs
Apr 01 16:34:07 fedora packagekitd[1562]: Failed to get cache filename for systemd
Apr 01 16:34:07 fedora packagekitd[1562]: Failed to get cache filename for systemd-shared
Apr 01 16:34:07 fedora packagekitd[1562]: Failed to get cache filename for xz-libs
Apr 01 16:34:07 fedora packagekitd[1562]: Failed to get cache filename for zlib-ng-compat
Apr 01 16:34:07 fedora packagekitd[1562]: Failed to get cache filename for bzip2-libs
Apr 01 16:34:07 fedora packagekitd[1562]: Failed to get cache filename for filesystem
Apr 01 16:34:07 fedora packagekitd[1562]: Failed to get cache filename for glibc
Apr 01 16:34:07 fedora packagekitd[1562]: Failed to get cache filename for glibc
Apr 01 16:34:07 fedora packagekitd[1562]: Failed to get cache filename for libacl
Apr 01 16:34:07 fedora packagekitd[1562]: Failed to get cache filename for libcap
Apr 01 16:34:07 fedora packagekitd[1562]: Failed to get cache filename for libcurl
Apr 01 16:34:07 fedora packagekitd[1562]: Failed to get cache filename for libcurl-minimal
Apr 01 16:34:07 fedora packagekitd[1562]: Failed to get cache filename for libgcc
Apr 01 16:34:07 fedora packagekitd[1562]: Failed to get cache filename for libseccomp
Apr 01 16:34:07 fedora packagekitd[1562]: Failed to get cache filename for libselinux
Apr 01 16:34:07 fedora packagekitd[1562]: Failed to get cache filename for openssl-libs
Apr 01 16:34:07 fedora packagekitd[1562]: Failed to get cache filename for xz-libs
Apr 01 16:34:07 fedora packagekitd[1562]: Failed to get cache filename for zlib-ng-compat
Apr 01 16:34:07 fedora packagekitd[1562]: Failed to get cache filename for systemd-libs
Apr 01 16:34:07 fedora packagekitd[1562]: Failed to get cache filename for glibc
Apr 01 16:34:07 fedora packagekitd[1562]: Failed to get cache filename for glibc
Apr 01 16:34:07 fedora packagekitd[1562]: Failed to get cache filename for libgcc
Apr 01 16:34:07 fedora packagekitd[1562]: Failed to get cache filename for glibc
Apr 01 16:34:07 fedora packagekitd[1562]: Failed to get cache filename for glibc
Apr 01 16:34:07 fedora packagekitd[1562]: Failed to get cache filename for libcap
Apr 01 16:34:07 fedora packagekitd[1562]: Failed to get cache filename for libgcc
Apr 01 16:34:07 fedora packagekitd[1562]: Failed to get cache filename for systemd-libs
Apr 01 16:34:07 fedora packagekitd[1562]: Failed to get cache filename for glibc
Apr 01 16:34:07 fedora packagekitd[1562]: Failed to get cache filename for glibc
Apr 01 16:34:07 fedora packagekitd[1562]: Failed to get cache filename for libgcc
Apr 01 16:34:07 fedora packagekitd[1562]: Failed to get cache filename for glibc
Apr 01 16:34:07 fedora packagekitd[1562]: Failed to get cache filename for glibc
Apr 01 16:34:07 fedora packagekitd[1562]: Failed to get cache filename for libcap
Apr 01 16:34:07 fedora packagekitd[1562]: Failed to get cache filename for libgcc
Apr 01 16:34:07 fedora packagekitd[1562]: Failed to get cache filename for systemd-networkd
Apr 01 16:34:07 fedora packagekitd[1562]: Failed to get cache filename for glibc
Apr 01 16:34:07 fedora packagekitd[1562]: Failed to get cache filename for glibc
Apr 01 16:34:07 fedora packagekitd[1562]: Failed to get cache filename for libgcc
Apr 01 16:34:07 fedora packagekitd[1562]: Failed to get cache filename for systemd
Apr 01 16:34:07 fedora packagekitd[1562]: Failed to get cache filename for systemd-shared
Apr 01 16:34:07 fedora packagekitd[1562]: Failed to get cache filename for bash
Apr 01 16:34:07 fedora packagekitd[1562]: Failed to get cache filename for glibc
Apr 01 16:34:07 fedora packagekitd[1562]: Failed to get cache filename for glibc
Apr 01 16:34:07 fedora packagekitd[1562]: Failed to get cache filename for libgcc
Apr 01 16:34:07 fedora packagekitd[1562]: Failed to get cache filename for systemd-oomd-defaults
Apr 01 16:34:07 fedora packagekitd[1562]: Failed to get cache filename for systemd-udev
Apr 01 16:34:07 fedora packagekitd[1562]: Failed to get cache filename for systemd-pam
Apr 01 16:34:07 fedora packagekitd[1562]: Failed to get cache filename for glibc
Apr 01 16:34:07 fedora packagekitd[1562]: Failed to get cache filename for glibc
Apr 01 16:34:07 fedora packagekitd[1562]: Failed to get cache filename for libgcc
Apr 01 16:34:07 fedora packagekitd[1562]: Failed to get cache filename for pam-libs
Apr 01 16:34:07 fedora packagekitd[1562]: Failed to get cache filename for systemd
Apr 01 16:34:07 fedora packagekitd[1562]: Failed to get cache filename for systemd
Apr 01 16:34:07 fedora packagekitd[1562]: Failed to get cache filename for glibc
Apr 01 16:34:07 fedora packagekitd[1562]: Failed to get cache filename for glibc
Apr 01 16:34:07 fedora packagekitd[1562]: Failed to get cache filename for libcap
Apr 01 16:34:07 fedora packagekitd[1562]: Failed to get cache filename for libgcc
Apr 01 16:34:07 fedora packagekitd[1562]: Failed to get cache filename for pam-libs
Apr 01 16:34:07 fedora packagekitd[1562]: Failed to get cache filename for systemd-resolved
Apr 01 16:34:07 fedora packagekitd[1562]: Failed to get cache filename for filesystem
Apr 01 16:34:07 fedora packagekitd[1562]: Failed to get cache filename for glibc
Apr 01 16:34:07 fedora packagekitd[1562]: Failed to get cache filename for glibc
Apr 01 16:34:07 fedora packagekitd[1562]: Failed to get cache filename for libgcc
Apr 01 16:34:07 fedora packagekitd[1562]: Failed to get cache filename for openssl-libs
Apr 01 16:34:07 fedora packagekitd[1562]: Failed to get cache filename for systemd
Apr 01 16:34:07 fedora packagekitd[1562]: Failed to get cache filename for systemd-shared
Apr 01 16:34:07 fedora packagekitd[1562]: Failed to get cache filename for bash
Apr 01 16:34:07 fedora packagekitd[1562]: Failed to get cache filename for filesystem
Apr 01 16:34:07 fedora packagekitd[1562]: Failed to get cache filename for glibc
Apr 01 16:34:07 fedora packagekitd[1562]: Failed to get cache filename for glibc
Apr 01 16:34:07 fedora packagekitd[1562]: Failed to get cache filename for grep
Apr 01 16:34:07 fedora packagekitd[1562]: Failed to get cache filename for libgcc
Apr 01 16:34:07 fedora packagekitd[1562]: Failed to get cache filename for libidn2
Apr 01 16:34:07 fedora packagekitd[1562]: Failed to get cache filename for openssl-libs
Apr 01 16:34:07 fedora packagekitd[1562]: Failed to get cache filename for systemd-rpm-macros
Apr 01 16:34:07 fedora packagekitd[1562]: Failed to get cache filename for bash
Apr 01 16:34:07 fedora packagekitd[1562]: Failed to get cache filename for systemd-shared
Apr 01 16:34:07 fedora packagekitd[1562]: Failed to get cache filename for glibc
Apr 01 16:34:07 fedora packagekitd[1562]: Failed to get cache filename for glibc
Apr 01 16:34:07 fedora packagekitd[1562]: Failed to get cache filename for libblkid
Apr 01 16:34:07 fedora packagekitd[1562]: Failed to get cache filename for libgcc
Apr 01 16:34:07 fedora packagekitd[1562]: Failed to get cache filename for libmount
Apr 01 16:34:07 fedora packagekitd[1562]: Failed to get cache filename for libselinux
Apr 01 16:34:07 fedora packagekitd[1562]: Failed to get cache filename for libxcrypt
Apr 01 16:34:07 fedora packagekitd[1562]: Failed to get cache filename for openssl-libs
Apr 01 16:34:07 fedora packagekitd[1562]: Failed to get cache filename for pam-libs
Apr 01 16:34:07 fedora packagekitd[1562]: Failed to get cache filename for glibc
Apr 01 16:34:07 fedora packagekitd[1562]: Failed to get cache filename for glibc
Apr 01 16:34:07 fedora packagekitd[1562]: Failed to get cache filename for libacl
Apr 01 16:34:07 fedora packagekitd[1562]: Failed to get cache filename for libblkid
Apr 01 16:34:07 fedora packagekitd[1562]: Failed to get cache filename for libcap
Apr 01 16:34:07 fedora packagekitd[1562]: Failed to get cache filename for libgcc
Apr 01 16:34:07 fedora packagekitd[1562]: Failed to get cache filename for libmount
Apr 01 16:34:07 fedora packagekitd[1562]: Failed to get cache filename for libseccomp
Apr 01 16:34:07 fedora packagekitd[1562]: Failed to get cache filename for libselinux
Apr 01 16:34:07 fedora packagekitd[1562]: Failed to get cache filename for libxcrypt
Apr 01 16:34:07 fedora packagekitd[1562]: Failed to get cache filename for openssl-libs
Apr 01 16:34:07 fedora packagekitd[1562]: Failed to get cache filename for pam-libs
Apr 01 16:34:07 fedora packagekitd[1562]: Failed to get cache filename for systemd-sysusers
Apr 01 16:34:07 fedora packagekitd[1562]: Failed to get cache filename for audit-libs
Apr 01 16:34:07 fedora packagekitd[1562]: Failed to get cache filename for glibc
Apr 01 16:34:07 fedora packagekitd[1562]: Failed to get cache filename for glibc
Apr 01 16:34:07 fedora packagekitd[1562]: Failed to get cache filename for libgcc
Apr 01 16:34:07 fedora packagekitd[1562]: Failed to get cache filename for systemd-shared
Apr 01 16:34:07 fedora packagekitd[1562]: Failed to get cache filename for audit-libs
Apr 01 16:34:07 fedora packagekitd[1562]: Failed to get cache filename for glibc
Apr 01 16:34:07 fedora packagekitd[1562]: Failed to get cache filename for glibc
Apr 01 16:34:07 fedora packagekitd[1562]: Failed to get cache filename for libgcc
Apr 01 16:34:07 fedora packagekitd[1562]: Failed to get cache filename for systemd-udev
Apr 01 16:34:07 fedora packagekitd[1562]: Failed to get cache filename for cryptsetup-libs
Apr 01 16:34:07 fedora packagekitd[1562]: Failed to get cache filename for filesystem
Apr 01 16:34:07 fedora packagekitd[1562]: Failed to get cache filename for glibc
Apr 01 16:34:07 fedora packagekitd[1562]: Failed to get cache filename for glibc
Apr 01 16:34:07 fedora packagekitd[1562]: Failed to get cache filename for libblkid
Apr 01 16:34:07 fedora packagekitd[1562]: Failed to get cache filename for libfdisk
Apr 01 16:34:07 fedora packagekitd[1562]: Failed to get cache filename for libgcc
Apr 01 16:34:07 fedora packagekitd[1562]: Failed to get cache filename for libselinux
Apr 01 16:34:07 fedora packagekitd[1562]: Failed to get cache filename for openssl-libs
Apr 01 16:34:07 fedora packagekitd[1562]: Failed to get cache filename for systemd
Apr 01 16:34:07 fedora packagekitd[1562]: Failed to get cache filename for systemd-shared
Apr 01 16:34:07 fedora packagekitd[1562]: Failed to get cache filename for bash
Apr 01 16:34:07 fedora packagekitd[1562]: Failed to get cache filename for cryptsetup-libs
Apr 01 16:34:07 fedora packagekitd[1562]: Failed to get cache filename for filesystem
Apr 01 16:34:07 fedora packagekitd[1562]: Failed to get cache filename for glibc
Apr 01 16:34:07 fedora packagekitd[1562]: Failed to get cache filename for glibc
Apr 01 16:34:07 fedora packagekitd[1562]: Failed to get cache filename for grep
Apr 01 16:34:07 fedora packagekitd[1562]: Failed to get cache filename for grubby
Apr 01 16:34:07 fedora packagekitd[1562]: Failed to get cache filename for kbd
Apr 01 16:34:07 fedora packagekitd[1562]: Failed to get cache filename for kmod
Apr 01 16:34:07 fedora packagekitd[1562]: Failed to get cache filename for kmod-libs
Apr 01 16:34:07 fedora packagekitd[1562]: Failed to get cache filename for libblkid
Apr 01 16:34:07 fedora packagekitd[1562]: Failed to get cache filename for libfdisk
Apr 01 16:34:07 fedora packagekitd[1562]: Failed to get cache filename for libgcc
Apr 01 16:34:07 fedora packagekitd[1562]: Failed to get cache filename for libselinux
Apr 01 16:34:07 fedora packagekitd[1562]: Failed to get cache filename for openssl-libs
Apr 01 16:34:07 fedora packagekitd[1562]: Failed to get cache filename for sdubby
Apr 01 16:34:07 fedora packagekitd[1562]: Failed to get cache filename for tiwilink-firmware
Apr 01 16:34:07 fedora packagekitd[1562]: Failed to get cache filename for linux-firmware-whence
Apr 01 16:34:07 fedora packagekitd[1562]: Failed to get cache filename for uv
Apr 01 16:34:07 fedora packagekitd[1562]: Failed to get cache filename for glibc
Apr 01 16:34:07 fedora packagekitd[1562]: Failed to get cache filename for glibc
Apr 01 16:34:07 fedora packagekitd[1562]: Failed to get cache filename for libgcc
Apr 01 16:34:07 fedora packagekitd[1562]: Failed to get cache filename for xz-libs
Apr 01 16:34:07 fedora packagekitd[1562]: Failed to get cache filename for glibc
Apr 01 16:34:07 fedora packagekitd[1562]: Failed to get cache filename for glibc
Apr 01 16:34:07 fedora packagekitd[1562]: Failed to get cache filename for jemalloc
Apr 01 16:34:07 fedora packagekitd[1562]: Failed to get cache filename for libgcc
Apr 01 16:34:07 fedora packagekitd[1562]: Failed to get cache filename for libzstd
Apr 01 16:34:07 fedora packagekitd[1562]: Failed to get cache filename for xz-libs
Apr 01 16:34:07 fedora packagekitd[1562]: Failed to get cache filename for vim-data
Apr 01 16:34:07 fedora packagekitd[1562]: Failed to get cache filename for vim-filesystem
Apr 01 16:34:07 fedora packagekitd[1562]: Failed to get cache filename for vim-minimal
Apr 01 16:34:07 fedora packagekitd[1562]: Failed to get cache filename for glibc
Apr 01 16:34:07 fedora packagekitd[1562]: Failed to get cache filename for glibc
Apr 01 16:34:07 fedora packagekitd[1562]: Failed to get cache filename for libselinux
Apr 01 16:34:07 fedora packagekitd[1562]: Failed to get cache filename for vim-data
Apr 01 16:34:07 fedora packagekitd[1562]: Failed to get cache filename for bash
Apr 01 16:34:07 fedora packagekitd[1562]: Failed to get cache filename for glibc
Apr 01 16:34:07 fedora packagekitd[1562]: Failed to get cache filename for glibc
Apr 01 16:34:07 fedora packagekitd[1562]: Failed to get cache filename for libacl
Apr 01 16:34:07 fedora packagekitd[1562]: Failed to get cache filename for libselinux
Apr 01 16:34:07 fedora packagekitd[1562]: Failed to get cache filename for ncurses-libs
Apr 01 16:34:07 fedora packagekitd[1562]: Failed to get cache filename for whois
Apr 01 16:34:07 fedora packagekitd[1562]: Failed to get cache filename for alternatives
Apr 01 16:34:07 fedora packagekitd[1562]: Failed to get cache filename for glibc
Apr 01 16:34:07 fedora packagekitd[1562]: Failed to get cache filename for glibc
Apr 01 16:34:07 fedora packagekitd[1562]: Failed to get cache filename for whois-nls
Apr 01 16:34:07 fedora packagekitd[1562]: Failed to get cache filename for alternatives
Apr 01 16:34:07 fedora packagekitd[1562]: Failed to get cache filename for bash
Apr 01 16:34:07 fedora packagekitd[1562]: Failed to get cache filename for glibc
Apr 01 16:34:07 fedora packagekitd[1562]: Failed to get cache filename for glibc
Apr 01 16:34:07 fedora packagekitd[1562]: Failed to get cache filename for libidn2
Apr 01 16:34:07 fedora packagekitd[1562]: Failed to get cache filename for whois-nls
Apr 01 16:34:07 fedora packagekitd[1562]: Failed to get cache filename for wireless-regdb
Apr 01 16:34:07 fedora packagekitd[1562]: Failed to get cache filename for filesystem
Apr 01 16:34:07 fedora packagekitd[1562]: Failed to get cache filename for systemd
Apr 01 16:34:07 fedora packagekitd[1562]: Failed to get cache filename for systemd
Apr 01 16:34:07 fedora packagekitd[1562]: Failed to get cache filename for systemd-udev
Apr 01 16:34:07 fedora packagekitd[1562]: Failed to get cache filename for bash
Apr 01 16:34:07 fedora packagekitd[1562]: Failed to get cache filename for filesystem
Apr 01 16:34:07 fedora packagekitd[1562]: Failed to get cache filename for iw
Apr 01 16:34:07 fedora packagekitd[1562]: Failed to get cache filename for systemd
Apr 01 16:34:07 fedora packagekitd[1562]: Failed to get cache filename for systemd
Apr 01 16:34:07 fedora packagekitd[1562]: Failed to get cache filename for systemd-udev
Apr 01 16:34:07 fedora packagekitd[1562]: Failed to get cache filename for xen-libs
Apr 01 16:34:07 fedora packagekitd[1562]: Failed to get cache filename for glibc
Apr 01 16:34:07 fedora packagekitd[1562]: Failed to get cache filename for glibc
Apr 01 16:34:07 fedora packagekitd[1562]: Failed to get cache filename for libgcc
Apr 01 16:34:07 fedora packagekitd[1562]: Failed to get cache filename for libuuid
Apr 01 16:34:07 fedora packagekitd[1562]: Failed to get cache filename for xen-licenses
Apr 01 16:34:07 fedora packagekitd[1562]: Failed to get cache filename for xz-libs
Apr 01 16:34:07 fedora packagekitd[1562]: Failed to get cache filename for zlib-ng-compat
Apr 01 16:34:07 fedora packagekitd[1562]: Failed to get cache filename for bzip2-libs
Apr 01 16:34:07 fedora packagekitd[1562]: Failed to get cache filename for e2fsprogs-libs
Apr 01 16:34:07 fedora packagekitd[1562]: Failed to get cache filename for glibc
Apr 01 16:34:07 fedora packagekitd[1562]: Failed to get cache filename for glibc
Apr 01 16:34:07 fedora packagekitd[1562]: Failed to get cache filename for libgcc
Apr 01 16:34:07 fedora packagekitd[1562]: Failed to get cache filename for libnl3
Apr 01 16:34:07 fedora packagekitd[1562]: Failed to get cache filename for libuuid
Apr 01 16:34:07 fedora packagekitd[1562]: Failed to get cache filename for libzstd
Apr 01 16:34:07 fedora packagekitd[1562]: Failed to get cache filename for xen-licenses
Apr 01 16:34:07 fedora packagekitd[1562]: Failed to get cache filename for xz-libs
Apr 01 16:34:07 fedora packagekitd[1562]: Failed to get cache filename for yajl
Apr 01 16:34:07 fedora packagekitd[1562]: Failed to get cache filename for zlib-ng-compat
Apr 01 16:34:07 fedora packagekitd[1562]: Failed to get cache filename for xen-licenses
Apr 01 16:34:07 fedora packagekitd[1562]: Failed to get cache filename for zenity
Apr 01 16:34:07 fedora packagekitd[1562]: Failed to get cache filename for glib2
Apr 01 16:34:07 fedora packagekitd[1562]: Failed to get cache filename for glibc
Apr 01 16:34:07 fedora packagekitd[1562]: Failed to get cache filename for glibc
Apr 01 16:34:07 fedora packagekitd[1562]: Failed to get cache filename for gtk4
Apr 01 16:34:07 fedora packagekitd[1562]: Failed to get cache filename for libadwaita
Apr 01 16:34:07 fedora packagekitd[1562]: Failed to get cache filename for libgcc
Apr 01 16:34:07 fedora packagekitd[1562]: Failed to get cache filename for pango
Apr 01 16:34:07 fedora packagekitd[1562]: Failed to get cache filename for glib2
Apr 01 16:34:07 fedora packagekitd[1562]: Failed to get cache filename for glibc
Apr 01 16:34:07 fedora packagekitd[1562]: Failed to get cache filename for glibc
Apr 01 16:34:07 fedora packagekitd[1562]: Failed to get cache filename for gtk4
Apr 01 16:34:07 fedora packagekitd[1562]: Failed to get cache filename for libadwaita
Apr 01 16:34:07 fedora packagekitd[1562]: Failed to get cache filename for libgcc
Apr 01 16:34:07 fedora packagekitd[1562]: Failed to get cache filename for pango
Apr 01 16:34:07 fedora packagekitd[1562]: Failed to get cache filename for zix
Apr 01 16:34:07 fedora packagekitd[1562]: Failed to get cache filename for glibc
Apr 01 16:34:07 fedora packagekitd[1562]: Failed to get cache filename for glibc
Apr 01 16:34:07 fedora packagekitd[1562]: Failed to get cache filename for glibc
Apr 01 16:34:07 fedora packagekitd[1562]: Failed to get cache filename for glibc
Apr 01 16:34:07 fedora packagekitd[1562]: Failed to get cache filename for brave-browser
Apr 01 16:34:07 fedora packagekitd[1562]: Failed to get cache filename for alsa-lib
Apr 01 16:34:07 fedora packagekitd[1562]: Failed to get cache filename for alternatives
Apr 01 16:34:07 fedora packagekitd[1562]: Failed to get cache filename for at-spi2-atk
Apr 01 16:34:07 fedora packagekitd[1562]: Failed to get cache filename for at-spi2-core
Apr 01 16:34:07 fedora packagekitd[1562]: Failed to get cache filename for atk
Apr 01 16:34:07 fedora packagekitd[1562]: Failed to get cache filename for ca-certificates
Apr 01 16:34:07 fedora packagekitd[1562]: Failed to get cache filename for cups-libs
Apr 01 16:34:07 fedora packagekitd[1562]: Failed to get cache filename for expat
Apr 01 16:34:07 fedora packagekitd[1562]: Failed to get cache filename for glib2
Apr 01 16:34:07 fedora packagekitd[1562]: Failed to get cache filename for glibc
Apr 01 16:34:07 fedora packagekitd[1562]: Failed to get cache filename for glibc
Apr 01 16:34:07 fedora packagekitd[1562]: Failed to get cache filename for libX11
Apr 01 16:34:07 fedora packagekitd[1562]: Failed to get cache filename for libcurl
Apr 01 16:34:07 fedora packagekitd[1562]: Failed to get cache filename for libcurl-minimal
Apr 01 16:34:07 fedora packagekitd[1562]: Failed to get cache filename for libgcc
Apr 01 16:34:07 fedora packagekitd[1562]: Failed to get cache filename for mesa-libgbm
Apr 01 16:34:07 fedora packagekitd[1562]: Failed to get cache filename for nspr
Apr 01 16:34:07 fedora packagekitd[1562]: Failed to get cache filename for nss
Apr 01 16:34:07 fedora packagekitd[1562]: Failed to get cache filename for nss-util
Apr 01 16:34:07 fedora packagekitd[1562]: Failed to get cache filename for pango
Apr 01 16:34:07 fedora packagekitd[1562]: Failed to get cache filename for systemd-libs
Apr 01 16:34:07 fedora packagekitd[1562]: Failed to get cache filename for vulkan-loader
Apr 01 16:34:07 fedora packagekitd[1562]: Failed to get cache filename for wget1-wget
Apr 01 16:34:07 fedora packagekitd[1562]: Failed to get cache filename for wget2-wget
Apr 01 16:34:07 fedora packagekitd[1562]: Failed to get cache filename for alsa-lib
Apr 01 16:34:07 fedora packagekitd[1562]: Failed to get cache filename for alternatives
Apr 01 16:34:07 fedora packagekitd[1562]: Failed to get cache filename for at-spi2-atk
Apr 01 16:34:07 fedora packagekitd[1562]: Failed to get cache filename for at-spi2-core
Apr 01 16:34:07 fedora packagekitd[1562]: Failed to get cache filename for atk
Apr 01 16:34:07 fedora packagekitd[1562]: Failed to get cache filename for bash
Apr 01 16:34:07 fedora packagekitd[1562]: Failed to get cache filename for ca-certificates
Apr 01 16:34:07 fedora packagekitd[1562]: Failed to get cache filename for cairo
Apr 01 16:34:07 fedora packagekitd[1562]: Failed to get cache filename for cups-libs
Apr 01 16:34:07 fedora packagekitd[1562]: Failed to get cache filename for dbus-libs
Apr 01 16:34:07 fedora packagekitd[1562]: Failed to get cache filename for expat
Apr 01 16:34:07 fedora packagekitd[1562]: Failed to get cache filename for glib2
Apr 01 16:34:07 fedora packagekitd[1562]: Failed to get cache filename for glibc
Apr 01 16:34:07 fedora packagekitd[1562]: Failed to get cache filename for glibc
Apr 01 16:34:07 fedora packagekitd[1562]: Failed to get cache filename for gtk3
Apr 01 16:34:07 fedora packagekitd[1562]: Failed to get cache filename for libX11
Apr 01 16:34:07 fedora packagekitd[1562]: Failed to get cache filename for libXcomposite
Apr 01 16:34:07 fedora packagekitd[1562]: Failed to get cache filename for libXdamage
Apr 01 16:34:07 fedora packagekitd[1562]: Failed to get cache filename for libXext
Apr 01 16:34:07 fedora packagekitd[1562]: Failed to get cache filename for libXfixes
Apr 01 16:34:07 fedora packagekitd[1562]: Failed to get cache filename for libXrandr
Apr 01 16:34:07 fedora packagekitd[1562]: Failed to get cache filename for libcurl
Apr 01 16:34:07 fedora packagekitd[1562]: Failed to get cache filename for libcurl-minimal
Apr 01 16:34:07 fedora packagekitd[1562]: Failed to get cache filename for liberation-fonts-all
Apr 01 16:34:07 fedora packagekitd[1562]: Failed to get cache filename for libgcc
Apr 01 16:34:07 fedora packagekitd[1562]: Failed to get cache filename for libxcb
Apr 01 16:34:07 fedora packagekitd[1562]: Failed to get cache filename for libxkbcommon
Apr 01 16:34:07 fedora packagekitd[1562]: Failed to get cache filename for mesa-libgbm
Apr 01 16:34:07 fedora packagekitd[1562]: Failed to get cache filename for nspr
Apr 01 16:34:07 fedora packagekitd[1562]: Failed to get cache filename for nss
Apr 01 16:34:07 fedora packagekitd[1562]: Failed to get cache filename for nss-util
Apr 01 16:34:07 fedora packagekitd[1562]: Failed to get cache filename for pango
Apr 01 16:34:07 fedora packagekitd[1562]: Failed to get cache filename for systemd-libs
Apr 01 16:34:07 fedora packagekitd[1562]: Failed to get cache filename for vulkan-loader
Apr 01 16:34:07 fedora packagekitd[1562]: Failed to get cache filename for wget2-wget
Apr 01 16:34:07 fedora packagekitd[1562]: Failed to get cache filename for xdg-utils
Apr 01 16:34:07 fedora packagekitd[1562]: Failed to get cache filename for brave-keyring
Apr 01 16:34:07 fedora packagekitd[1562]: Failed to get cache filename for brave-keyring
Apr 01 16:34:07 fedora packagekitd[1562]: Failed to get cache filename for brave-keyring
Apr 01 16:34:07 fedora packagekitd[1562]: Failed to get cache filename for brave-keyring
Apr 01 16:34:07 fedora packagekitd[1562]: Failed to get cache filename for brave-keyring
Apr 01 16:34:07 fedora packagekitd[1562]: Failed to get cache filename for brave-keyring
Apr 01 16:34:07 fedora packagekitd[1562]: Failed to get cache filename for containerd.io
Apr 01 16:34:07 fedora packagekitd[1562]: Failed to get cache filename for container-selinux
Apr 01 16:34:07 fedora packagekitd[1562]: Failed to get cache filename for systemd
Apr 01 16:34:07 fedora packagekitd[1562]: Failed to get cache filename for systemd
Apr 01 16:34:07 fedora packagekitd[1562]: Failed to get cache filename for bash
Apr 01 16:34:07 fedora packagekitd[1562]: Failed to get cache filename for container-selinux
Apr 01 16:34:07 fedora packagekitd[1562]: Failed to get cache filename for libseccomp
Apr 01 16:34:07 fedora packagekitd[1562]: Failed to get cache filename for libseccomp
Apr 01 16:34:07 fedora packagekitd[1562]: Failed to get cache filename for systemd
Apr 01 16:34:07 fedora packagekitd[1562]: Failed to get cache filename for systemd
Apr 01 16:34:07 fedora packagekitd[1562]: Failed to get cache filename for docker-ce
Apr 01 16:34:07 fedora packagekitd[1562]: Failed to get cache filename for container-selinux
Apr 01 16:34:07 fedora packagekitd[1562]: Failed to get cache filename for glibc
Apr 01 16:34:07 fedora packagekitd[1562]: Failed to get cache filename for glibc
Apr 01 16:34:07 fedora packagekitd[1562]: Failed to get cache filename for iptables-legacy
Apr 01 16:34:07 fedora packagekitd[1562]: Failed to get cache filename for iptables-nft
Apr 01 16:34:07 fedora packagekitd[1562]: Failed to get cache filename for nftables
Apr 01 16:34:07 fedora packagekitd[1562]: Failed to get cache filename for nftables
Apr 01 16:34:07 fedora packagekitd[1562]: Failed to get cache filename for systemd
Apr 01 16:34:07 fedora packagekitd[1562]: Failed to get cache filename for systemd
Apr 01 16:34:07 fedora packagekitd[1562]: Failed to get cache filename for systemd-libs
Apr 01 16:34:07 fedora packagekitd[1562]: Failed to get cache filename for xz
Apr 01 16:34:07 fedora packagekitd[1562]: Failed to get cache filename for bash
Apr 01 16:34:07 fedora packagekitd[1562]: Failed to get cache filename for container-selinux
Apr 01 16:34:07 fedora packagekitd[1562]: Failed to get cache filename for glibc
Apr 01 16:34:07 fedora packagekitd[1562]: Failed to get cache filename for glibc
Apr 01 16:34:07 fedora packagekitd[1562]: Failed to get cache filename for iptables-legacy
Apr 01 16:34:07 fedora packagekitd[1562]: Failed to get cache filename for iptables-nft
Apr 01 16:34:07 fedora packagekitd[1562]: Failed to get cache filename for libcgroup
Apr 01 16:34:07 fedora packagekitd[1562]: Failed to get cache filename for libcgroup
Apr 01 16:34:07 fedora packagekitd[1562]: Failed to get cache filename for nftables
Apr 01 16:34:07 fedora packagekitd[1562]: Failed to get cache filename for nftables
Apr 01 16:34:07 fedora packagekitd[1562]: Failed to get cache filename for shadow-utils
Apr 01 16:34:07 fedora packagekitd[1562]: Failed to get cache filename for systemd
Apr 01 16:34:07 fedora packagekitd[1562]: Failed to get cache filename for systemd
Apr 01 16:34:07 fedora packagekitd[1562]: Failed to get cache filename for systemd-libs
Apr 01 16:34:07 fedora packagekitd[1562]: Failed to get cache filename for tar
Apr 01 16:34:07 fedora packagekitd[1562]: Failed to get cache filename for xz
Apr 01 16:34:07 fedora packagekitd[1562]: Failed to get cache filename for containerd.io
Apr 01 16:34:07 fedora packagekitd[1562]: Failed to get cache filename for containerd.io
Apr 01 16:34:07 fedora packagekitd[1562]: Failed to get cache filename for containerd.io
Apr 01 16:34:07 fedora packagekitd[1562]: Failed to get cache filename for containerd.io
Apr 01 16:34:07 fedora packagekitd[1562]: Failed to get cache filename for containerd.io
Apr 01 16:34:07 fedora packagekitd[1562]: Failed to get cache filename for containerd.io
Apr 01 16:34:07 fedora packagekitd[1562]: Failed to get cache filename for containerd.io
Apr 01 16:34:07 fedora packagekitd[1562]: Failed to get cache filename for containerd.io
Apr 01 16:34:07 fedora packagekitd[1562]: Failed to get cache filename for docker-ce-cli
Apr 01 16:34:07 fedora packagekitd[1562]: Failed to get cache filename for docker-ce-cli
Apr 01 16:34:07 fedora packagekitd[1562]: Failed to get cache filename for docker-ce-cli
Apr 01 16:34:07 fedora packagekitd[1562]: Failed to get cache filename for docker-ce-cli
Apr 01 16:34:07 fedora packagekitd[1562]: Failed to get cache filename for docker-ce-cli
Apr 01 16:34:07 fedora packagekitd[1562]: Failed to get cache filename for docker-ce-cli
Apr 01 16:34:07 fedora packagekitd[1562]: Failed to get cache filename for docker-ce-cli
Apr 01 16:34:07 fedora packagekitd[1562]: Failed to get cache filename for docker-ce-cli
Apr 01 16:34:07 fedora packagekitd[1562]: Failed to get cache filename for docker-ce-cli
Apr 01 16:34:07 fedora packagekitd[1562]: Failed to get cache filename for docker-ce-cli
Apr 01 16:34:07 fedora packagekitd[1562]: Failed to get cache filename for docker-ce-cli
Apr 01 16:34:07 fedora packagekitd[1562]: Failed to get cache filename for docker-ce-cli
Apr 01 16:34:07 fedora packagekitd[1562]: Failed to get cache filename for docker-ce-cli
Apr 01 16:34:07 fedora packagekitd[1562]: Failed to get cache filename for docker-ce-cli
Apr 01 16:34:07 fedora packagekitd[1562]: Failed to get cache filename for docker-ce-cli
Apr 01 16:34:07 fedora packagekitd[1562]: Failed to get cache filename for docker-ce-cli
Apr 01 16:34:07 fedora packagekitd[1562]: Failed to get cache filename for docker-ce-cli
Apr 01 16:34:07 fedora packagekitd[1562]: Failed to get cache filename for docker-ce-cli
Apr 01 16:34:07 fedora packagekitd[1562]: Failed to get cache filename for docker-ce-cli
Apr 01 16:34:07 fedora packagekitd[1562]: Failed to get cache filename for docker-ce-cli
Apr 01 16:34:07 fedora packagekitd[1562]: Failed to get cache filename for docker-ce-cli
Apr 01 16:34:07 fedora packagekitd[1562]: Failed to get cache filename for docker-ce-cli
Apr 01 16:34:07 fedora packagekitd[1562]: Failed to get cache filename for docker-ce-cli
Apr 01 16:34:07 fedora packagekitd[1562]: Failed to get cache filename for docker-ce-cli
Apr 01 16:34:07 fedora packagekitd[1562]: Failed to get cache filename for docker-ce-cli
Apr 01 16:34:07 fedora packagekitd[1562]: Failed to get cache filename for docker-ce-cli
Apr 01 16:34:07 fedora packagekitd[1562]: Failed to get cache filename for docker-ce-cli
Apr 01 16:34:07 fedora packagekitd[1562]: Failed to get cache filename for docker-ce-cli
Apr 01 16:34:07 fedora packagekitd[1562]: Failed to get cache filename for docker-ce-cli
Apr 01 16:34:07 fedora packagekitd[1562]: Failed to get cache filename for glibc
Apr 01 16:34:07 fedora packagekitd[1562]: Failed to get cache filename for bash
Apr 01 16:34:07 fedora packagekitd[1562]: Failed to get cache filename for glibc
Apr 01 16:34:07 fedora packagekitd[1562]: Failed to get cache filename for shadow-utils
Apr 01 16:34:07 fedora packagekitd[1562]: Failed to get cache filename for docker-ce-rootless-extras
Apr 01 16:34:07 fedora packagekitd[1562]: Failed to get cache filename for glibc
Apr 01 16:34:07 fedora packagekitd[1562]: Failed to get cache filename for glibc
Apr 01 16:34:07 fedora packagekitd[1562]: Failed to get cache filename for passt
Apr 01 16:34:07 fedora packagekitd[1562]: Failed to get cache filename for bash
Apr 01 16:34:07 fedora packagekitd[1562]: Failed to get cache filename for fuse-overlayfs
Apr 01 16:34:07 fedora packagekitd[1562]: Failed to get cache filename for glibc
Apr 01 16:34:07 fedora packagekitd[1562]: Failed to get cache filename for glibc
Apr 01 16:34:07 fedora packagekitd[1562]: Failed to get cache filename for passt
Apr 01 16:34:07 fedora packagekitd[1562]: Failed to get cache filename for slirp4netns
Apr 01 16:34:07 fedora packagekitd[1562]: Failed to get cache filename for docker-ce
Apr 01 16:34:07 fedora packagekitd[1562]: Failed to get cache filename for docker-ce
Apr 01 16:34:07 fedora packagekitd[1562]: Failed to get cache filename for docker-ce
Apr 01 16:34:07 fedora packagekitd[1562]: Failed to get cache filename for docker-ce
Apr 01 16:34:07 fedora packagekitd[1562]: Failed to get cache filename for docker-ce
Apr 01 16:34:07 fedora packagekitd[1562]: Failed to get cache filename for docker-ce
Apr 01 16:34:07 fedora packagekitd[1562]: Failed to get cache filename for docker-ce
Apr 01 16:34:07 fedora packagekitd[1562]: Failed to get cache filename for docker-ce
Apr 01 16:34:07 fedora packagekitd[1562]: Failed to get cache filename for docker-ce
Apr 01 16:34:07 fedora packagekitd[1562]: Failed to get cache filename for docker-ce
Apr 01 16:34:07 fedora packagekitd[1562]: Failed to get cache filename for docker-ce
Apr 01 16:34:07 fedora packagekitd[1562]: Failed to get cache filename for docker-ce
Apr 01 16:34:07 fedora packagekitd[1562]: Failed to get cache filename for docker-ce
Apr 01 16:34:07 fedora packagekitd[1562]: Failed to get cache filename for docker-ce
Apr 01 16:34:07 fedora packagekitd[1562]: Failed to get cache filename for docker-ce
Apr 01 16:34:07 fedora packagekitd[1562]: Failed to get cache filename for docker-ce
Apr 01 16:34:07 fedora packagekitd[1562]: Failed to get cache filename for docker-ce
Apr 01 16:34:07 fedora packagekitd[1562]: Failed to get cache filename for docker-ce
Apr 01 16:34:07 fedora packagekitd[1562]: Failed to get cache filename for docker-ce
Apr 01 16:34:07 fedora packagekitd[1562]: Failed to get cache filename for docker-ce
Apr 01 16:34:07 fedora packagekitd[1562]: Failed to get cache filename for docker-ce
Apr 01 16:34:07 fedora packagekitd[1562]: Failed to get cache filename for docker-ce
Apr 01 16:34:07 fedora packagekitd[1562]: Failed to get cache filename for docker-ce
Apr 01 16:34:07 fedora packagekitd[1562]: Failed to get cache filename for docker-ce
Apr 01 16:34:07 fedora packagekitd[1562]: Failed to get cache filename for docker-ce
Apr 01 16:34:07 fedora packagekitd[1562]: Failed to get cache filename for docker-ce
Apr 01 16:34:07 fedora packagekitd[1562]: Failed to get cache filename for docker-ce
Apr 01 16:34:07 fedora packagekitd[1562]: Failed to get cache filename for docker-ce
Apr 01 16:34:07 fedora packagekitd[1562]: Failed to get cache filename for docker-compose-plugin
Apr 01 16:34:07 fedora packagekitd[1562]: Failed to get cache filename for bash
Apr 01 16:34:07 fedora packagekitd[1562]: Failed to get cache filename for antigravity
Apr 01 16:34:07 fedora packagekitd[1562]: Failed to get cache filename for alsa-lib
Apr 01 16:34:07 fedora packagekitd[1562]: Failed to get cache filename for at-spi2-atk
Apr 01 16:34:07 fedora packagekitd[1562]: Failed to get cache filename for at-spi2-core
Apr 01 16:34:07 fedora PackageKit[1562]: get-details transaction /15948_edabbceb from uid 1000 finished with success after 111ms
Apr 01 16:34:07 fedora packagekitd[1562]: Failed to get cache filename for atk
Apr 01 16:34:07 fedora packagekitd[1562]: Failed to get cache filename for ca-certificates
Apr 01 16:34:07 fedora packagekitd[1562]: Failed to get cache filename for cups-libs
Apr 01 16:34:07 fedora packagekitd[1562]: Failed to get cache filename for expat
Apr 01 16:34:07 fedora packagekitd[1562]: Failed to get cache filename for glib2
Apr 01 16:34:07 fedora packagekitd[1562]: Failed to get cache filename for glibc
Apr 01 16:34:07 fedora packagekitd[1562]: Failed to get cache filename for glibc
Apr 01 16:34:07 fedora packagekitd[1562]: Failed to get cache filename for libX11
Apr 01 16:34:07 fedora packagekitd[1562]: Failed to get cache filename for libcurl
Apr 01 16:34:07 fedora packagekitd[1562]: Failed to get cache filename for libcurl-minimal
Apr 01 16:34:07 fedora packagekitd[1562]: Failed to get cache filename for libgcc
Apr 01 16:34:07 fedora packagekitd[1562]: Failed to get cache filename for libstdc++
Apr 01 16:34:07 fedora packagekitd[1562]: Failed to get cache filename for mesa-libgbm
Apr 01 16:34:07 fedora packagekitd[1562]: Failed to get cache filename for nspr
Apr 01 16:34:07 fedora packagekitd[1562]: Failed to get cache filename for nss
Apr 01 16:34:07 fedora packagekitd[1562]: Failed to get cache filename for nss-util
Apr 01 16:34:07 fedora packagekitd[1562]: Failed to get cache filename for pango
Apr 01 16:34:07 fedora packagekitd[1562]: Failed to get cache filename for systemd-libs
Apr 01 16:34:07 fedora packagekitd[1562]: Failed to get cache filename for alsa-lib
Apr 01 16:34:07 fedora packagekitd[1562]: Failed to get cache filename for at-spi2-atk
Apr 01 16:34:07 fedora packagekitd[1562]: Failed to get cache filename for at-spi2-core
Apr 01 16:34:07 fedora packagekitd[1562]: Failed to get cache filename for atk
Apr 01 16:34:07 fedora packagekitd[1562]: Failed to get cache filename for bash
Apr 01 16:34:07 fedora packagekitd[1562]: Failed to get cache filename for ca-certificates
Apr 01 16:34:07 fedora packagekitd[1562]: Failed to get cache filename for cairo
Apr 01 16:34:07 fedora packagekitd[1562]: Failed to get cache filename for cups-libs
Apr 01 16:34:07 fedora packagekitd[1562]: Failed to get cache filename for dbus-libs
Apr 01 16:34:07 fedora packagekitd[1562]: Failed to get cache filename for expat
Apr 01 16:34:07 fedora packagekitd[1562]: Failed to get cache filename for glib2
Apr 01 16:34:07 fedora packagekitd[1562]: Failed to get cache filename for glibc
Apr 01 16:34:07 fedora packagekitd[1562]: Failed to get cache filename for glibc
Apr 01 16:34:07 fedora packagekitd[1562]: Failed to get cache filename for gtk3
Apr 01 16:34:07 fedora packagekitd[1562]: Failed to get cache filename for libX11
Apr 01 16:34:07 fedora packagekitd[1562]: Failed to get cache filename for libXcomposite
Apr 01 16:34:07 fedora packagekitd[1562]: Failed to get cache filename for libXdamage
Apr 01 16:34:07 fedora packagekitd[1562]: Failed to get cache filename for libXext
Apr 01 16:34:07 fedora packagekitd[1562]: Failed to get cache filename for libXfixes
Apr 01 16:34:07 fedora packagekitd[1562]: Failed to get cache filename for libXrandr
Apr 01 16:34:07 fedora packagekitd[1562]: Failed to get cache filename for libcurl
Apr 01 16:34:07 fedora packagekitd[1562]: Failed to get cache filename for libcurl-minimal
Apr 01 16:34:07 fedora packagekitd[1562]: Failed to get cache filename for libgcc
Apr 01 16:34:07 fedora packagekitd[1562]: Failed to get cache filename for libstdc++
Apr 01 16:34:07 fedora packagekitd[1562]: Failed to get cache filename for libxcb
Apr 01 16:34:07 fedora packagekitd[1562]: Failed to get cache filename for libxkbcommon
Apr 01 16:34:07 fedora packagekitd[1562]: Failed to get cache filename for libxkbfile
Apr 01 16:34:07 fedora packagekitd[1562]: Failed to get cache filename for mesa-libgbm
Apr 01 16:34:07 fedora packagekitd[1562]: Failed to get cache filename for nspr
Apr 01 16:34:07 fedora packagekitd[1562]: Failed to get cache filename for nss
Apr 01 16:34:07 fedora packagekitd[1562]: Failed to get cache filename for nss-util
Apr 01 16:34:07 fedora packagekitd[1562]: Failed to get cache filename for pango
Apr 01 16:34:07 fedora packagekitd[1562]: Failed to get cache filename for systemd-libs
Apr 01 16:34:07 fedora packagekitd[1562]: Failed to get cache filename for xdg-utils
Apr 01 16:34:07 fedora packagekitd[1562]: Failed to get cache filename for dnf4-plugin-notify-PackageKit
Apr 01 16:34:07 fedora packagekitd[1562]: Failed to get cache filename for python3
Apr 01 16:34:07 fedora packagekitd[1562]: Failed to get cache filename for python3
Apr 01 16:34:07 fedora packagekitd[1562]: Failed to get cache filename for python3
Apr 01 16:34:07 fedora packagekitd[1562]: Failed to get cache filename for python3
Apr 01 16:34:07 fedora packagekitd[1562]: Failed to get cache filename for kernel
Apr 01 16:34:07 fedora packagekitd[1562]: Failed to get cache filename for kernel-core
Apr 01 16:34:07 fedora packagekitd[1562]: Failed to get cache filename for kernel-modules
Apr 01 16:34:07 fedora packagekitd[1562]: Failed to get cache filename for kernel-modules-core
Apr 01 16:34:07 fedora packagekitd[1562]: Failed to get cache filename for kernel-modules-extra
Apr 01 16:34:07 fedora packagekitd[1562]: Failed to get cache filename for kernel-core
Apr 01 16:34:07 fedora packagekitd[1562]: Failed to get cache filename for coreutils
Apr 01 16:34:07 fedora packagekitd[1562]: Failed to get cache filename for coreutils-single
Apr 01 16:34:07 fedora packagekitd[1562]: Failed to get cache filename for dracut
Apr 01 16:34:07 fedora packagekitd[1562]: Failed to get cache filename for kernel-modules-core
Apr 01 16:34:07 fedora packagekitd[1562]: Failed to get cache filename for linux-firmware
Apr 01 16:34:07 fedora packagekitd[1562]: Failed to get cache filename for systemd
Apr 01 16:34:07 fedora packagekitd[1562]: Failed to get cache filename for systemd
Apr 01 16:34:07 fedora packagekitd[1562]: Failed to get cache filename for systemd-udev
Apr 01 16:34:07 fedora packagekitd[1562]: Failed to get cache filename for bash
Apr 01 16:34:07 fedora packagekitd[1562]: Failed to get cache filename for coreutils
Apr 01 16:34:07 fedora packagekitd[1562]: Failed to get cache filename for coreutils-single
Apr 01 16:34:07 fedora packagekitd[1562]: Failed to get cache filename for dracut
Apr 01 16:34:07 fedora packagekitd[1562]: Failed to get cache filename for linux-firmware
Apr 01 16:34:07 fedora packagekitd[1562]: Failed to get cache filename for systemd
Apr 01 16:34:07 fedora packagekitd[1562]: Failed to get cache filename for systemd
Apr 01 16:34:07 fedora packagekitd[1562]: Failed to get cache filename for systemd-udev
Apr 01 16:34:07 fedora packagekitd[1562]: Failed to get cache filename for kernel-devel
Apr 01 16:34:07 fedora packagekitd[1562]: Failed to get cache filename for bison
Apr 01 16:34:07 fedora packagekitd[1562]: Failed to get cache filename for elfutils-libelf-devel
Apr 01 16:34:07 fedora packagekitd[1562]: Failed to get cache filename for elfutils-libelf-devel
Apr 01 16:34:07 fedora packagekitd[1562]: Failed to get cache filename for gcc
Apr 01 16:34:07 fedora packagekitd[1562]: Failed to get cache filename for openssl-devel
Apr 01 16:34:07 fedora packagekitd[1562]: Failed to get cache filename for openssl-devel
Apr 01 16:34:07 fedora packagekitd[1562]: Failed to get cache filename for perl-interpreter
Apr 01 16:34:07 fedora packagekitd[1562]: Failed to get cache filename for bash
Apr 01 16:34:07 fedora packagekitd[1562]: Failed to get cache filename for bison
Apr 01 16:34:07 fedora packagekitd[1562]: Failed to get cache filename for elfutils-libelf-devel
Apr 01 16:34:07 fedora packagekitd[1562]: Failed to get cache filename for elfutils-libelf-devel
Apr 01 16:34:07 fedora packagekitd[1562]: Failed to get cache filename for findutils
Apr 01 16:34:07 fedora packagekitd[1562]: Failed to get cache filename for flex
Apr 01 16:34:07 fedora packagekitd[1562]: Failed to get cache filename for gcc
Apr 01 16:34:07 fedora packagekitd[1562]: Failed to get cache filename for make
Apr 01 16:34:07 fedora packagekitd[1562]: Failed to get cache filename for openssl-devel
Apr 01 16:34:07 fedora packagekitd[1562]: Failed to get cache filename for openssl-devel
Apr 01 16:34:07 fedora packagekitd[1562]: Failed to get cache filename for perl-interpreter
Apr 01 16:34:07 fedora packagekitd[1562]: Failed to get cache filename for kernel-modules
Apr 01 16:34:07 fedora packagekitd[1562]: Failed to get cache filename for kernel-core
Apr 01 16:34:07 fedora packagekitd[1562]: Failed to get cache filename for kernel-modules-core
Apr 01 16:34:07 fedora packagekitd[1562]: Failed to get cache filename for kernel-uki-virt
Apr 01 16:34:07 fedora packagekitd[1562]: Failed to get cache filename for bash
Apr 01 16:34:07 fedora packagekitd[1562]: Failed to get cache filename for kernel-modules-core
Apr 01 16:34:07 fedora packagekitd[1562]: Failed to get cache filename for kernel-core
Apr 01 16:34:07 fedora packagekitd[1562]: Failed to get cache filename for kernel-uki-virt
Apr 01 16:34:07 fedora packagekitd[1562]: Failed to get cache filename for bash
Apr 01 16:34:07 fedora packagekitd[1562]: Failed to get cache filename for kernel-modules-extra
Apr 01 16:34:07 fedora packagekitd[1562]: Failed to get cache filename for kernel-core
Apr 01 16:34:07 fedora packagekitd[1562]: Failed to get cache filename for kernel-modules
Apr 01 16:34:07 fedora packagekitd[1562]: Failed to get cache filename for kernel-modules-core
Apr 01 16:34:07 fedora packagekitd[1562]: Failed to get cache filename for kernel-uki-virt
Apr 01 16:34:07 fedora packagekitd[1562]: Failed to get cache filename for bash
Apr 01 16:34:07 fedora packagekitd[1562]: Failed to get cache filename for libdnf5-plugin-notify-PackageKit
Apr 01 16:34:07 fedora packagekitd[1562]: Failed to get cache filename for glibc
Apr 01 16:34:07 fedora packagekitd[1562]: Failed to get cache filename for glibc
Apr 01 16:34:07 fedora packagekitd[1562]: Failed to get cache filename for libdnf5
Apr 01 16:34:07 fedora packagekitd[1562]: Failed to get cache filename for libgcc
Apr 01 16:34:07 fedora packagekitd[1562]: Failed to get cache filename for libstdc++
Apr 01 16:34:07 fedora packagekitd[1562]: Failed to get cache filename for glibc
Apr 01 16:34:07 fedora packagekitd[1562]: Failed to get cache filename for glibc
Apr 01 16:34:07 fedora packagekitd[1562]: Failed to get cache filename for libdnf5
Apr 01 16:34:07 fedora packagekitd[1562]: Failed to get cache filename for libgcc
Apr 01 16:34:07 fedora packagekitd[1562]: Failed to get cache filename for libstdc++
Apr 01 16:34:07 fedora packagekitd[1562]: Failed to get cache filename for sdbus-cpp
Apr 01 16:34:07 fedora packagekitd[1562]: Failed to get cache filename for mypaint2-brushes
Apr 01 16:34:07 fedora packagekitd[1562]: Failed to get cache filename for python3-psutil
Apr 01 16:34:07 fedora packagekitd[1562]: Failed to get cache filename for glibc
Apr 01 16:34:07 fedora packagekitd[1562]: Failed to get cache filename for glibc
Apr 01 16:34:07 fedora packagekitd[1562]: Failed to get cache filename for python3
Apr 01 16:34:07 fedora packagekitd[1562]: Failed to get cache filename for python3
Apr 01 16:34:07 fedora packagekitd[1562]: Failed to get cache filename for glibc
Apr 01 16:34:07 fedora packagekitd[1562]: Failed to get cache filename for glibc
Apr 01 16:34:07 fedora packagekitd[1562]: Failed to get cache filename for python3
Apr 01 16:34:07 fedora packagekitd[1562]: Failed to get cache filename for python3
Apr 01 16:34:07 fedora PackageKit[1562]: get-updates transaction /15949_eebacbab from uid 1000 finished with success after 216ms
Apr 01 16:34:08 fedora PackageKit[1562]: get-updates transaction /15950_caaadace from uid 1000 finished with success after 206ms
Apr 01 16:34:08 fedora PackageKit[1562]: resolve transaction /15951_cccdccea from uid 1000 finished with success after 8ms
Apr 01 16:34:08 fedora PackageKit[1562]: search-file transaction /15952_edbbedaa from uid 1000 finished with success after 242ms
Apr 01 16:34:08 fedora PackageKit[1562]: search-file transaction /15953_eecebabc from uid 1000 finished with success after 7ms
Apr 01 16:34:08 fedora PackageKit[1562]: search-file transaction /15954_bbadceeb from uid 1000 finished with success after 8ms
Apr 01 16:34:08 fedora packagekitd[1562]: Failed to get cache filename for firefox
Apr 01 16:34:08 fedora packagekitd[1562]: Failed to get cache filename for mozilla-openh264
Apr 01 16:34:08 fedora packagekitd[1562]: Failed to get cache filename for alsa-lib
Apr 01 16:34:08 fedora packagekitd[1562]: Failed to get cache filename for atk
Apr 01 16:34:08 fedora packagekitd[1562]: Failed to get cache filename for gdk-pixbuf2
Apr 01 16:34:08 fedora packagekitd[1562]: Failed to get cache filename for glib2
Apr 01 16:34:08 fedora packagekitd[1562]: Failed to get cache filename for glibc
Apr 01 16:34:08 fedora packagekitd[1562]: Failed to get cache filename for glibc
Apr 01 16:34:08 fedora packagekitd[1562]: Failed to get cache filename for libX11
Apr 01 16:34:08 fedora packagekitd[1562]: Failed to get cache filename for libX11-xcb
Apr 01 16:34:08 fedora packagekitd[1562]: Failed to get cache filename for libdrm
Apr 01 16:34:08 fedora packagekitd[1562]: Failed to get cache filename for libgcc
Apr 01 16:34:08 fedora packagekitd[1562]: Failed to get cache filename for libjpeg-turbo
Apr 01 16:34:08 fedora packagekitd[1562]: Failed to get cache filename for libstdc++
Apr 01 16:34:08 fedora packagekitd[1562]: Failed to get cache filename for libvpx
Apr 01 16:34:08 fedora packagekitd[1562]: Failed to get cache filename for mesa-libgbm
Apr 01 16:34:08 fedora packagekitd[1562]: Failed to get cache filename for nspr
Apr 01 16:34:08 fedora packagekitd[1562]: Failed to get cache filename for nspr
Apr 01 16:34:08 fedora packagekitd[1562]: Failed to get cache filename for nss
Apr 01 16:34:08 fedora packagekitd[1562]: Failed to get cache filename for nss
Apr 01 16:34:08 fedora packagekitd[1562]: Failed to get cache filename for nss-util
Apr 01 16:34:08 fedora packagekitd[1562]: Failed to get cache filename for p11-kit-trust
Apr 01 16:34:08 fedora packagekitd[1562]: Failed to get cache filename for p11-kit-trust
Apr 01 16:34:08 fedora packagekitd[1562]: Failed to get cache filename for pango
Apr 01 16:34:08 fedora packagekitd[1562]: Failed to get cache filename for pciutils-libs
Apr 01 16:34:08 fedora packagekitd[1562]: Failed to get cache filename for pciutils-libs
Apr 01 16:34:08 fedora packagekitd[1562]: Failed to get cache filename for pipewire-libs
Apr 01 16:34:08 fedora packagekitd[1562]: Failed to get cache filename for pixman
Apr 01 16:34:08 fedora packagekitd[1562]: Failed to get cache filename for systemd-udev
Apr 01 16:34:08 fedora packagekitd[1562]: Failed to get cache filename for zlib-ng-compat
Apr 01 16:34:08 fedora packagekitd[1562]: Failed to get cache filename for alsa-lib
Apr 01 16:34:08 fedora packagekitd[1562]: Failed to get cache filename for atk
Apr 01 16:34:08 fedora packagekitd[1562]: Failed to get cache filename for bash
Apr 01 16:34:08 fedora packagekitd[1562]: Failed to get cache filename for cairo
Apr 01 16:34:08 fedora packagekitd[1562]: Failed to get cache filename for cairo-gobject
Apr 01 16:34:08 fedora packagekitd[1562]: Failed to get cache filename for dbus-libs
Apr 01 16:34:08 fedora packagekitd[1562]: Failed to get cache filename for fdk-aac-free
Apr 01 16:34:08 fedora PackageKit[1562]: get-details transaction /15955_caabeacc from uid 1000 finished with success after 7ms
Apr 01 16:34:08 fedora packagekitd[1562]: Failed to get cache filename for fontconfig
Apr 01 16:34:08 fedora packagekitd[1562]: Failed to get cache filename for freetype
Apr 01 16:34:08 fedora packagekitd[1562]: Failed to get cache filename for gdk-pixbuf2
Apr 01 16:34:08 fedora packagekitd[1562]: Failed to get cache filename for glib2
Apr 01 16:34:08 fedora packagekitd[1562]: Failed to get cache filename for glibc
Apr 01 16:34:08 fedora packagekitd[1562]: Failed to get cache filename for glibc
Apr 01 16:34:08 fedora packagekitd[1562]: Failed to get cache filename for gtk3
Apr 01 16:34:08 fedora packagekitd[1562]: Failed to get cache filename for libX11
Apr 01 16:34:08 fedora packagekitd[1562]: Failed to get cache filename for libX11-xcb
Apr 01 16:34:08 fedora packagekitd[1562]: Failed to get cache filename for libXcomposite
Apr 01 16:34:08 fedora packagekitd[1562]: Failed to get cache filename for libXdamage
Apr 01 16:34:08 fedora packagekitd[1562]: Failed to get cache filename for libXext
Apr 01 16:34:08 fedora packagekitd[1562]: Failed to get cache filename for libXfixes
Apr 01 16:34:08 fedora packagekitd[1562]: Failed to get cache filename for libXrandr
Apr 01 16:34:08 fedora packagekitd[1562]: Failed to get cache filename for libdrm
Apr 01 16:34:08 fedora packagekitd[1562]: Failed to get cache filename for libevent
Apr 01 16:34:08 fedora packagekitd[1562]: Failed to get cache filename for libffi
Apr 01 16:34:08 fedora packagekitd[1562]: Failed to get cache filename for libgcc
Apr 01 16:34:08 fedora packagekitd[1562]: Failed to get cache filename for libjpeg-turbo
Apr 01 16:34:08 fedora packagekitd[1562]: Failed to get cache filename for libstdc++
Apr 01 16:34:08 fedora packagekitd[1562]: Failed to get cache filename for libvpx
Apr 01 16:34:08 fedora packagekitd[1562]: Failed to get cache filename for libwebp
Apr 01 16:34:08 fedora packagekitd[1562]: Failed to get cache filename for libxcb
Apr 01 16:34:08 fedora packagekitd[1562]: Failed to get cache filename for mesa-libgbm
Apr 01 16:34:08 fedora packagekitd[1562]: Failed to get cache filename for mozilla-filesystem
Apr 01 16:34:08 fedora packagekitd[1562]: Failed to get cache filename for nspr
Apr 01 16:34:08 fedora packagekitd[1562]: Failed to get cache filename for nss
Apr 01 16:34:08 fedora packagekitd[1562]: Failed to get cache filename for nss-util
Apr 01 16:34:08 fedora packagekitd[1562]: Failed to get cache filename for p11-kit-trust
Apr 01 16:34:08 fedora packagekitd[1562]: Failed to get cache filename for p11-kit-trust
Apr 01 16:34:08 fedora packagekitd[1562]: Failed to get cache filename for pango
Apr 01 16:34:08 fedora packagekitd[1562]: Failed to get cache filename for pciutils-libs
Apr 01 16:34:08 fedora packagekitd[1562]: Failed to get cache filename for pciutils-libs
Apr 01 16:34:08 fedora packagekitd[1562]: Failed to get cache filename for pipewire-libs
Apr 01 16:34:08 fedora packagekitd[1562]: Failed to get cache filename for pixman
Apr 01 16:34:08 fedora packagekitd[1562]: Failed to get cache filename for systemd-udev
Apr 01 16:34:08 fedora packagekitd[1562]: Failed to get cache filename for zlib-ng-compat
Apr 01 16:34:08 fedora packagekitd[1562]: Failed to get cache filename for fdk-aac
Apr 01 16:34:08 fedora PackageKit[1562]: resolve transaction /15956_abccecae from uid 1000 finished with success after 3ms
Apr 01 16:34:08 fedora PackageKit[1562]: resolve transaction /15957_aacebeda from uid 1000 finished with success after 4ms
Apr 01 16:34:08 fedora PackageKit[1562]: resolve transaction /15958_bdaddbcd from uid 1000 finished with success after 4ms
Apr 01 16:34:08 fedora PackageKit[1562]: resolve transaction /15959_aabcedce from uid 1000 finished with success after 7ms
Apr 01 16:34:08 fedora PackageKit[1562]: resolve transaction /15960_acabdcce from uid 1000 finished with success after 3ms
Apr 01 16:34:09 fedora PackageKit[1562]: upgrade-system transaction /15961_bbdeaaee from uid 1000 finished with success after 677ms
Apr 01 16:34:09 fedora realmd[1916]: quitting realmd service after timeout
Apr 01 16:34:09 fedora realmd[1916]: stopping service
Apr 01 16:34:09 fedora systemd[1]: realmd.service: Deactivated successfully.
Apr 01 16:34:09 fedora audit[1]: SERVICE_STOP pid=1 uid=0 auid=4294967295 ses=4294967295 subj=system_u:system_r:init_t:s0 msg='unit=realmd comm="systemd" exe="/usr/lib/systemd/systemd" hostname=? addr=? terminal=? res=success'
Apr 01 16:34:09 fedora audit: BPF prog-id=83 op=UNLOAD
Apr 01 16:34:09 fedora PackageKit[1562]: get-updates transaction /15962_ccabacaa from uid 1000 finished with success after 217ms
Apr 01 16:34:10 fedora PackageKit[1562]: get-updates transaction /15963_accadbac from uid 1000 finished with success after 225ms
Apr 01 16:34:10 fedora systemd-resolved[960]: Using degraded feature set UDP instead of UDP+EDNS0 for DNS server 8.8.8.8.
Apr 01 16:34:11 fedora systemd[1]: systemd-hostnamed.service: Deactivated successfully.
Apr 01 16:34:11 fedora audit[1]: SERVICE_STOP pid=1 uid=0 auid=4294967295 ses=4294967295 subj=system_u:system_r:init_t:s0 msg='unit=systemd-hostnamed comm="systemd" exe="/usr/lib/systemd/systemd" hostname=? addr=? terminal=? res=success'
Apr 01 16:34:11 fedora audit: BPF prog-id=85 op=UNLOAD
Apr 01 16:34:12 fedora wpa_supplicant[1270]: wlo1: RSN: failed to get master session key from pre-auth EAPOL state machines
Apr 01 16:34:12 fedora wpa_supplicant[1270]: wlo1: RSN: pre-authentication with bc:a9:93:a7:73:b0 failed
Apr 01 16:34:15 fedora chronyd[1014]: Selected source 192.46.210.39 (2.fedora.pool.ntp.org)
Apr 01 16:34:15 fedora chrome[3170]: [3170:3233:0401/163415.801295:INFO:chrome/browser/extensions/extension_garbage_collector.cc:188] Garbage collection for extensions on file thread is complete.
Apr 01 16:34:15 fedora PackageKit[1562]: get-updates transaction /15964_deaedced from uid 1000 finished with success after 216ms
Apr 01 16:34:16 fedora systemd-resolved[960]: Using degraded feature set UDP instead of UDP+EDNS0 for DNS server 8.8.4.4.
Apr 01 16:34:16 fedora PackageKit[1562]: get-updates transaction /15965_eecbedeb from uid 1000 finished with success after 215ms
Apr 01 16:34:16 fedora PackageKit[1562]: new update-packages transaction /15966_ebabeadd scheduled from uid 1000
Apr 01 16:34:26 fedora PackageKit[1562]: update-packages transaction /15966_ebabeadd from uid 1000 finished with success after 10741ms
Apr 01 16:34:28 fedora systemd-resolved[960]: Using degraded feature set TCP instead of UDP for DNS server 8.8.8.8.
Apr 01 16:34:29 fedora PackageKit[1562]: get-updates transaction /15967_beebecbb from uid 1000 finished with success after 197ms
Apr 01 16:34:33 fedora systemd[2123]: Started app-gnome-kitty-3754.scope - Application launched by gsd-media-keys.
Apr 01 16:34:33 fedora systemd[2123]: Started kitty-3754-0.scope - kitty child process: 3762 launched by: 3754.
Apr 01 16:34:35 fedora systemd[1]: systemd-localed.service: Deactivated successfully.
Apr 01 16:34:35 fedora audit[1]: SERVICE_STOP pid=1 uid=0 auid=4294967295 ses=4294967295 subj=system_u:system_r:init_t:s0 msg='unit=systemd-localed comm="systemd" exe="/usr/lib/systemd/systemd" hostname=? addr=? terminal=? res=success'
Apr 01 16:34:36 fedora audit: BPF prog-id=90 op=UNLOAD
Apr 01 16:34:36 fedora audit: BPF prog-id=89 op=UNLOAD
Apr 01 16:34:36 fedora audit: BPF prog-id=88 op=UNLOAD
Apr 01 16:34:39 fedora systemd-resolved[960]: Using degraded feature set TCP instead of UDP for DNS server 8.8.4.4.
Apr 01 16:34:40 fedora systemd[2123]: Starting gvfs-metadata.service - Virtual filesystem metadata service...
Apr 01 16:34:40 fedora systemd[2123]: Started gvfs-metadata.service - Virtual filesystem metadata service.
Apr 01 16:34:42 fedora wpa_supplicant[1270]: wlo1: RSN: failed to get master session key from pre-auth EAPOL state machines
Apr 01 16:34:42 fedora wpa_supplicant[1270]: wlo1: RSN: pre-authentication with bc:a9:93:a7:73:b0 failed
Apr 01 16:34:48 fedora kitty[3754]: [15.323] [PARSE ERROR] Escape codes to resize text area are not supported
Apr 01 16:34:48 fedora kitty[3754]: [15.357] [PARSE ERROR] Escape codes to resize text area are not supported
Apr 01 16:34:50 fedora PackageKit[1562]: resolve transaction /15968_baaddddb from uid 1000 finished with success after 3ms
Apr 01 16:34:50 fedora packagekitd[1562]: Failed to get cache filename for containers-common-extra
Apr 01 16:34:50 fedora packagekitd[1562]: Failed to get cache filename for containernetworking-plugins
Apr 01 16:34:50 fedora packagekitd[1562]: Failed to get cache filename for containers-common
Apr 01 16:34:50 fedora packagekitd[1562]: Failed to get cache filename for crun
Apr 01 16:34:50 fedora packagekitd[1562]: Failed to get cache filename for netavark
Apr 01 16:34:50 fedora packagekitd[1562]: Failed to get cache filename for passt
Apr 01 16:34:50 fedora packagekitd[1562]: Failed to get cache filename for qemu-user-static-aarch64
Apr 01 16:34:50 fedora packagekitd[1562]: Failed to get cache filename for qemu-user-static-arm
Apr 01 16:34:50 fedora packagekitd[1562]: Failed to get cache filename for qemu-user-static-x86
Apr 01 16:34:50 fedora packagekitd[1562]: Failed to get cache filename for runc
Apr 01 16:34:50 fedora packagekitd[1562]: Failed to get cache filename for containernetworking-plugins
Apr 01 16:34:50 fedora packagekitd[1562]: Failed to get cache filename for crun
Apr 01 16:34:50 fedora packagekitd[1562]: Failed to get cache filename for netavark
Apr 01 16:34:50 fedora packagekitd[1562]: Failed to get cache filename for passt
Apr 01 16:34:50 fedora packagekitd[1562]: Failed to get cache filename for qemu-user-static-aarch64
Apr 01 16:34:50 fedora packagekitd[1562]: Failed to get cache filename for qemu-user-static-arm
Apr 01 16:34:50 fedora packagekitd[1562]: Failed to get cache filename for qemu-user-static-x86
Apr 01 16:34:50 fedora packagekitd[1562]: Failed to get cache filename for runc
Apr 01 16:34:50 fedora packagekitd[1562]: Failed to get cache filename for cups-filesystem
Apr 01 16:34:50 fedora packagekitd[1562]: Failed to get cache filename for kernel-devel-matched
Apr 01 16:34:50 fedora packagekitd[1562]: Failed to get cache filename for kernel-core
Apr 01 16:34:50 fedora packagekitd[1562]: Failed to get cache filename for kernel-devel
Apr 01 16:34:50 fedora packagekitd[1562]: Failed to get cache filename for kernel
Apr 01 16:34:50 fedora packagekitd[1562]: Failed to get cache filename for kernel-core
Apr 01 16:34:50 fedora packagekitd[1562]: Failed to get cache filename for kernel-modules
Apr 01 16:34:50 fedora packagekitd[1562]: Failed to get cache filename for kernel-modules-core
Apr 01 16:34:50 fedora packagekitd[1562]: Failed to get cache filename for kernel-modules-extra
Apr 01 16:34:50 fedora PackageKit[1562]: get-details transaction /15969_bbdbdeea from uid 1000 finished with success after 5ms
Apr 01 16:34:50 fedora PackageKit[1562]: get-updates transaction /15970_bccbecba from uid 1000 finished with success after 195ms
Apr 01 16:34:50 fedora gnome-shell[2305]: meta_window_set_stack_position_no_sync: assertion 'window->stack_position >= 0' failed
Apr 01 16:34:50 fedora gnome-shell[2305]: meta_window_set_stack_position_no_sync: assertion 'window->stack_position >= 0' failed
Apr 01 16:34:50 fedora PackageKit[1562]: get-updates transaction /15971_daacdace from uid 1000 finished with success after 211ms
Apr 01 16:34:50 fedora PackageKit[1562]: get-updates transaction /15972_acbceebd from uid 1000 finished with success after 210ms
Apr 01 16:35:05 fedora gnome-shell[2305]: meta_window_set_stack_position_no_sync: assertion 'window->stack_position >= 0' failed
Apr 01 16:35:05 fedora gnome-shell[2305]: Received error from D-Bus search provider org.gnome.Boxes.desktop: Gio.IOErrorEnum: Cannot invoke method; proxy is for the well-known name org.gnome.Boxes.SearchProvider without an owner, and proxy was constructed with the G_DBUS_PROXY_FLAGS_DO_NOT_AUTO_START flag
Apr 01 16:35:05 fedora systemd[2123]: Started dbus-:1.2-org.gnome.Calculator.SearchProvider@0.service.
Apr 01 16:35:05 fedora systemd[2123]: Started dbus-:1.2-org.gnome.Calendar@0.service.
Apr 01 16:35:05 fedora systemd[2123]: Started dbus-:1.2-org.gnome.Characters@0.service.
Apr 01 16:35:05 fedora systemd[2123]: Started dbus-:1.2-org.gnome.Contacts.SearchProvider@0.service.
Apr 01 16:35:05 fedora systemd[2123]: Started dbus-:1.2-org.gnome.Nautilus@0.service.
Apr 01 16:35:05 fedora systemd[2123]: Started dbus-:1.2-org.gnome.Settings.SearchProvider@0.service.
Apr 01 16:35:05 fedora systemd[2123]: Started dbus-:1.2-org.gnome.clocks@0.service.
Apr 01 16:35:05 fedora systemd[2123]: Started dbus-:1.2-org.mozilla.firefox.SearchProvider@0.service.
Apr 01 16:35:05 fedora nautilus[4843]: Connecting to org.freedesktop.Tracker3.Miner.Files
Apr 01 16:35:05 fedora systemd[2123]: Starting obex.service - Bluetooth OBEX service...
Apr 01 16:35:05 fedora audit: BPF prog-id=92 op=LOAD
Apr 01 16:35:05 fedora audit: BPF prog-id=93 op=LOAD
Apr 01 16:35:05 fedora audit: BPF prog-id=94 op=LOAD
Apr 01 16:35:05 fedora systemd[1]: Starting systemd-timedated.service - Time & Date Service...
Apr 01 16:35:05 fedora obexd[4913]: OBEX daemon 5.84
Apr 01 16:35:05 fedora systemd[2123]: Started obex.service - Bluetooth OBEX service.
Apr 01 16:35:05 fedora systemd[1]: Started systemd-timedated.service - Time & Date Service.
Apr 01 16:35:05 fedora audit[1]: SERVICE_START pid=1 uid=0 auid=4294967295 ses=4294967295 subj=system_u:system_r:init_t:s0 msg='unit=systemd-timedated comm="systemd" exe="/usr/lib/systemd/systemd" hostname=? addr=? terminal=? res=success'
Apr 01 16:35:05 fedora gnome-character[4841]: JS LOG: Characters Application started
Apr 01 16:35:05 fedora systemd[2123]: Created slice background.slice - User Background Tasks Slice.
Apr 01 16:35:05 fedora systemd[2123]: Started dbus-:1.2-org.gnome.NautilusPreviewer@0.service.
Apr 01 16:35:05 fedora systemd[2123]: Starting localsearch-3.service - Tracker file system data miner...
Apr 01 16:35:05 fedora gnome-calendar[4840]: Running Calendar as a service
Apr 01 16:35:05 fedora systemd-logind[1059]: /boot/loader/entries/3092e47ce2fc41378fb626141642a2f0-0-rescue.conf:6: Unknown line 'grub_users', ignoring.
Apr 01 16:35:05 fedora systemd-logind[1059]: /boot/loader/entries/3092e47ce2fc41378fb626141642a2f0-0-rescue.conf:7: Unknown line 'grub_arg', ignoring.
Apr 01 16:35:05 fedora systemd-logind[1059]: /boot/loader/entries/3092e47ce2fc41378fb626141642a2f0-0-rescue.conf:8: Unknown line 'grub_class', ignoring.
Apr 01 16:35:05 fedora systemd-logind[1059]: /boot/loader/entries/3092e47ce2fc41378fb626141642a2f0-6.18.13-100.fc42.x86_64.conf:6: Unknown line 'grub_users', ignoring.
Apr 01 16:35:05 fedora systemd-logind[1059]: /boot/loader/entries/3092e47ce2fc41378fb626141642a2f0-6.18.13-100.fc42.x86_64.conf:7: Unknown line 'grub_arg', ignoring.
Apr 01 16:35:05 fedora systemd-logind[1059]: /boot/loader/entries/3092e47ce2fc41378fb626141642a2f0-6.18.13-100.fc42.x86_64.conf:8: Unknown line 'grub_class', ignoring.
Apr 01 16:35:05 fedora systemd-logind[1059]: /boot/loader/entries/3092e47ce2fc41378fb626141642a2f0-6.18.10-100.fc42.x86_64.conf:6: Unknown line 'grub_users', ignoring.
Apr 01 16:35:05 fedora systemd-logind[1059]: /boot/loader/entries/3092e47ce2fc41378fb626141642a2f0-6.18.10-100.fc42.x86_64.conf:7: Unknown line 'grub_arg', ignoring.
Apr 01 16:35:05 fedora systemd-logind[1059]: /boot/loader/entries/3092e47ce2fc41378fb626141642a2f0-6.18.10-100.fc42.x86_64.conf:8: Unknown line 'grub_class', ignoring.
Apr 01 16:35:05 fedora systemd-logind[1059]: /boot/loader/entries/3092e47ce2fc41378fb626141642a2f0-6.18.7-100.fc42.x86_64.conf:6: Unknown line 'grub_users', ignoring.
Apr 01 16:35:05 fedora systemd-logind[1059]: /boot/loader/entries/3092e47ce2fc41378fb626141642a2f0-6.18.7-100.fc42.x86_64.conf:7: Unknown line 'grub_arg', ignoring.
Apr 01 16:35:05 fedora systemd-logind[1059]: /boot/loader/entries/3092e47ce2fc41378fb626141642a2f0-6.18.7-100.fc42.x86_64.conf:8: Unknown line 'grub_class', ignoring.
Apr 01 16:35:05 fedora systemd[2123]: Started localsearch-3.service - Tracker file system data miner.
Apr 01 16:35:06 fedora gnome-shell[2305]: Type gint32 of property AccountsService.User::password-mode does not match return type interface of getter get_password_mode. Falling back to slow path
Apr 01 16:35:06 fedora systemd[1]: virtqemud.service: Deactivated successfully.
Apr 01 16:35:06 fedora audit[1]: SERVICE_STOP pid=1 uid=0 auid=4294967295 ses=4294967295 subj=system_u:system_r:init_t:s0 msg='unit=virtqemud comm="systemd" exe="/usr/lib/systemd/systemd" hostname=? addr=? terminal=? res=success'
Apr 01 16:35:07 fedora audit: BPF prog-id=95 op=LOAD
Apr 01 16:35:07 fedora systemd[1]: Starting fprintd.service - Fingerprint Authentication Daemon...
Apr 01 16:35:07 fedora systemd[1]: Started fprintd.service - Fingerprint Authentication Daemon.
Apr 01 16:35:07 fedora audit[1]: SERVICE_START pid=1 uid=0 auid=4294967295 ses=4294967295 subj=system_u:system_r:init_t:s0 msg='unit=fprintd comm="systemd" exe="/usr/lib/systemd/systemd" hostname=? addr=? terminal=? res=success'
Apr 01 16:35:16 fedora systemd[2123]: dbus-:1.2-org.gnome.NautilusPreviewer@0.service: Consumed 405ms CPU time, 77.5M memory peak.
Apr 01 16:35:16 fedora gnome-character[4841]: JS LOG: Characters Application exiting
Apr 01 16:35:16 fedora systemd[2123]: dbus-:1.2-org.gnome.Characters@0.service: Consumed 780ms CPU time, 84.7M memory peak.
Apr 01 16:35:20 fedora chronyd[1014]: Selected source 139.59.55.93 (2.fedora.pool.ntp.org)
Apr 01 16:35:25 fedora gdm-password][5302]: gkr-pam: unlocked login keyring
Apr 01 16:35:25 fedora audit[5302]: USER_AUTH pid=5302 uid=0 auid=1000 ses=2 subj=system_u:system_r:xdm_t:s0-s0:c0.c1023 msg='op=PAM:authentication grantors=pam_unix,pam_gnome_keyring acct="nigam" exe="/usr/libexec/gdm-session-worker" hostname=fedora addr=? terminal=/dev/tty1 res=success'
Apr 01 16:35:25 fedora audit[5302]: USER_ACCT pid=5302 uid=0 auid=1000 ses=2 subj=system_u:system_r:xdm_t:s0-s0:c0.c1023 msg='op=PAM:accounting grantors=pam_unix acct="nigam" exe="/usr/libexec/gdm-session-worker" hostname=fedora addr=? terminal=/dev/tty1 res=success'
Apr 01 16:35:25 fedora audit[5302]: CRED_REFR pid=5302 uid=0 auid=1000 ses=2 subj=system_u:system_r:xdm_t:s0-s0:c0.c1023 msg='op=PAM:setcred grantors=pam_unix,pam_gnome_keyring acct="nigam" exe="/usr/libexec/gdm-session-worker" hostname=fedora addr=? terminal=/dev/tty1 res=success'
Apr 01 16:35:25 fedora NetworkManager[1241]: <info>  [1775041525.5430] agent-manager: agent[1b844b77df338065,:1.103/org.gnome.Shell.NetworkAgent/1000]: agent registered
Apr 01 16:35:25 fedora gnome-shell[2305]: meta_window_set_stack_position_no_sync: assertion 'window->stack_position >= 0' failed
Apr 01 16:35:25 fedora gnome-shell[2305]: meta_window_set_stack_position_no_sync: assertion 'window->stack_position >= 0' failed
Apr 01 16:35:25 fedora gnome-shell[2305]: meta_window_set_stack_position_no_sync: assertion 'window->stack_position >= 0' failed
Apr 01 16:35:30 fedora systemd-resolved[960]: Using degraded feature set UDP instead of TCP for DNS server 8.8.4.4.
Apr 01 16:35:35 fedora systemd[1]: systemd-timedated.service: Deactivated successfully.
Apr 01 16:35:35 fedora audit[1]: SERVICE_STOP pid=1 uid=0 auid=4294967295 ses=4294967295 subj=system_u:system_r:init_t:s0 msg='unit=systemd-timedated comm="systemd" exe="/usr/lib/systemd/systemd" hostname=? addr=? terminal=? res=success'
Apr 01 16:35:35 fedora audit: BPF prog-id=94 op=UNLOAD
Apr 01 16:35:35 fedora audit: BPF prog-id=93 op=UNLOAD
Apr 01 16:35:35 fedora audit: BPF prog-id=92 op=UNLOAD
Apr 01 16:35:37 fedora systemd[1]: fprintd.service: Deactivated successfully.
Apr 01 16:35:37 fedora audit[1]: SERVICE_STOP pid=1 uid=0 auid=4294967295 ses=4294967295 subj=system_u:system_r:init_t:s0 msg='unit=fprintd comm="systemd" exe="/usr/lib/systemd/systemd" hostname=? addr=? terminal=? res=success'
Apr 01 16:35:37 fedora audit: BPF prog-id=95 op=UNLOAD
Apr 01 16:35:40 fedora systemd-resolved[960]: Using degraded feature set UDP instead of TCP for DNS server 8.8.8.8.
Apr 01 16:35:46 fedora systemd-resolved[960]: Using degraded feature set TCP instead of UDP for DNS server 8.8.4.4.
Apr 01 16:36:05 fedora systemd[2123]: Starting grub-boot-success.service - Mark boot as successful...
Apr 01 16:36:05 fedora systemd[2123]: Finished grub-boot-success.service - Mark boot as successful.
Apr 01 16:36:22 fedora systemd-resolved[960]: Using degraded feature set TCP instead of UDP for DNS server 8.8.8.8.
Apr 01 16:36:32 fedora systemd-resolved[960]: Using degraded feature set UDP instead of TCP for DNS server 8.8.4.4.
Apr 01 16:36:43 fedora systemd-resolved[960]: Using degraded feature set UDP instead of TCP for DNS server 8.8.8.8.
Apr 01 16:36:48 fedora systemd-resolved[960]: Using degraded feature set TCP instead of UDP for DNS server 8.8.4.4.
Apr 01 16:37:03 fedora systemd-resolved[960]: Using degraded feature set TCP instead of UDP for DNS server 8.8.8.8.
Apr 01 16:37:30 fedora gnome-shell[2305]: meta_window_set_stack_position_no_sync: assertion 'window->stack_position >= 0' failed
Apr 01 16:37:30 fedora gnome-shell[2305]: meta_window_set_stack_position_no_sync: assertion 'window->stack_position >= 0' failed
Apr 01 16:37:30 fedora gnome-shell[2305]: meta_window_set_stack_position_no_sync: assertion 'window->stack_position >= 0' failed
Apr 01 16:37:30 fedora gnome-shell[2305]: meta_window_set_stack_position_no_sync: assertion 'window->stack_position >= 0' failed
Apr 01 16:37:31 fedora gnome-shell[2305]: meta_window_set_stack_position_no_sync: assertion 'window->stack_position >= 0' failed
Apr 01 16:37:32 fedora gnome-shell[2305]: meta_window_set_stack_position_no_sync: assertion 'window->stack_position >= 0' failed
Apr 01 16:37:39 fedora systemd-resolved[960]: Using degraded feature set UDP instead of TCP for DNS server 8.8.4.4.
Apr 01 16:37:51 fedora gnome-shell[2305]: Received error from D-Bus search provider org.gnome.Boxes.desktop: Gio.IOErrorEnum: Cannot invoke method; proxy is for the well-known name org.gnome.Boxes.SearchProvider without an owner, and proxy was constructed with the G_DBUS_PROXY_FLAGS_DO_NOT_AUTO_START flag
Apr 01 16:37:51 fedora systemd[2123]: Started dbus-:1.2-org.gnome.Calculator.SearchProvider@1.service.
Apr 01 16:37:51 fedora systemd[2123]: Started dbus-:1.2-org.gnome.Calendar@1.service.
Apr 01 16:37:51 fedora systemd[2123]: Started dbus-:1.2-org.gnome.Characters@1.service.
Apr 01 16:37:51 fedora systemd[2123]: Started dbus-:1.2-org.gnome.Contacts.SearchProvider@1.service.
Apr 01 16:37:51 fedora systemd[2123]: Started dbus-:1.2-org.gnome.Nautilus@1.service.
Apr 01 16:37:51 fedora systemd[2123]: Started dbus-:1.2-org.gnome.Settings.SearchProvider@1.service.
Apr 01 16:37:51 fedora systemd[2123]: Started dbus-:1.2-org.gnome.clocks@1.service.
Apr 01 16:37:51 fedora nautilus[5547]: Connecting to org.freedesktop.Tracker3.Miner.Files
Apr 01 16:37:51 fedora audit: BPF prog-id=96 op=LOAD
Apr 01 16:37:51 fedora audit: BPF prog-id=97 op=LOAD
Apr 01 16:37:51 fedora audit: BPF prog-id=98 op=LOAD
Apr 01 16:37:51 fedora systemd[1]: Starting systemd-timedated.service - Time & Date Service...
Apr 01 16:37:51 fedora systemd[2123]: Started dbus-:1.2-org.gnome.NautilusPreviewer@1.service.
Apr 01 16:37:51 fedora systemd[1]: Started systemd-timedated.service - Time & Date Service.
Apr 01 16:37:51 fedora audit[1]: SERVICE_START pid=1 uid=0 auid=4294967295 ses=4294967295 subj=system_u:system_r:init_t:s0 msg='unit=systemd-timedated comm="systemd" exe="/usr/lib/systemd/systemd" hostname=? addr=? terminal=? res=success'
Apr 01 16:37:51 fedora gnome-character[5545]: JS LOG: Characters Application started
Apr 01 16:37:51 fedora gnome-calendar[5544]: Running Calendar as a service
Apr 01 16:37:51 fedora systemd-logind[1059]: /boot/loader/entries/3092e47ce2fc41378fb626141642a2f0-0-rescue.conf:6: Unknown line 'grub_users', ignoring.
Apr 01 16:37:51 fedora systemd-logind[1059]: /boot/loader/entries/3092e47ce2fc41378fb626141642a2f0-0-rescue.conf:7: Unknown line 'grub_arg', ignoring.
Apr 01 16:37:51 fedora systemd-logind[1059]: /boot/loader/entries/3092e47ce2fc41378fb626141642a2f0-0-rescue.conf:8: Unknown line 'grub_class', ignoring.
Apr 01 16:37:51 fedora systemd-logind[1059]: /boot/loader/entries/3092e47ce2fc41378fb626141642a2f0-6.18.13-100.fc42.x86_64.conf:6: Unknown line 'grub_users', ignoring.
Apr 01 16:37:51 fedora systemd-logind[1059]: /boot/loader/entries/3092e47ce2fc41378fb626141642a2f0-6.18.13-100.fc42.x86_64.conf:7: Unknown line 'grub_arg', ignoring.
Apr 01 16:37:51 fedora systemd-logind[1059]: /boot/loader/entries/3092e47ce2fc41378fb626141642a2f0-6.18.13-100.fc42.x86_64.conf:8: Unknown line 'grub_class', ignoring.
Apr 01 16:37:51 fedora systemd-logind[1059]: /boot/loader/entries/3092e47ce2fc41378fb626141642a2f0-6.18.10-100.fc42.x86_64.conf:6: Unknown line 'grub_users', ignoring.
Apr 01 16:37:51 fedora systemd-logind[1059]: /boot/loader/entries/3092e47ce2fc41378fb626141642a2f0-6.18.10-100.fc42.x86_64.conf:7: Unknown line 'grub_arg', ignoring.
Apr 01 16:37:51 fedora systemd-logind[1059]: /boot/loader/entries/3092e47ce2fc41378fb626141642a2f0-6.18.10-100.fc42.x86_64.conf:8: Unknown line 'grub_class', ignoring.
Apr 01 16:37:51 fedora systemd-logind[1059]: /boot/loader/entries/3092e47ce2fc41378fb626141642a2f0-6.18.7-100.fc42.x86_64.conf:6: Unknown line 'grub_users', ignoring.
Apr 01 16:37:51 fedora systemd-logind[1059]: /boot/loader/entries/3092e47ce2fc41378fb626141642a2f0-6.18.7-100.fc42.x86_64.conf:7: Unknown line 'grub_arg', ignoring.
Apr 01 16:37:51 fedora systemd-logind[1059]: /boot/loader/entries/3092e47ce2fc41378fb626141642a2f0-6.18.7-100.fc42.x86_64.conf:8: Unknown line 'grub_class', ignoring.
Apr 01 16:37:51 fedora gnome-shell[2305]: Received error from D-Bus search provider org.gnome.Boxes.desktop: Gio.IOErrorEnum: Cannot invoke method; proxy is for the well-known name org.gnome.Boxes.SearchProvider without an owner, and proxy was constructed with the G_DBUS_PROXY_FLAGS_DO_NOT_AUTO_START flag
Apr 01 16:37:52 fedora PackageKit[1562]: resolve transaction /15973_bebdcbcb from uid 1000 finished with success after 4ms
Apr 01 16:37:52 fedora PackageKit[1562]: resolve transaction /15974_edcadddc from uid 1000 finished with success after 3ms
Apr 01 16:37:53 fedora systemd[2123]: Started app-gnome-org.mozilla.firefox-5668.scope - Application launched by gnome-shell.
Apr 01 16:37:53 fedora systemd-logind[1059]: /boot/loader/entries/3092e47ce2fc41378fb626141642a2f0-0-rescue.conf:6: Unknown line 'grub_users', ignoring.
Apr 01 16:37:53 fedora systemd-logind[1059]: /boot/loader/entries/3092e47ce2fc41378fb626141642a2f0-0-rescue.conf:7: Unknown line 'grub_arg', ignoring.
Apr 01 16:37:53 fedora systemd-logind[1059]: /boot/loader/entries/3092e47ce2fc41378fb626141642a2f0-0-rescue.conf:8: Unknown line 'grub_class', ignoring.
Apr 01 16:37:53 fedora systemd-logind[1059]: /boot/loader/entries/3092e47ce2fc41378fb626141642a2f0-6.18.13-100.fc42.x86_64.conf:6: Unknown line 'grub_users', ignoring.
Apr 01 16:37:53 fedora systemd-logind[1059]: /boot/loader/entries/3092e47ce2fc41378fb626141642a2f0-6.18.13-100.fc42.x86_64.conf:7: Unknown line 'grub_arg', ignoring.
Apr 01 16:37:53 fedora systemd-logind[1059]: /boot/loader/entries/3092e47ce2fc41378fb626141642a2f0-6.18.13-100.fc42.x86_64.conf:8: Unknown line 'grub_class', ignoring.
Apr 01 16:37:53 fedora systemd-logind[1059]: /boot/loader/entries/3092e47ce2fc41378fb626141642a2f0-6.18.10-100.fc42.x86_64.conf:6: Unknown line 'grub_users', ignoring.
Apr 01 16:37:53 fedora systemd-logind[1059]: /boot/loader/entries/3092e47ce2fc41378fb626141642a2f0-6.18.10-100.fc42.x86_64.conf:7: Unknown line 'grub_arg', ignoring.
Apr 01 16:37:53 fedora systemd-logind[1059]: /boot/loader/entries/3092e47ce2fc41378fb626141642a2f0-6.18.10-100.fc42.x86_64.conf:8: Unknown line 'grub_class', ignoring.
Apr 01 16:37:53 fedora systemd-logind[1059]: /boot/loader/entries/3092e47ce2fc41378fb626141642a2f0-6.18.7-100.fc42.x86_64.conf:6: Unknown line 'grub_users', ignoring.
Apr 01 16:37:53 fedora systemd-logind[1059]: /boot/loader/entries/3092e47ce2fc41378fb626141642a2f0-6.18.7-100.fc42.x86_64.conf:7: Unknown line 'grub_arg', ignoring.
Apr 01 16:37:53 fedora systemd-logind[1059]: /boot/loader/entries/3092e47ce2fc41378fb626141642a2f0-6.18.7-100.fc42.x86_64.conf:8: Unknown line 'grub_class', ignoring.
Apr 01 16:37:53 fedora rtkit-daemon[1024]: Successfully made thread 5815 of process 5668 (/usr/lib64/firefox/firefox) owned by '1000' RT at priority 10.
Apr 01 16:37:53 fedora org.mozilla.firefox.desktop[5668]: (as)
Apr 01 16:37:53 fedora org.mozilla.firefox.desktop[5668]: (as)
Apr 01 16:37:53 fedora org.mozilla.firefox.desktop[5668]: (asas)
Apr 01 16:38:00 fedora systemd-resolved[960]: Using degraded feature set TCP instead of UDP for DNS server 8.8.4.4.
Apr 01 16:38:02 fedora gnome-character[5545]: JS LOG: Characters Application exiting
Apr 01 16:38:15 fedora systemd-resolved[960]: Using degraded feature set UDP instead of TCP for DNS server 8.8.8.8.
Apr 01 16:38:20 fedora systemd-resolved[960]: Using degraded feature set UDP instead of TCP for DNS server 8.8.4.4.
Apr 01 16:38:23 fedora systemd[1]: systemd-timedated.service: Deactivated successfully.
Apr 01 16:38:23 fedora audit[1]: SERVICE_STOP pid=1 uid=0 auid=4294967295 ses=4294967295 subj=system_u:system_r:init_t:s0 msg='unit=systemd-timedated comm="systemd" exe="/usr/lib/systemd/systemd" hostname=? addr=? terminal=? res=success'
Apr 01 16:38:23 fedora audit: BPF prog-id=98 op=UNLOAD
Apr 01 16:38:23 fedora audit: BPF prog-id=97 op=UNLOAD
Apr 01 16:38:23 fedora audit: BPF prog-id=96 op=UNLOAD
Apr 01 16:38:31 fedora systemd-resolved[960]: Using degraded feature set TCP instead of UDP for DNS server 8.8.8.8.
Apr 01 16:38:41 fedora systemd-resolved[960]: Using degraded feature set TCP instead of UDP for DNS server 8.8.4.4.
Apr 01 16:38:48 fedora wpa_supplicant[1270]: wlo1: Reject scan trigger since one is already pending
Apr 01 16:38:49 fedora systemd[2123]: Started app-gnome-org.gnome.SystemMonitor-6209.scope - Application launched by gnome-shell.
Apr 01 16:38:49 fedora systemd[2123]: Starting systemd-tmpfiles-clean.service - Cleanup of User's Temporary Files and Directories...
Apr 01 16:38:49 fedora systemd[2123]: Finished systemd-tmpfiles-clean.service - Cleanup of User's Temporary Files and Directories.
Apr 01 16:39:07 fedora systemd-resolved[960]: Using degraded feature set UDP instead of TCP for DNS server 8.8.4.4.
Apr 01 16:39:23 fedora wpa_supplicant[1270]: wlo1: RSN: failed to get master session key from pre-auth EAPOL state machines
Apr 01 16:39:23 fedora wpa_supplicant[1270]: wlo1: RSN: pre-authentication with bc:a9:93:a7:73:b0 failed
Apr 01 16:39:28 fedora systemd-resolved[960]: Using degraded feature set TCP instead of UDP for DNS server 8.8.4.4.
Apr 01 16:39:43 fedora systemd-resolved[960]: Using degraded feature set UDP instead of TCP for DNS server 8.8.8.8.
Apr 01 16:39:48 fedora systemd-resolved[960]: Using degraded feature set UDP instead of TCP for DNS server 8.8.4.4.
Apr 01 16:39:56 fedora brave-browser.desktop[3169]: [3170:3170:0401/163956.218253:ERROR:CONSOLE:1] "Uncaught (in promise) ReferenceError: Mojo is not defined", source: chrome://resources/mojo/mojo/public/js/bindings.js (1)
Apr 01 16:39:57 fedora brave-browser.desktop[3169]: [6844:6844:0401/163957.210172:ERROR:printing/backend/print_backend_cups.cc:205] CUPS: Error getting default printer: No destinations added.
Apr 01 16:39:57 fedora brave-browser.desktop[3169]: [3170:3170:0401/163957.210620:ERROR:components/device_event_log/device_event_log_impl.cc:202] [16:39:57.210] Printer: local_printer_handler_default.cc:286 Failure getting default printer via service, result: kFailed
Apr 01 16:39:57 fedora brave-browser.desktop[3169]: [3170:3170:0401/163957.512481:ERROR:CONSOLE:1] "Uncaught (in promise) ReferenceError: Mojo is not defined", source: chrome://resources/mojo/mojo/public/js/bindings.js (1)
Apr 01 16:39:58 fedora systemd[2123]: Started dbus-:1.2-org.gnome.Nautilus@2.service.
Apr 01 16:39:58 fedora nautilus[6913]: Connecting to org.freedesktop.Tracker3.Miner.Files
Apr 01 16:39:59 fedora systemd-resolved[960]: Using degraded feature set TCP instead of UDP for DNS server 8.8.8.8.
Apr 01 16:39:59 fedora audit: BPF prog-id=87 op=UNLOAD
Apr 01 16:39:59 fedora audit: BPF prog-id=86 op=UNLOAD
Apr 01 16:39:59 fedora systemd[2123]: Started dbus-:1.2-org.gnome.NautilusPreviewer@2.service.
Apr 01 16:39:59 fedora audit: BPF prog-id=99 op=LOAD
Apr 01 16:39:59 fedora audit: BPF prog-id=100 op=LOAD
Apr 01 16:39:59 fedora audit: BPF prog-id=101 op=LOAD
Apr 01 16:39:59 fedora systemd[1]: Starting systemd-hostnamed.service - Hostname Service...
Apr 01 16:39:59 fedora systemd[1]: Started systemd-hostnamed.service - Hostname Service.
Apr 01 16:39:59 fedora audit[1]: SERVICE_START pid=1 uid=0 auid=4294967295 ses=4294967295 subj=system_u:system_r:init_t:s0 msg='unit=systemd-hostnamed comm="systemd" exe="/usr/lib/systemd/systemd" hostname=? addr=? terminal=? res=success'
Apr 01 16:39:59 fedora gvfsd[6994]: 2026-04-01 16:39:59,550:wsdd WARNING(pid 6994): no interface given, using all interfaces
Apr 01 16:40:03 fedora gvfsd[6994]: /usr/bin/wsdd:649: DeprecationWarning: Testing an element's truth value will always return True in future versions.  Use specific 'len(elem)' or 'elem is not None' test instead.
Apr 01 16:40:03 fedora gvfsd[6994]:   if (host_sec):
Apr 01 16:40:06 fedora brave-browser.desktop[3169]: Fontconfig error: Cannot load default config file: File not found
Apr 01 16:40:09 fedora systemd-resolved[960]: Using degraded feature set TCP instead of UDP for DNS server 8.8.4.4.
Apr 01 16:40:12 fedora systemd[2123]: dbus-:1.2-org.gnome.Nautilus@2.service: Consumed 1.183s CPU time, 120.1M memory peak.
Apr 01 16:40:24 fedora systemd-resolved[960]: Using degraded feature set UDP instead of TCP for DNS server 8.8.8.8.
Apr 01 16:40:29 fedora systemd[1]: systemd-hostnamed.service: Deactivated successfully.
Apr 01 16:40:29 fedora audit[1]: SERVICE_STOP pid=1 uid=0 auid=4294967295 ses=4294967295 subj=system_u:system_r:init_t:s0 msg='unit=systemd-hostnamed comm="systemd" exe="/usr/lib/systemd/systemd" hostname=? addr=? terminal=? res=success'
Apr 01 16:40:29 fedora audit: BPF prog-id=99 op=UNLOAD
Apr 01 16:40:45 fedora systemd-resolved[960]: Using degraded feature set TCP instead of UDP for DNS server 8.8.8.8.
Apr 01 16:40:55 fedora systemd-resolved[960]: Using degraded feature set UDP instead of TCP for DNS server 8.8.4.4.
Apr 01 16:41:16 fedora systemd-resolved[960]: Using degraded feature set TCP instead of UDP for DNS server 8.8.4.4.
Apr 01 16:41:42 fedora systemd-resolved[960]: Using degraded feature set UDP instead of TCP for DNS server 8.8.4.4.
Apr 01 16:41:52 fedora systemd-resolved[960]: Using degraded feature set UDP instead of TCP for DNS server 8.8.8.8.
Apr 01 16:41:57 fedora systemd-resolved[960]: Using degraded feature set TCP instead of UDP for DNS server 8.8.4.4.
Apr 01 16:42:13 fedora systemd-resolved[960]: Using degraded feature set TCP instead of UDP for DNS server 8.8.8.8.
Apr 01 16:42:39 fedora systemd-resolved[960]: Using degraded feature set UDP instead of TCP for DNS server 8.8.8.8.
Apr 01 16:42:58 fedora PackageKit[1562]: daemon quit
Apr 01 16:42:58 fedora systemd[1]: packagekit.service: Deactivated successfully.
Apr 01 16:42:58 fedora audit[1]: SERVICE_STOP pid=1 uid=0 auid=4294967295 ses=4294967295 subj=system_u:system_r:init_t:s0 msg='unit=packagekit comm="systemd" exe="/usr/lib/systemd/systemd" hostname=? addr=? terminal=? res=success'
Apr 01 16:42:58 fedora systemd[1]: packagekit.service: Consumed 15.455s CPU time, 2.1G memory peak.
Apr 01 16:42:59 fedora systemd-resolved[960]: Using degraded feature set TCP instead of UDP for DNS server 8.8.8.8.
Apr 01 16:43:09 fedora systemd-resolved[960]: Using degraded feature set UDP instead of TCP for DNS server 8.8.4.4.
Apr 01 16:43:19 fedora systemd-resolved[960]: Using degraded feature set UDP instead of TCP for DNS server 8.8.8.8.
Apr 01 16:43:25 fedora systemd-resolved[960]: Using degraded feature set TCP instead of UDP for DNS server 8.8.4.4.
Apr 01 16:43:58 fedora wpa_supplicant[1270]: wlo1: PMKSA-CACHE-ADDED 70:3a:0e:ea:69:e2 0
Apr 01 16:43:58 fedora wpa_supplicant[1270]: wlo1: PMKSA-CACHE-ADDED 34:fc:b9:96:84:a0 0
Apr 01 16:43:58 fedora wpa_supplicant[1270]: wlo1: PMKSA-CACHE-ADDED b0:1f:8c:0c:cf:40 0
Apr 01 16:44:01 fedora systemd-resolved[960]: Using degraded feature set TCP instead of UDP for DNS server 8.8.8.8.
Apr 01 16:44:03 fedora wpa_supplicant[1270]: wlo1: PMKSA-CACHE-ADDED 44:12:44:d4:36:a0 0
Apr 01 16:44:03 fedora wpa_supplicant[1270]: wlo1: PMKSA-CACHE-ADDED a8:ba:25:75:e1:00 0
Apr 01 16:44:11 fedora systemd-resolved[960]: Using degraded feature set UDP instead of TCP for DNS server 8.8.4.4.
Apr 01 16:44:28 fedora wpa_supplicant[1270]: wlo1: RSN: failed to get master session key from pre-auth EAPOL state machines
Apr 01 16:44:28 fedora wpa_supplicant[1270]: wlo1: RSN: pre-authentication with bc:a9:93:a7:73:b0 failed
Apr 01 16:44:29 fedora org.mozilla.firefox.desktop[5668]: (as)
Apr 01 16:44:29 fedora gnome-shell[2305]: Received error from D-Bus search provider org.gnome.Boxes.desktop: Gio.IOErrorEnum: Cannot invoke method; proxy is for the well-known name org.gnome.Boxes.SearchProvider without an owner, and proxy was constructed with the G_DBUS_PROXY_FLAGS_DO_NOT_AUTO_START flag
Apr 01 16:44:29 fedora systemd[2123]: Started dbus-:1.2-org.gnome.Calculator.SearchProvider@2.service.
Apr 01 16:44:29 fedora systemd[2123]: Started dbus-:1.2-org.gnome.Characters@2.service.
Apr 01 16:44:29 fedora systemd[2123]: Started dbus-:1.2-org.gnome.Contacts.SearchProvider@2.service.
Apr 01 16:44:29 fedora systemd[2123]: Started dbus-:1.2-org.gnome.Nautilus@3.service.
Apr 01 16:44:29 fedora systemd[2123]: Started dbus-:1.2-org.gnome.Settings.SearchProvider@2.service.
Apr 01 16:44:29 fedora systemd[2123]: Started dbus-:1.2-org.gnome.clocks@2.service.
Apr 01 16:44:29 fedora nautilus[9149]: Connecting to org.freedesktop.Tracker3.Miner.Files
Apr 01 16:44:29 fedora systemd[2123]: Started dbus-:1.2-org.gnome.NautilusPreviewer@3.service.
Apr 01 16:44:29 fedora gnome-character[9147]: JS LOG: Characters Application started
Apr 01 16:44:29 fedora org.mozilla.firefox.desktop[5668]: (asas)
Apr 01 16:44:29 fedora gnome-shell[2305]: Received error from D-Bus search provider org.gnome.Boxes.desktop: Gio.IOErrorEnum: Cannot invoke method; proxy is for the well-known name org.gnome.Boxes.SearchProvider without an owner, and proxy was constructed with the G_DBUS_PROXY_FLAGS_DO_NOT_AUTO_START flag
Apr 01 16:44:30 fedora org.mozilla.firefox.desktop[5668]: (asas)
Apr 01 16:44:30 fedora gnome-shell[2305]: Received error from D-Bus search provider org.gnome.Boxes.desktop: Gio.IOErrorEnum: Cannot invoke method; proxy is for the well-known name org.gnome.Boxes.SearchProvider without an owner, and proxy was constructed with the G_DBUS_PROXY_FLAGS_DO_NOT_AUTO_START flag
Apr 01 16:44:30 fedora systemd[2123]: Started app-gnome-antigravity-9260.scope - Application launched by gnome-shell.
Apr 01 16:44:31 fedora systemd[2123]: Started app-org.chromium.Chromium-9260.scope.
Apr 01 16:44:31 fedora antigravity.desktop[9304]: [9304:0401/164431.508123:ERROR:media/gpu/vaapi/vaapi_wrapper.cc:1631] vaInitialize failed: unknown libva error
Apr 01 16:44:31 fedora antigravity.desktop[9260]: [main 2026-04-01T11:14:31.829Z] [BrowserOnboardingClientMainService] Starting browser onboarding server
Apr 01 16:44:31 fedora antigravity.desktop[9260]: [main 2026-04-01T11:14:31.834Z] [BrowserOnboardingClientServer] Browser onboarding server started on http://localhost:33459
Apr 01 16:44:31 fedora antigravity.desktop[9260]: [main 2026-04-01T11:14:31.880Z] update#setState idle
Apr 01 16:44:31 fedora audit: BPF prog-id=101 op=UNLOAD
Apr 01 16:44:31 fedora audit: BPF prog-id=100 op=UNLOAD
Apr 01 16:44:31 fedora audit: BPF prog-id=102 op=LOAD
Apr 01 16:44:31 fedora audit: BPF prog-id=103 op=LOAD
Apr 01 16:44:31 fedora audit: BPF prog-id=104 op=LOAD
Apr 01 16:44:31 fedora systemd[1]: Starting systemd-hostnamed.service - Hostname Service...
Apr 01 16:44:31 fedora systemd[1]: Started systemd-hostnamed.service - Hostname Service.
Apr 01 16:44:31 fedora audit[1]: SERVICE_START pid=1 uid=0 auid=4294967295 ses=4294967295 subj=system_u:system_r:init_t:s0 msg='unit=systemd-hostnamed comm="systemd" exe="/usr/lib/systemd/systemd" hostname=? addr=? terminal=? res=success'
Apr 01 16:44:35 fedora gnome-keyring-daemon[2145]: asked to register item /org/freedesktop/secrets/collection/login/1, but it's already registered
Apr 01 16:44:40 fedora gnome-character[9147]: JS LOG: Characters Application exiting
Apr 01 16:44:52 fedora systemd-resolved[960]: Using degraded feature set TCP instead of UDP for DNS server 8.8.4.4.
Apr 01 16:44:58 fedora wpa_supplicant[1270]: wlo1: RSN: failed to get master session key from pre-auth EAPOL state machines
Apr 01 16:44:58 fedora wpa_supplicant[1270]: wlo1: RSN: pre-authentication with bc:a9:93:a7:73:b0 failed
Apr 01 16:45:01 fedora antigravity.desktop[9260]: [main 2026-04-01T11:15:01.881Z] update#setState checking for updates
Apr 01 16:45:02 fedora antigravity.desktop[9260]: [main 2026-04-01T11:15:02.151Z] update#setState available for download
Apr 01 16:45:02 fedora brave-browser.desktop[10445]: Opening in existing browser session.
Apr 01 16:45:05 fedora systemd[1]: systemd-hostnamed.service: Deactivated successfully.
Apr 01 16:45:05 fedora audit[1]: SERVICE_STOP pid=1 uid=0 auid=4294967295 ses=4294967295 subj=system_u:system_r:init_t:s0 msg='unit=systemd-hostnamed comm="systemd" exe="/usr/lib/systemd/systemd" hostname=? addr=? terminal=? res=success'
Apr 01 16:45:05 fedora audit: BPF prog-id=102 op=UNLOAD
Apr 01 16:45:08 fedora systemd-resolved[960]: Using degraded feature set UDP instead of TCP for DNS server 8.8.8.8.
Apr 01 16:45:13 fedora systemd-resolved[960]: Using degraded feature set UDP instead of TCP for DNS server 8.8.4.4.
Apr 01 16:45:22 fedora antigravity.desktop[9260]: [main 2026-04-01T11:15:22.230Z] [uncaught exception in main]: TypeError: Do not know how to serialize a BigInt
Apr 01 16:45:22 fedora antigravity.desktop[9260]: [main 2026-04-01T11:15:22.230Z] TypeError: Do not know how to serialize a BigInt
Apr 01 16:45:22 fedora antigravity.desktop[9260]:     at JSON.stringify (<anonymous>)
Apr 01 16:45:22 fedora antigravity.desktop[9260]:     at jW (file:///usr/share/antigravity/resources/app/out/main.js:31:11784)
Apr 01 16:45:22 fedora antigravity.desktop[9260]:     at YHe.o (file:///usr/share/antigravity/resources/app/out/main.js:31:14666)
Apr 01 16:45:22 fedora antigravity.desktop[9260]:     at YHe.m (file:///usr/share/antigravity/resources/app/out/main.js:31:14539)
Apr 01 16:45:22 fedora antigravity.desktop[9260]:     at iee.value (file:///usr/share/antigravity/resources/app/out/main.js:32:265)
Apr 01 16:45:22 fedora antigravity.desktop[9260]:     at un.C (file:///usr/share/antigravity/resources/app/out/main.js:30:2354)
Apr 01 16:45:22 fedora antigravity.desktop[9260]:     at un.D (file:///usr/share/antigravity/resources/app/out/main.js:30:2424)
Apr 01 16:45:22 fedora antigravity.desktop[9260]:     at un.fire (file:///usr/share/antigravity/resources/app/out/main.js:30:2642)
Apr 01 16:45:22 fedora antigravity.desktop[9260]:     at iee.value (file:///usr/share/antigravity/resources/app/out/main.js:28:6950)
Apr 01 16:45:22 fedora antigravity.desktop[9260]:     at un.C (file:///usr/share/antigravity/resources/app/out/main.js:30:2354)
Apr 01 16:45:22 fedora antigravity.desktop[9260]:     at un.fire (file:///usr/share/antigravity/resources/app/out/main.js:30:2573)
Apr 01 16:45:22 fedora antigravity.desktop[9260]:     at G_e.U (file:///usr/share/antigravity/resources/app/out/main.js:4540:58637)
Apr 01 16:45:22 fedora antigravity.desktop[9260]:     at process.processTicksAndRejections (node:internal/process/task_queues:105:5)
Apr 01 16:45:22 fedora antigravity.desktop[9260]:     at async file:///usr/share/antigravity/resources/app/out/main.js:4540:55041
Apr 01 16:45:22 fedora antigravity.desktop[9260]: [main 2026-04-01T11:15:22.230Z] [uncaught exception in main]: TypeError: Do not know how to serialize a BigInt
Apr 01 16:45:22 fedora antigravity.desktop[9260]: [main 2026-04-01T11:15:22.230Z] TypeError: Do not know how to serialize a BigInt
Apr 01 16:45:22 fedora antigravity.desktop[9260]:     at JSON.stringify (<anonymous>)
Apr 01 16:45:22 fedora antigravity.desktop[9260]:     at jW (file:///usr/share/antigravity/resources/app/out/main.js:31:11784)
Apr 01 16:45:22 fedora antigravity.desktop[9260]:     at YHe.o (file:///usr/share/antigravity/resources/app/out/main.js:31:14666)
Apr 01 16:45:22 fedora antigravity.desktop[9260]:     at YHe.m (file:///usr/share/antigravity/resources/app/out/main.js:31:14539)
Apr 01 16:45:22 fedora antigravity.desktop[9260]:     at iee.value (file:///usr/share/antigravity/resources/app/out/main.js:32:265)
Apr 01 16:45:22 fedora antigravity.desktop[9260]:     at un.C (file:///usr/share/antigravity/resources/app/out/main.js:30:2354)
Apr 01 16:45:22 fedora antigravity.desktop[9260]:     at un.D (file:///usr/share/antigravity/resources/app/out/main.js:30:2424)
Apr 01 16:45:22 fedora antigravity.desktop[9260]:     at un.fire (file:///usr/share/antigravity/resources/app/out/main.js:30:2642)
Apr 01 16:45:22 fedora antigravity.desktop[9260]:     at iee.value (file:///usr/share/antigravity/resources/app/out/main.js:28:6950)
Apr 01 16:45:22 fedora antigravity.desktop[9260]:     at un.C (file:///usr/share/antigravity/resources/app/out/main.js:30:2354)
Apr 01 16:45:22 fedora antigravity.desktop[9260]:     at un.fire (file:///usr/share/antigravity/resources/app/out/main.js:30:2573)
Apr 01 16:45:22 fedora antigravity.desktop[9260]:     at G_e.U (file:///usr/share/antigravity/resources/app/out/main.js:4540:58637)
Apr 01 16:45:22 fedora antigravity.desktop[9260]:     at process.processTicksAndRejections (node:internal/process/task_queues:105:5)
Apr 01 16:45:22 fedora antigravity.desktop[9260]:     at async file:///usr/share/antigravity/resources/app/out/main.js:4540:55041
Apr 01 16:45:24 fedora systemd-resolved[960]: Using degraded feature set TCP instead of UDP for DNS server 8.8.8.8.
Apr 01 16:45:34 fedora systemd-resolved[960]: Using degraded feature set TCP instead of UDP for DNS server 8.8.4.4.
Apr 01 16:46:06 fedora chronyd[1014]: Selected source 160.250.111.199 (2.fedora.pool.ntp.org)
Apr 01 16:46:14 fedora systemd[2123]: Started app-org.chromium.Chromium-11294.scope.
Apr 01 16:46:15 fedora brave-browser.desktop[3169]: [11341:0401/164615.223279:ERROR:media/gpu/vaapi/vaapi_wrapper.cc:1631] vaInitialize failed: unknown libva error
Apr 01 16:46:40 fedora systemd-resolved[960]: Using degraded feature set UDP instead of TCP for DNS server 8.8.8.8.
Apr 01 16:46:45 fedora systemd-resolved[960]: Using degraded feature set UDP instead of TCP for DNS server 8.8.4.4.
Apr 01 16:47:12 fedora systemd-resolved[960]: Using degraded feature set TCP instead of UDP for DNS server 8.8.8.8.
Apr 01 16:47:15 fedora antigravity.desktop[9260]: [main 2026-04-01T11:17:15.069Z] Extension host with pid 9465 exited with code: 0, signal: unknown.
Apr 01 16:47:15 fedora audit[9464]: ANOM_ABEND auid=1000 uid=1000 gid=1000 ses=3 subj=unconfined_u:unconfined_r:unconfined_t:s0-s0:c0.c1023 pid=9464 comm="antigravity" exe="/usr/share/antigravity/antigravity" sig=5 res=1
Apr 01 16:47:15 fedora systemd-coredump[11850]: Process 9464 (antigravity) of user 1000 terminated abnormally with signal 5/TRAP, processing...
Apr 01 16:47:15 fedora systemd[1]: Created slice system-systemd\x2dcoredump.slice - Slice /system/systemd-coredump.
Apr 01 16:47:15 fedora audit: BPF prog-id=105 op=LOAD
Apr 01 16:47:15 fedora audit: BPF prog-id=106 op=LOAD
Apr 01 16:47:15 fedora audit: BPF prog-id=107 op=LOAD
Apr 01 16:47:15 fedora systemd[1]: Started systemd-coredump@0-11850-0.service - Process Core Dump (PID 11850/UID 0).
Apr 01 16:47:15 fedora audit[1]: SERVICE_START pid=1 uid=0 auid=4294967295 ses=4294967295 subj=system_u:system_r:init_t:s0 msg='unit=systemd-coredump@0-11850-0 comm="systemd" exe="/usr/lib/systemd/systemd" hostname=? addr=? terminal=? res=success'
Apr 01 16:47:15 fedora abrt-dump-journal-core[1264]: Failed to obtain all required information from journald
Apr 01 16:47:15 fedora antigravity.desktop[9260]: Failed to flush on shutdown: Error: Flush timeout
Apr 01 16:47:15 fedora antigravity.desktop[9260]:     at Timeout._onTimeout (file:///usr/share/antigravity/resources/app/out/main.js:4545:62287)
Apr 01 16:47:15 fedora antigravity.desktop[9260]:     at listOnTimeout (node:internal/timers:588:17)
Apr 01 16:47:15 fedora antigravity.desktop[9260]:     at process.processTimers (node:internal/timers:523:7)
Apr 01 16:47:17 fedora org.mozilla.firefox.desktop[5668]: (as)
Apr 01 16:47:17 fedora gnome-shell[2305]: Received error from D-Bus search provider org.gnome.Boxes.desktop: Gio.IOErrorEnum: Cannot invoke method; proxy is for the well-known name org.gnome.Boxes.SearchProvider without an owner, and proxy was constructed with the G_DBUS_PROXY_FLAGS_DO_NOT_AUTO_START flag
Apr 01 16:47:17 fedora systemd[2123]: Started dbus-:1.2-org.gnome.Calculator.SearchProvider@3.service.
Apr 01 16:47:17 fedora systemd[2123]: Started dbus-:1.2-org.gnome.Characters@3.service.
Apr 01 16:47:17 fedora systemd[2123]: Started dbus-:1.2-org.gnome.Contacts.SearchProvider@3.service.
Apr 01 16:47:17 fedora systemd[2123]: Started dbus-:1.2-org.gnome.Nautilus@4.service.
Apr 01 16:47:17 fedora systemd[2123]: Started dbus-:1.2-org.gnome.Settings.SearchProvider@3.service.
Apr 01 16:47:17 fedora systemd[2123]: Started dbus-:1.2-org.gnome.clocks@3.service.
Apr 01 16:47:17 fedora nautilus[11888]: Connecting to org.freedesktop.Tracker3.Miner.Files
Apr 01 16:47:17 fedora systemd[2123]: Started dbus-:1.2-org.gnome.NautilusPreviewer@4.service.
Apr 01 16:47:17 fedora gnome-character[11886]: JS LOG: Characters Application started
Apr 01 16:47:18 fedora systemd[2123]: Started app-gnome-antigravity-11981.scope - Application launched by gnome-shell.
Apr 01 16:47:18 fedora systemd-coredump[11851]: Process 9464 (antigravity) of user 1000 dumped core.
                                                
                                                Stack trace of thread 9464:
                                                #0  0x0000557c770b0e23 n/a (n/a + 0x0)
                                                ELF object binary architecture: AMD x86-64
Apr 01 16:47:18 fedora systemd[2123]: Started app-org.chromium.Chromium-11981.scope.
Apr 01 16:47:18 fedora systemd[1]: systemd-coredump@0-11850-0.service: Deactivated successfully.
Apr 01 16:47:18 fedora audit[1]: SERVICE_STOP pid=1 uid=0 auid=4294967295 ses=4294967295 subj=system_u:system_r:init_t:s0 msg='unit=systemd-coredump@0-11850-0 comm="systemd" exe="/usr/lib/systemd/systemd" hostname=? addr=? terminal=? res=success'
Apr 01 16:47:18 fedora systemd[1]: systemd-coredump@0-11850-0.service: Consumed 3.545s CPU time, 2.1G memory peak.
Apr 01 16:47:18 fedora audit: BPF prog-id=107 op=UNLOAD
Apr 01 16:47:18 fedora audit: BPF prog-id=106 op=UNLOAD
Apr 01 16:47:18 fedora audit: BPF prog-id=105 op=UNLOAD
Apr 01 16:47:19 fedora antigravity.desktop[12030]: [12030:0401/164719.033910:ERROR:media/gpu/vaapi/vaapi_wrapper.cc:1631] vaInitialize failed: unknown libva error
Apr 01 16:47:19 fedora abrt-server[12052]: Package 'antigravity' isn't signed with proper key
Apr 01 16:47:19 fedora abrt-server[12052]: 'post-create' on '/var/spool/abrt/ccpp-2026-04-01-16:47:18.921624-9464' exited with 1
Apr 01 16:47:19 fedora abrt-server[12052]: Deleting problem directory '/var/spool/abrt/ccpp-2026-04-01-16:47:18.921624-9464'
Apr 01 16:47:19 fedora antigravity.desktop[11981]: [main 2026-04-01T11:17:19.357Z] [BrowserOnboardingClientMainService] Starting browser onboarding server
Apr 01 16:47:19 fedora antigravity.desktop[11981]: [main 2026-04-01T11:17:19.362Z] [BrowserOnboardingClientServer] Browser onboarding server started on http://localhost:45203
Apr 01 16:47:19 fedora antigravity.desktop[11981]: [main 2026-04-01T11:17:19.409Z] update#setState idle
Apr 01 16:47:19 fedora audit: BPF prog-id=104 op=UNLOAD
Apr 01 16:47:19 fedora audit: BPF prog-id=103 op=UNLOAD
Apr 01 16:47:19 fedora audit: BPF prog-id=108 op=LOAD
Apr 01 16:47:19 fedora audit: BPF prog-id=109 op=LOAD
Apr 01 16:47:19 fedora audit: BPF prog-id=110 op=LOAD
Apr 01 16:47:19 fedora systemd[1]: Starting systemd-hostnamed.service - Hostname Service...
Apr 01 16:47:19 fedora systemd[1]: Started systemd-hostnamed.service - Hostname Service.
Apr 01 16:47:19 fedora audit[1]: SERVICE_START pid=1 uid=0 auid=4294967295 ses=4294967295 subj=system_u:system_r:init_t:s0 msg='unit=systemd-hostnamed comm="systemd" exe="/usr/lib/systemd/systemd" hostname=? addr=? terminal=? res=success'
Apr 01 16:47:22 fedora systemd-resolved[960]: Using degraded feature set TCP instead of UDP for DNS server 8.8.4.4.
Apr 01 16:47:26 fedora gnome-keyring-daemon[2145]: asked to register item /org/freedesktop/secrets/collection/login/1, but it's already registered
Apr 01 16:47:27 fedora gnome-character[11886]: JS LOG: Characters Application exiting
Apr 01 16:47:32 fedora systemd[2123]: app-org.chromium.Chromium-9260.scope: Consumed 28.526s CPU time, 1.3G memory peak.
Apr 01 16:47:32 fedora systemd[2123]: app-gnome-antigravity-9260.scope: Consumed 42.000s CPU time, 1007.6M memory peak.
Apr 01 16:47:38 fedora antigravity.desktop[12038]: [12038:0401/164738.063452:ERROR:net/socket/ssl_client_socket_impl.cc:916] handshake failed; returned -1, SSL error code 1, net_error -202
Apr 01 16:47:49 fedora antigravity.desktop[11981]: [main 2026-04-01T11:17:49.410Z] update#setState checking for updates
Apr 01 16:47:49 fedora antigravity.desktop[11981]: [main 2026-04-01T11:17:49.674Z] update#setState available for download
Apr 01 16:47:57 fedora systemd[1]: Starting systemd-tmpfiles-clean.service - Cleanup of Temporary Directories...
Apr 01 16:47:57 fedora audit[1]: SERVICE_STOP pid=1 uid=0 auid=4294967295 ses=4294967295 subj=system_u:system_r:init_t:s0 msg='unit=systemd-hostnamed comm="systemd" exe="/usr/lib/systemd/systemd" hostname=? addr=? terminal=? res=success'
Apr 01 16:47:57 fedora systemd[1]: systemd-hostnamed.service: Deactivated successfully.
Apr 01 16:47:57 fedora audit: BPF prog-id=108 op=UNLOAD
Apr 01 16:47:57 fedora systemd[1]: systemd-tmpfiles-clean.service: Deactivated successfully.
Apr 01 16:47:57 fedora systemd[1]: Finished systemd-tmpfiles-clean.service - Cleanup of Temporary Directories.
Apr 01 16:47:57 fedora audit[1]: SERVICE_START pid=1 uid=0 auid=4294967295 ses=4294967295 subj=system_u:system_r:init_t:s0 msg='unit=systemd-tmpfiles-clean comm="systemd" exe="/usr/lib/systemd/systemd" hostname=? addr=? terminal=? res=success'
Apr 01 16:47:57 fedora audit[1]: SERVICE_STOP pid=1 uid=0 auid=4294967295 ses=4294967295 subj=system_u:system_r:init_t:s0 msg='unit=systemd-tmpfiles-clean comm="systemd" exe="/usr/lib/systemd/systemd" hostname=? addr=? terminal=? res=success'
Apr 01 16:48:28 fedora systemd-resolved[960]: Using degraded feature set UDP instead of TCP for DNS server 8.8.8.8.
Apr 01 16:48:33 fedora systemd-resolved[960]: Using degraded feature set UDP instead of TCP for DNS server 8.8.4.4.
Apr 01 16:48:43 fedora systemd-resolved[960]: Using degraded feature set TCP instead of UDP for DNS server 8.8.8.8.
Apr 01 16:48:53 fedora systemd-resolved[960]: Using degraded feature set TCP instead of UDP for DNS server 8.8.4.4.
Apr 01 16:49:30 fedora systemd[2123]: Started dbus-:1.2-org.gnome.Nautilus@5.service.
Apr 01 16:49:30 fedora nautilus[13959]: Connecting to org.freedesktop.Tracker3.Miner.Files
Apr 01 16:49:30 fedora systemd[2123]: Started dbus-:1.2-org.gnome.NautilusPreviewer@5.service.
Apr 01 16:49:30 fedora audit: BPF prog-id=110 op=UNLOAD
Apr 01 16:49:30 fedora audit: BPF prog-id=109 op=UNLOAD
Apr 01 16:49:30 fedora audit: BPF prog-id=111 op=LOAD
Apr 01 16:49:30 fedora audit: BPF prog-id=112 op=LOAD
Apr 01 16:49:30 fedora audit: BPF prog-id=113 op=LOAD
Apr 01 16:49:30 fedora systemd[1]: Starting systemd-hostnamed.service - Hostname Service...
Apr 01 16:49:31 fedora systemd[1]: Started systemd-hostnamed.service - Hostname Service.
Apr 01 16:49:31 fedora audit[1]: SERVICE_START pid=1 uid=0 auid=4294967295 ses=4294967295 subj=system_u:system_r:init_t:s0 msg='unit=systemd-hostnamed comm="systemd" exe="/usr/lib/systemd/systemd" hostname=? addr=? terminal=? res=success'
Apr 01 16:49:38 fedora wpa_supplicant[1270]: wlo1: RSN: failed to get master session key from pre-auth EAPOL state machines
Apr 01 16:49:38 fedora wpa_supplicant[1270]: wlo1: RSN: pre-authentication with bc:a9:93:a7:73:b0 failed
Apr 01 16:50:00 fedora systemd-resolved[960]: Using degraded feature set UDP instead of TCP for DNS server 8.8.8.8.
Apr 01 16:50:01 fedora systemd[1]: systemd-hostnamed.service: Deactivated successfully.
Apr 01 16:50:01 fedora audit[1]: SERVICE_STOP pid=1 uid=0 auid=4294967295 ses=4294967295 subj=system_u:system_r:init_t:s0 msg='unit=systemd-hostnamed comm="systemd" exe="/usr/lib/systemd/systemd" hostname=? addr=? terminal=? res=success'
Apr 01 16:50:01 fedora audit: BPF prog-id=111 op=UNLOAD
Apr 01 16:50:06 fedora systemd-resolved[960]: Using degraded feature set UDP instead of TCP for DNS server 8.8.4.4.
Apr 01 16:50:08 fedora wpa_supplicant[1270]: wlo1: RSN: failed to get master session key from pre-auth EAPOL state machines
Apr 01 16:50:08 fedora wpa_supplicant[1270]: wlo1: RSN: pre-authentication with bc:a9:93:a7:73:b0 failed
Apr 01 16:50:12 fedora systemd[2123]: dbus-:1.2-org.gnome.Nautilus@5.service: Consumed 1.281s CPU time, 111M memory peak.
Apr 01 16:50:27 fedora systemd[2123]: Started dbus-:1.2-org.gnome.Nautilus@6.service.
Apr 01 16:50:27 fedora nautilus[14462]: Connecting to org.freedesktop.Tracker3.Miner.Files
Apr 01 16:50:27 fedora systemd[2123]: Started dbus-:1.2-org.gnome.NautilusPreviewer@6.service.
Apr 01 16:50:27 fedora audit: BPF prog-id=113 op=UNLOAD
Apr 01 16:50:27 fedora audit: BPF prog-id=112 op=UNLOAD
Apr 01 16:50:27 fedora audit: BPF prog-id=114 op=LOAD
Apr 01 16:50:27 fedora audit: BPF prog-id=115 op=LOAD
Apr 01 16:50:27 fedora audit: BPF prog-id=116 op=LOAD
Apr 01 16:50:27 fedora systemd[1]: Starting systemd-hostnamed.service - Hostname Service...
Apr 01 16:50:27 fedora systemd[1]: Started systemd-hostnamed.service - Hostname Service.
Apr 01 16:50:27 fedora audit[1]: SERVICE_START pid=1 uid=0 auid=4294967295 ses=4294967295 subj=system_u:system_r:init_t:s0 msg='unit=systemd-hostnamed comm="systemd" exe="/usr/lib/systemd/systemd" hostname=? addr=? terminal=? res=success'
Apr 01 16:50:32 fedora systemd-resolved[960]: Using degraded feature set TCP instead of UDP for DNS server 8.8.8.8.
Apr 01 16:50:42 fedora systemd-resolved[960]: Using degraded feature set TCP instead of UDP for DNS server 8.8.4.4.
Apr 01 16:50:57 fedora systemd[1]: systemd-hostnamed.service: Deactivated successfully.
Apr 01 16:50:57 fedora audit[1]: SERVICE_STOP pid=1 uid=0 auid=4294967295 ses=4294967295 subj=system_u:system_r:init_t:s0 msg='unit=systemd-hostnamed comm="systemd" exe="/usr/lib/systemd/systemd" hostname=? addr=? terminal=? res=success'
Apr 01 16:50:57 fedora audit: BPF prog-id=114 op=UNLOAD
Apr 01 16:51:15 fedora systemd[2123]: dbus-:1.2-org.gnome.Nautilus@6.service: Consumed 9.769s CPU time, 256.1M memory peak.
Apr 01 16:51:23 fedora systemd-resolved[960]: Using degraded feature set UDP instead of TCP for DNS server 8.8.8.8.
Apr 01 16:51:49 fedora systemd-resolved[960]: Using degraded feature set UDP instead of TCP for DNS server 8.8.4.4.
Apr 01 16:51:59 fedora systemd-resolved[960]: Using degraded feature set TCP instead of UDP for DNS server 8.8.8.8.
Apr 01 16:52:13 fedora systemd[1]: Starting dnf-makecache.service - dnf5 makecache...
Apr 01 16:52:13 fedora dnf5[15793]: Updating and loading repositories:
Apr 01 16:52:20 fedora systemd-resolved[960]: Using degraded feature set UDP instead of TCP for DNS server 8.8.8.8.
Apr 01 16:52:21 fedora dnf5[15793]:  Antigravity RPM Repository             100% | 852.0   B/s |   1.4 KiB |  00m02s
Apr 01 16:52:21 fedora dnf5[15793]:  Fedora 42 - x86_64 - Updates           100% |   1.2 KiB/s |   8.2 KiB |  00m07s
Apr 01 16:52:25 fedora systemd-resolved[960]: Using degraded feature set TCP instead of UDP for DNS server 8.8.4.4.
Apr 01 16:52:41 fedora systemd-resolved[960]: Using degraded feature set TCP instead of UDP for DNS server 8.8.8.8.
Apr 01 16:52:44 fedora dnf5[15793]: Repositories loaded.
Apr 01 16:52:44 fedora dnf5[15793]: Metadata cache created.
Apr 01 16:52:44 fedora systemd[1]: dnf-makecache.service: Deactivated successfully.
Apr 01 16:52:44 fedora systemd[1]: Finished dnf-makecache.service - dnf5 makecache.
Apr 01 16:52:44 fedora audit[1]: SERVICE_START pid=1 uid=0 auid=4294967295 ses=4294967295 subj=system_u:system_r:init_t:s0 msg='unit=dnf-makecache comm="systemd" exe="/usr/lib/systemd/systemd" hostname=? addr=? terminal=? res=success'
Apr 01 16:52:44 fedora audit[1]: SERVICE_STOP pid=1 uid=0 auid=4294967295 ses=4294967295 subj=system_u:system_r:init_t:s0 msg='unit=dnf-makecache comm="systemd" exe="/usr/lib/systemd/systemd" hostname=? addr=? terminal=? res=success'
Apr 01 16:52:44 fedora systemd[1]: dnf-makecache.service: Consumed 1.000s CPU time, 260.1M memory peak.
Apr 01 16:52:51 fedora systemd-resolved[960]: Using degraded feature set UDP instead of TCP for DNS server 8.8.4.4.
Apr 01 16:53:32 fedora systemd-resolved[960]: Using degraded feature set TCP instead of UDP for DNS server 8.8.4.4.
Apr 01 16:53:48 fedora systemd-resolved[960]: Using degraded feature set UDP instead of TCP for DNS server 8.8.8.8.
Apr 01 16:53:53 fedora systemd-resolved[960]: Using degraded feature set UDP instead of TCP for DNS server 8.8.4.4.
Apr 01 16:54:18 fedora wpa_supplicant[1270]: wlo1: PMKSA-CACHE-ADDED bc:a9:93:83:7f:70 0
Apr 01 16:54:19 fedora systemd-resolved[960]: Using degraded feature set TCP instead of UDP for DNS server 8.8.8.8.
Apr 01 16:54:23 fedora wpa_supplicant[1270]: wlo1: PMKSA-CACHE-ADDED 24:f2:7f:ab:97:a0 0
Apr 01 16:54:29 fedora systemd-resolved[960]: Using degraded feature set TCP instead of UDP for DNS server 8.8.4.4.
Apr 01 16:54:48 fedora wpa_supplicant[1270]: wlo1: RSN: failed to get master session key from pre-auth EAPOL state machines
Apr 01 16:54:48 fedora wpa_supplicant[1270]: wlo1: RSN: pre-authentication with bc:a9:93:a7:73:b0 failed
Apr 01 16:55:10 fedora systemd-resolved[960]: Using degraded feature set UDP instead of TCP for DNS server 8.8.8.8.
Apr 01 16:55:12 fedora brave-browser.desktop[3169]: [3216:3320:0401/165512.464130:ERROR:components/viz/service/display/display.cc:275] Frame latency is negative: -0.128 ms
Apr 01 16:55:18 fedora wpa_supplicant[1270]: wlo1: RSN: failed to get master session key from pre-auth EAPOL state machines
Apr 01 16:55:18 fedora wpa_supplicant[1270]: wlo1: RSN: pre-authentication with bc:a9:93:83:7f:70 failed
Apr 01 16:55:31 fedora systemd-resolved[960]: Using degraded feature set TCP instead of UDP for DNS server 8.8.8.8.
Apr 01 16:55:41 fedora systemd-resolved[960]: Using degraded feature set UDP instead of TCP for DNS server 8.8.4.4.
Apr 01 16:55:48 fedora wpa_supplicant[1270]: wlo1: RSN: failed to get master session key from pre-auth EAPOL state machines
Apr 01 16:55:48 fedora wpa_supplicant[1270]: wlo1: RSN: pre-authentication with bc:a9:93:a7:73:b0 failed
Apr 01 16:56:32 fedora systemd[2123]: Started dbus-:1.2-org.gnome.Nautilus@7.service.
Apr 01 16:56:32 fedora nautilus[17720]: Connecting to org.freedesktop.Tracker3.Miner.Files
Apr 01 16:56:33 fedora systemd[2123]: Started dbus-:1.2-org.gnome.NautilusPreviewer@7.service.
Apr 01 16:56:33 fedora audit: BPF prog-id=116 op=UNLOAD
Apr 01 16:56:33 fedora audit: BPF prog-id=115 op=UNLOAD
Apr 01 16:56:33 fedora audit: BPF prog-id=117 op=LOAD
Apr 01 16:56:33 fedora audit: BPF prog-id=118 op=LOAD
Apr 01 16:56:33 fedora audit: BPF prog-id=119 op=LOAD
Apr 01 16:56:33 fedora systemd[1]: Starting systemd-hostnamed.service - Hostname Service...
Apr 01 16:56:33 fedora systemd[1]: Started systemd-hostnamed.service - Hostname Service.
Apr 01 16:56:33 fedora audit[1]: SERVICE_START pid=1 uid=0 auid=4294967295 ses=4294967295 subj=system_u:system_r:init_t:s0 msg='unit=systemd-hostnamed comm="systemd" exe="/usr/lib/systemd/systemd" hostname=? addr=? terminal=? res=success'
Apr 01 16:56:33 fedora systemd-resolved[960]: Using degraded feature set UDP instead of TCP for DNS server 8.8.8.8.
Apr 01 16:56:38 fedora systemd-resolved[960]: Using degraded feature set TCP instead of UDP for DNS server 8.8.4.4.
Apr 01 16:56:46 fedora systemd[2123]: dbus-:1.2-org.gnome.Nautilus@7.service: Consumed 1.062s CPU time, 111.9M memory peak.
Apr 01 16:57:03 fedora systemd[1]: systemd-hostnamed.service: Deactivated successfully.
Apr 01 16:57:03 fedora audit[1]: SERVICE_STOP pid=1 uid=0 auid=4294967295 ses=4294967295 subj=system_u:system_r:init_t:s0 msg='unit=systemd-hostnamed comm="systemd" exe="/usr/lib/systemd/systemd" hostname=? addr=? terminal=? res=success'
Apr 01 16:57:03 fedora audit: BPF prog-id=117 op=UNLOAD
Apr 01 16:57:14 fedora systemd-resolved[960]: Using degraded feature set TCP instead of UDP for DNS server 8.8.8.8.
Apr 01 16:57:30 fedora systemd[2123]: Started dbus-:1.2-org.gnome.Nautilus@8.service.
Apr 01 16:57:31 fedora nautilus[18221]: Connecting to org.freedesktop.Tracker3.Miner.Files
Apr 01 16:57:31 fedora systemd[2123]: Started dbus-:1.2-org.gnome.NautilusPreviewer@8.service.
Apr 01 16:57:31 fedora audit: BPF prog-id=119 op=UNLOAD
Apr 01 16:57:31 fedora audit: BPF prog-id=118 op=UNLOAD
Apr 01 16:57:31 fedora audit: BPF prog-id=120 op=LOAD
Apr 01 16:57:31 fedora audit: BPF prog-id=121 op=LOAD
Apr 01 16:57:31 fedora audit: BPF prog-id=122 op=LOAD
Apr 01 16:57:31 fedora systemd[1]: Starting systemd-hostnamed.service - Hostname Service...
Apr 01 16:57:31 fedora systemd[1]: Started systemd-hostnamed.service - Hostname Service.
Apr 01 16:57:31 fedora audit[1]: SERVICE_START pid=1 uid=0 auid=4294967295 ses=4294967295 subj=system_u:system_r:init_t:s0 msg='unit=systemd-hostnamed comm="systemd" exe="/usr/lib/systemd/systemd" hostname=? addr=? terminal=? res=success'
Apr 01 16:57:50 fedora systemd-resolved[960]: Using degraded feature set UDP instead of TCP for DNS server 8.8.4.4.
Apr 01 16:58:01 fedora systemd-resolved[960]: Using degraded feature set UDP instead of TCP for DNS server 8.8.8.8.
Apr 01 16:58:01 fedora systemd[1]: systemd-hostnamed.service: Deactivated successfully.
Apr 01 16:58:01 fedora audit[1]: SERVICE_STOP pid=1 uid=0 auid=4294967295 ses=4294967295 subj=system_u:system_r:init_t:s0 msg='unit=systemd-hostnamed comm="systemd" exe="/usr/lib/systemd/systemd" hostname=? addr=? terminal=? res=success'
Apr 01 16:58:01 fedora audit: BPF prog-id=120 op=UNLOAD
Apr 01 16:58:16 fedora systemd-resolved[960]: Using degraded feature set TCP instead of UDP for DNS server 8.8.8.8.
Apr 01 16:58:27 fedora systemd-resolved[960]: Using degraded feature set TCP instead of UDP for DNS server 8.8.4.4.
Apr 01 16:59:18 fedora systemd-resolved[960]: Using degraded feature set UDP instead of TCP for DNS server 8.8.4.4.
Apr 01 16:59:29 fedora systemd-resolved[960]: Using degraded feature set UDP instead of TCP for DNS server 8.8.8.8.
Apr 01 16:59:34 fedora systemd-resolved[960]: Using degraded feature set TCP instead of UDP for DNS server 8.8.4.4.
Apr 01 16:59:58 fedora wpa_supplicant[1270]: wlo1: RSN: failed to get master session key from pre-auth EAPOL state machines
Apr 01 16:59:58 fedora wpa_supplicant[1270]: wlo1: RSN: pre-authentication with bc:a9:93:a7:73:b0 failed
Apr 01 17:00:28 fedora wpa_supplicant[1270]: wlo1: RSN: failed to get master session key from pre-auth EAPOL state machines
Apr 01 17:00:28 fedora wpa_supplicant[1270]: wlo1: RSN: pre-authentication with bc:a9:93:a7:73:b0 failed
Apr 01 17:01:00 fedora CROND[19882]: (root) CMD (run-parts /etc/cron.hourly)
Apr 01 17:01:00 fedora run-parts[19885]: (/etc/cron.hourly) starting 0anacron
Apr 01 17:01:00 fedora run-parts[19891]: (/etc/cron.hourly) finished 0anacron
Apr 01 17:01:00 fedora CROND[19881]: (root) CMDEND (run-parts /etc/cron.hourly)
Apr 01 17:05:08 fedora wpa_supplicant[1270]: wlo1: RSN: failed to get master session key from pre-auth EAPOL state machines
Apr 01 17:05:08 fedora wpa_supplicant[1270]: wlo1: RSN: pre-authentication with bc:a9:93:a7:73:b0 failed
Apr 01 17:05:38 fedora wpa_supplicant[1270]: wlo1: RSN: failed to get master session key from pre-auth EAPOL state machines
Apr 01 17:05:38 fedora wpa_supplicant[1270]: wlo1: RSN: pre-authentication with bc:a9:93:a7:73:b0 failed
Apr 01 17:05:43 fedora systemd-resolved[960]: Using degraded feature set TCP instead of UDP for DNS server 8.8.8.8.
Apr 01 17:06:19 fedora systemd-resolved[960]: Using degraded feature set UDP instead of TCP for DNS server 8.8.4.4.
Apr 01 17:06:40 fedora systemd-resolved[960]: Using degraded feature set TCP instead of UDP for DNS server 8.8.4.4.
Apr 01 17:06:56 fedora systemd-resolved[960]: Using degraded feature set UDP instead of TCP for DNS server 8.8.8.8.
Apr 01 17:07:37 fedora systemd-resolved[960]: Using degraded feature set TCP instead of UDP for DNS server 8.8.8.8.
Apr 01 17:07:47 fedora systemd-resolved[960]: Using degraded feature set UDP instead of TCP for DNS server 8.8.4.4.
Apr 01 17:08:08 fedora systemd-resolved[960]: Using degraded feature set TCP instead of UDP for DNS server 8.8.4.4.
Apr 01 17:08:34 fedora systemd-resolved[960]: Using degraded feature set UDP instead of TCP for DNS server 8.8.4.4.
Apr 01 17:08:44 fedora systemd-resolved[960]: Using degraded feature set UDP instead of TCP for DNS server 8.8.8.8.
Apr 01 17:08:49 fedora systemd-resolved[960]: Using degraded feature set TCP instead of UDP for DNS server 8.8.4.4.
Apr 01 17:09:25 fedora systemd-resolved[960]: Using degraded feature set TCP instead of UDP for DNS server 8.8.8.8.
Apr 01 17:09:36 fedora systemd-resolved[960]: Using degraded feature set UDP instead of TCP for DNS server 8.8.4.4.
Apr 01 17:10:17 fedora systemd-resolved[960]: Using degraded feature set TCP instead of UDP for DNS server 8.8.4.4.
Apr 01 17:10:18 fedora wpa_supplicant[1270]: wlo1: RSN: failed to get master session key from pre-auth EAPOL state machines
Apr 01 17:10:18 fedora wpa_supplicant[1270]: wlo1: RSN: pre-authentication with bc:a9:93:a7:73:b0 failed
Apr 01 17:10:33 fedora systemd-resolved[960]: Using degraded feature set UDP instead of TCP for DNS server 8.8.8.8.
Apr 01 17:10:48 fedora wpa_supplicant[1270]: wlo1: RSN: failed to get master session key from pre-auth EAPOL state machines
Apr 01 17:10:48 fedora wpa_supplicant[1270]: wlo1: RSN: pre-authentication with bc:a9:93:83:7f:70 failed
Apr 01 17:11:18 fedora wpa_supplicant[1270]: wlo1: RSN: failed to get master session key from pre-auth EAPOL state machines
Apr 01 17:11:18 fedora wpa_supplicant[1270]: wlo1: RSN: pre-authentication with bc:a9:93:a7:73:b0 failed
Apr 01 17:12:26 fedora antigravity.desktop[11981]: [main 2026-04-01T11:42:26.252Z] [perf] profiling STARTED e821e6fb-e1f4-42fd-9acb-91cd37b50e67
Apr 01 17:12:31 fedora antigravity.desktop[11981]: [main 2026-04-01T11:42:31.282Z] [perf] profiling DONE e821e6fb-e1f4-42fd-9acb-91cd37b50e67
Apr 01 17:12:46 fedora antigravity.desktop[11981]: [main 2026-04-01T11:42:46.606Z] [perf] profiling STARTED e821e6fb-e1f4-42fd-9acb-91cd37b50e67
Apr 01 17:12:51 fedora antigravity.desktop[11981]: [main 2026-04-01T11:42:51.643Z] [perf] profiling DONE e821e6fb-e1f4-42fd-9acb-91cd37b50e67
Apr 01 17:13:06 fedora antigravity.desktop[11981]: [main 2026-04-01T11:43:06.964Z] [perf] profiling STARTED e821e6fb-e1f4-42fd-9acb-91cd37b50e67
Apr 01 17:13:11 fedora antigravity.desktop[11981]: [main 2026-04-01T11:43:11.994Z] [perf] profiling DONE e821e6fb-e1f4-42fd-9acb-91cd37b50e67
Apr 01 17:16:09 fedora brave-browser.desktop[3169]: [3216:3320:0401/171609.401370:ERROR:components/viz/service/display/display.cc:275] Frame latency is negative: -0.01 ms
Apr 01 17:16:42 fedora systemd-resolved[960]: Using degraded feature set TCP instead of UDP for DNS server 8.8.8.8.
Apr 01 17:16:52 fedora systemd-resolved[960]: Using degraded feature set UDP instead of TCP for DNS server 8.8.4.4.
Apr 01 17:17:33 fedora systemd-resolved[960]: Using degraded feature set TCP instead of UDP for DNS server 8.8.4.4.
Apr 01 17:17:49 fedora systemd-resolved[960]: Using degraded feature set UDP instead of TCP for DNS server 8.8.8.8.
Apr 01 17:17:54 fedora systemd-resolved[960]: Using degraded feature set UDP instead of TCP for DNS server 8.8.4.4.
Apr 01 17:18:36 fedora systemd-resolved[960]: Using degraded feature set TCP instead of UDP for DNS server 8.8.8.8.
Apr 01 17:18:46 fedora systemd-resolved[960]: Using degraded feature set TCP instead of UDP for DNS server 8.8.4.4.
Apr 01 17:19:07 fedora antigravity.desktop[11981]: [main 2026-04-01T11:49:07.745Z] [perf] profiling STARTED f0526fde-b978-4d5f-9be7-12b636c61410
Apr 01 17:19:12 fedora systemd-resolved[960]: Using degraded feature set UDP instead of TCP for DNS server 8.8.4.4.
Apr 01 17:19:12 fedora antigravity.desktop[11981]: [main 2026-04-01T11:49:12.778Z] [perf] profiling DONE f0526fde-b978-4d5f-9be7-12b636c61410
Apr 01 17:19:22 fedora systemd-resolved[960]: Using degraded feature set UDP instead of TCP for DNS server 8.8.8.8.
Apr 01 17:19:28 fedora systemd-resolved[960]: Using degraded feature set TCP instead of UDP for DNS server 8.8.4.4.
Apr 01 17:19:28 fedora antigravity.desktop[11981]: [main 2026-04-01T11:49:28.222Z] [perf] profiling STARTED f0526fde-b978-4d5f-9be7-12b636c61410
Apr 01 17:19:33 fedora antigravity.desktop[11981]: [main 2026-04-01T11:49:33.258Z] [perf] profiling DONE f0526fde-b978-4d5f-9be7-12b636c61410
Apr 01 17:19:48 fedora antigravity.desktop[11981]: [main 2026-04-01T11:49:48.581Z] [perf] profiling STARTED f0526fde-b978-4d5f-9be7-12b636c61410
Apr 01 17:19:53 fedora antigravity.desktop[11981]: [main 2026-04-01T11:49:53.617Z] [perf] profiling DONE f0526fde-b978-4d5f-9be7-12b636c61410
Apr 01 17:20:04 fedora systemd-resolved[960]: Using degraded feature set TCP instead of UDP for DNS server 8.8.8.8.
Apr 01 17:20:38 fedora wpa_supplicant[1270]: wlo1: RSN: failed to get master session key from pre-auth EAPOL state machines
Apr 01 17:20:38 fedora wpa_supplicant[1270]: wlo1: RSN: pre-authentication with bc:a9:93:a7:73:b0 failed
Apr 01 17:20:39 fedora systemd-resolved[960]: Using degraded feature set UDP instead of TCP for DNS server 8.8.4.4.
Apr 01 17:21:00 fedora systemd-resolved[960]: Using degraded feature set TCP instead of UDP for DNS server 8.8.4.4.
Apr 01 17:21:08 fedora wpa_supplicant[1270]: wlo1: RSN: failed to get master session key from pre-auth EAPOL state machines
Apr 01 17:21:08 fedora wpa_supplicant[1270]: wlo1: RSN: pre-authentication with bc:a9:93:83:7f:70 failed
Apr 01 17:21:15 fedora systemd-resolved[960]: Using degraded feature set UDP instead of TCP for DNS server 8.8.8.8.
Apr 01 17:21:21 fedora systemd-resolved[960]: Using degraded feature set UDP instead of TCP for DNS server 8.8.4.4.
Apr 01 17:21:31 fedora systemd-resolved[960]: Using degraded feature set TCP instead of UDP for DNS server 8.8.8.8.
Apr 01 17:21:38 fedora wpa_supplicant[1270]: wlo1: RSN: failed to get master session key from pre-auth EAPOL state machines
Apr 01 17:21:38 fedora wpa_supplicant[1270]: wlo1: RSN: pre-authentication with bc:a9:93:a7:73:b0 failed
Apr 01 17:21:41 fedora systemd-resolved[960]: Using degraded feature set TCP instead of UDP for DNS server 8.8.4.4.
Apr 01 17:22:07 fedora systemd-resolved[960]: Using degraded feature set UDP instead of TCP for DNS server 8.8.4.4.
Apr 01 17:22:38 fedora systemd-resolved[960]: Using degraded feature set UDP instead of TCP for DNS server 8.8.8.8.
Apr 01 17:22:44 fedora systemd-resolved[960]: Using degraded feature set TCP instead of UDP for DNS server 8.8.4.4.
Apr 01 17:23:20 fedora systemd-resolved[960]: Using degraded feature set TCP instead of UDP for DNS server 8.8.8.8.
Apr 01 17:23:56 fedora systemd-resolved[960]: Using degraded feature set UDP instead of TCP for DNS server 8.8.4.4.
Apr 01 17:24:34 fedora systemd-resolved[960]: Using degraded feature set UDP instead of TCP for DNS server 8.8.8.8.
Apr 01 17:24:39 fedora systemd-resolved[960]: Using degraded feature set TCP instead of UDP for DNS server 8.8.4.4.
Apr 01 17:25:18 fedora wpa_supplicant[1270]: wlo1: PMKSA-CACHE-ADDED a8:ba:25:77:0e:00 0
Apr 01 17:25:21 fedora brave-browser.desktop[3169]: [3216:3320:0401/172521.658413:ERROR:components/viz/service/display/display.cc:275] Frame latency is negative: -0.111 ms
Apr 01 17:25:49 fedora systemd-resolved[960]: Using degraded feature set TCP instead of UDP for DNS server 8.8.8.8.
Apr 01 17:26:00 fedora systemd-resolved[960]: Using degraded feature set UDP instead of TCP for DNS server 8.8.4.4.
Apr 01 17:26:52 fedora systemd-resolved[960]: Using degraded feature set UDP instead of TCP for DNS server 8.8.8.8.
Apr 01 17:26:57 fedora systemd-resolved[960]: Using degraded feature set TCP instead of UDP for DNS server 8.8.4.4.
Apr 01 17:27:33 fedora systemd-resolved[960]: Using degraded feature set TCP instead of UDP for DNS server 8.8.8.8.
Apr 01 17:27:59 fedora systemd-resolved[960]: Using degraded feature set UDP instead of TCP for DNS server 8.8.8.8.
Apr 01 17:28:04 fedora systemd-resolved[960]: Using degraded feature set UDP instead of TCP for DNS server 8.8.4.4.
Apr 01 17:28:14 fedora systemd-resolved[960]: Using degraded feature set TCP instead of UDP for DNS server 8.8.8.8.
Apr 01 17:28:25 fedora systemd-resolved[960]: Using degraded feature set TCP instead of UDP for DNS server 8.8.4.4.
Apr 01 17:29:00 fedora brave-browser.desktop[3169]: [3216:3320:0401/172900.288888:ERROR:components/viz/service/display/display.cc:275] Frame latency is negative: -0.242 ms
Apr 01 17:29:16 fedora systemd-resolved[960]: Using degraded feature set UDP instead of TCP for DNS server 8.8.4.4.
Apr 01 17:29:27 fedora systemd-resolved[960]: Using degraded feature set UDP instead of TCP for DNS server 8.8.8.8.
Apr 01 17:29:32 fedora systemd-resolved[960]: Using degraded feature set TCP instead of UDP for DNS server 8.8.4.4.
Apr 01 17:29:52 fedora systemd-resolved[960]: Using degraded feature set UDP instead of TCP for DNS server 8.8.4.4.
Apr 01 17:30:03 fedora systemd-resolved[960]: Using degraded feature set TCP instead of UDP for DNS server 8.8.8.8.
Apr 01 17:30:13 fedora systemd-resolved[960]: Using degraded feature set TCP instead of UDP for DNS server 8.8.4.4.
Apr 01 17:30:28 fedora systemd-resolved[960]: Using degraded feature set UDP instead of TCP for DNS server 8.8.8.8.
Apr 01 17:30:33 fedora systemd-resolved[960]: Using degraded feature set UDP instead of TCP for DNS server 8.8.4.4.
Apr 01 17:30:38 fedora brave-browser.desktop[3169]: [3216:3320:0401/173038.342326:ERROR:components/viz/service/display/display.cc:275] Frame latency is negative: -0.096 ms
Apr 01 17:30:44 fedora systemd-resolved[960]: Using degraded feature set TCP instead of UDP for DNS server 8.8.8.8.
Apr 01 17:30:54 fedora systemd-resolved[960]: Using degraded feature set TCP instead of UDP for DNS server 8.8.4.4.
Apr 01 17:30:58 fedora wpa_supplicant[1270]: wlo1: RSN: failed to get master session key from pre-auth EAPOL state machines
Apr 01 17:30:58 fedora wpa_supplicant[1270]: wlo1: RSN: pre-authentication with bc:a9:93:a7:73:b0 failed
Apr 01 17:31:13 fedora gnome-shell[2305]: Object Gjs_ui_messageTray_Notification (0x55a7124b0220), has been already disposed — impossible to emit any signal on it. This might be caused by the object having been destroyed from C code using something such as destroy(), dispose(), or remove() vfuncs.
                                          == Stack trace for context 0x55a70d9c2b80 ==
                                          #0   55a70dab8ee8 i   resource:///org/gnome/shell/ui/messageTray.js:484 (396482643b50 @ 74)
                                          #1   55a70dab8e40 i   resource:///org/gnome/shell/ui/messageTray.js:480 (396482643b00 @ 63)
                                          #2   55a70dab8db8 i   resource:///org/gnome/shell/ui/messageList.js:735 (3964826505b0 @ 33)
                                          #3   55a70dab8d28 i   resource:///org/gnome/shell/ui/init.js:21 (32a19727ea60 @ 48)
Apr 01 17:31:13 fedora gnome-shell[2305]: Object Gjs_ui_messageTray_Notification (0x55a7124b0220), has been already disposed — impossible to access it. This might be caused by the object having been destroyed from C code using something such as destroy(), dispose(), or remove() vfuncs.
                                          == Stack trace for context 0x55a70d9c2b80 ==
                                          #0   55a70dab8ee8 i   resource:///org/gnome/shell/ui/messageTray.js:490 (396482643b50 @ 148)
                                          #1   55a70dab8e40 i   resource:///org/gnome/shell/ui/messageTray.js:480 (396482643b00 @ 63)
                                          #2   55a70dab8db8 i   resource:///org/gnome/shell/ui/messageList.js:735 (3964826505b0 @ 33)
                                          #3   55a70dab8d28 i   resource:///org/gnome/shell/ui/init.js:21 (32a19727ea60 @ 48)
Apr 01 17:31:20 fedora systemd-resolved[960]: Using degraded feature set UDP instead of TCP for DNS server 8.8.4.4.
Apr 01 17:31:28 fedora wpa_supplicant[1270]: wlo1: RSN: failed to get master session key from pre-auth EAPOL state machines
Apr 01 17:31:28 fedora wpa_supplicant[1270]: wlo1: RSN: pre-authentication with bc:a9:93:83:7f:70 failed
Apr 01 17:31:41 fedora systemd-resolved[960]: Using degraded feature set TCP instead of UDP for DNS server 8.8.4.4.
Apr 01 17:31:56 fedora systemd-resolved[960]: Using degraded feature set UDP instead of TCP for DNS server 8.8.8.8.
Apr 01 17:31:58 fedora wpa_supplicant[1270]: wlo1: RSN: failed to get master session key from pre-auth EAPOL state machines
Apr 01 17:31:58 fedora wpa_supplicant[1270]: wlo1: RSN: pre-authentication with bc:a9:93:a7:73:b0 failed
Apr 01 17:32:02 fedora cupsd[1286]: REQUEST localhost - - "POST / HTTP/1.1" 200 184 Renew-Subscription successful-ok
Apr 01 17:32:16 fedora brave-browser.desktop[3169]: [3216:3320:0401/173216.382227:ERROR:components/viz/service/display/display.cc:275] Frame latency is negative: -0.025 ms
Apr 01 17:32:17 fedora systemd-resolved[960]: Using degraded feature set TCP instead of UDP for DNS server 8.8.8.8.
Apr 01 17:32:27 fedora systemd-resolved[960]: Using degraded feature set UDP instead of TCP for DNS server 8.8.4.4.
Apr 01 17:32:48 fedora systemd-resolved[960]: Using degraded feature set TCP instead of UDP for DNS server 8.8.4.4.
Apr 01 17:33:03 fedora systemd-resolved[960]: Using degraded feature set UDP instead of TCP for DNS server 8.8.8.8.
Apr 01 17:33:24 fedora systemd-resolved[960]: Using degraded feature set TCP instead of UDP for DNS server 8.8.8.8.
Apr 01 17:33:59 fedora systemd-resolved[960]: Using degraded feature set UDP instead of TCP for DNS server 8.8.4.4.
Apr 01 17:34:09 fedora systemd-resolved[960]: Using degraded feature set UDP instead of TCP for DNS server 8.8.8.8.
Apr 01 17:34:14 fedora systemd-resolved[960]: Using degraded feature set TCP instead of UDP for DNS server 8.8.4.4.
Apr 01 17:34:30 fedora systemd-resolved[960]: Using degraded feature set TCP instead of UDP for DNS server 8.8.8.8.
Apr 01 17:35:32 fedora systemd-resolved[960]: Using degraded feature set UDP instead of TCP for DNS server 8.8.4.4.
Apr 01 17:35:42 fedora systemd-resolved[960]: Using degraded feature set UDP instead of TCP for DNS server 8.8.8.8.
Apr 01 17:35:47 fedora systemd-resolved[960]: Using degraded feature set TCP instead of UDP for DNS server 8.8.4.4.
Apr 01 17:36:02 fedora systemd-resolved[960]: Using degraded feature set TCP instead of UDP for DNS server 8.8.8.8.
Apr 01 17:36:08 fedora wpa_supplicant[1270]: wlo1: RSN: failed to get master session key from pre-auth EAPOL state machines
Apr 01 17:36:08 fedora wpa_supplicant[1270]: wlo1: RSN: pre-authentication with bc:a9:93:a7:73:b0 failed
Apr 01 17:36:25 fedora gnome-shell[2305]: meta_window_set_stack_position_no_sync: assertion 'window->stack_position >= 0' failed
Apr 01 17:36:25 fedora gnome-shell[2305]: meta_window_set_stack_position_no_sync: assertion 'window->stack_position >= 0' failed
Apr 01 17:36:26 fedora systemd[2123]: Started kitty-3754-1.scope - kitty child process: 40678 launched by: 3754.
Apr 01 17:36:27 fedora gnome-shell[2305]: meta_window_set_stack_position_no_sync: assertion 'window->stack_position >= 0' failed
Apr 01 17:36:27 fedora gnome-shell[2305]: meta_window_set_stack_position_no_sync: assertion 'window->stack_position >= 0' failed
Apr 01 17:36:38 fedora wpa_supplicant[1270]: wlo1: RSN: failed to get master session key from pre-auth EAPOL state machines
Apr 01 17:36:38 fedora wpa_supplicant[1270]: wlo1: RSN: pre-authentication with bc:a9:93:a7:73:b0 failed
